period,n_rows,n_keys,n_quarantined,n_monthly,n_quarterly,n_flash,n_portal,sector,state,agency,original_cost_cr,anticipated_cost_cr,expenditure_cr,physical_progress_pct,scheduled_completion,anticipated_completion
2005-04-01,325,325,0,325,0,0,0,1.0,0.0,0.17846153846153845,1.0,1.0,0.9353846153846154,0.0,0.7630769230769231,0.7446153846153846
2005-07-01,361,361,3,361,0,0,0,1.0,0.0,0.16897506925207756,1.0,1.0,0.8919667590027701,0.0,0.775623268698061,0.7534626038781164
2005-10-01,397,397,6,397,0,0,0,1.0,0.0,0.1486146095717884,1.0,1.0,0.9168765743073047,0.0,0.7959697732997482,0.760705289672544
2006-01-01,400,400,6,400,0,0,0,1.0,0.0,0.1275,1.0,1.0,0.9175,0.0,0.8,0.7375
2006-04-01,453,453,6,453,0,0,0,1.0,0.0,0.11258278145695365,1.0,1.0,0.9116997792494481,0.0,0.8233995584988962,0.8057395143487859
2006-07-01,473,473,8,473,0,0,0,1.0,0.0,0.1014799154334038,1.0,1.0,0.9365750528541226,0.0,0.8245243128964059,0.8160676532769556
2006-10-01,478,478,9,478,0,0,0,1.0,0.0,0.08577405857740586,1.0,1.0,0.9309623430962343,0.0,0.8284518828451883,0.8305439330543933
2007-01-01,489,489,9,489,0,0,0,1.0,0.0,0.07975460122699386,1.0,1.0,0.9427402862985685,0.0,0.8343558282208589,0.8302658486707567
2007-04-01,497,497,12,497,0,0,0,1.0,0.0,0.06438631790744467,1.0,1.0,0.959758551307847,0.0,0.8370221327967807,0.8189134808853119
2007-07-01,499,499,8,499,0,0,0,1.0,0.0,0.052104208416833664,1.0,1.0,0.9378757515030061,0.0,0.8416833667334669,0.8276553106212425
2007-10-01,520,520,12,520,0,0,0,1.0,0.0,0.04230769230769231,1.0,1.0,0.9576923076923077,0.0,0.8403846153846154,0.8461538461538461
2008-01-01,516,516,12,516,0,0,0,1.0,0.0,0.025193798449612403,1.0,1.0,0.9573643410852714,0.0,0.8391472868217055,0.8468992248062015
2008-04-01,523,523,16,523,0,0,0,1.0,0.0,0.02676864244741874,1.0,1.0,0.9617590822179732,0.0,0.8432122370936902,0.8374760994263862
2008-07-01,520,520,16,520,0,0,0,1.0,0.0,0.025,1.0,1.0,0.9730769230769231,0.0,0.8423076923076923,0.8346153846153846
2008-10-01,536,536,17,536,0,0,0,1.0,0.0,0.024253731343283583,1.0,1.0,0.9645522388059702,0.0,0.8488805970149254,0.8097014925373134
2009-01-01,787,787,8,787,0,0,0,1.0,0.0,0.07496823379923762,1.0,1.0,0.974587039390089,0.0,0.8424396442185514,0.8627700127064803
2009-04-01,591,591,12,591,0,0,0,1.0,0.0,0.018612521150592216,1.0,1.0,0.9543147208121827,0.0,0.8494077834179357,0.8781725888324873
2009-07-01,821,821,12,821,0,0,0,1.0,0.0,0.06455542021924482,1.0,1.0,0.9658952496954933,0.0,0.8501827040194885,0.8915956151035322
2009-10-01,416,416,13,416,0,0,0,1.0,0.0,0.11778846153846154,1.0,1.0,0.9543269230769231,0.0,0.9038461538461539,0.9302884615384616
2010-01-01,462,462,14,462,0,0,0,1.0,0.0,0.10173160173160173,1.0,1.0,0.9047619047619048,0.0,0.9004329004329005,0.9199134199134199
2010-04-01,443,443,8,443,0,0,0,1.0,0.0,0.013544018058690745,0.9977426636568849,1.0,0.90744920993228,0.0,0.8826185101580135,0.9322799097065463
2010-07-01,461,461,10,461,0,0,0,1.0,0.9848156182212582,0.9978308026030369,0.9978308026030369,0.9978308026030369,0.9219088937093276,0.0,0.8806941431670282,0.9045553145336226
2010-10-01,491,491,17,491,0,0,0,1.0,0.9226069246435845,0.9979633401221996,1.0,1.0,0.9205702647657841,0.0,0.8737270875763747,0.8757637474541752
2011-01-01,526,526,21,526,0,0,0,1.0,0.870722433460076,0.9961977186311787,1.0,1.0,0.935361216730038,0.0,0.8973384030418251,0.844106463878327
2011-04-01,471,471,13,471,0,0,0,1.0,0.9830148619957537,0.9978768577494692,1.0,1.0,0.9002123142250531,0.0,0.8895966029723992,0.940552016985138
2011-07-01,488,488,19,488,0,0,0,1.0,0.9528688524590164,1.0,1.0,1.0,0.8668032786885246,0.0,0.8913934426229508,0.875
2011-10-01,509,509,23,509,0,0,0,1.0,0.9410609037328095,1.0,1.0,1.0,0.8781925343811395,0.0,0.8939096267190569,0.8722986247544204
2012-01-01,530,530,24,530,0,0,0,1.0,0.8867924528301887,1.0,1.0,1.0,0.8943396226415095,0.0,0.9320754716981132,0.8603773584905661
2012-04-01,483,483,7,483,0,0,0,1.0,0.9875776397515528,1.0,1.0,1.0,0.9233954451345756,0.0,0.917184265010352,0.9730848861283644
2012-07-01,502,502,13,502,0,0,0,1.0,0.954183266932271,0.99800796812749,1.0,1.0,0.9083665338645418,0.0,0.9203187250996016,0.9302788844621513
2012-10-01,514,514,13,514,0,0,0,1.0,0.943579766536965,0.9961089494163424,1.0,1.0,0.9182879377431906,0.0,0.9202334630350194,0.9066147859922179
2013-01-01,531,531,18,531,0,0,0,1.0,0.928436911487759,1.0,1.0,1.0,0.9227871939736346,0.0,0.9322033898305084,0.8907721280602636
2013-04-01,497,497,6,497,0,0,0,1.0,1.0,1.0,1.0,1.0,0.93158953722334,0.0,0.9195171026156942,0.9416498993963782
2013-07-01,663,663,10,663,0,0,0,1.0,0.995475113122172,1.0,1.0,1.0,0.8974358974358975,0.0,0.722473604826546,0.7481146304675717
2013-10-01,669,669,15,669,0,0,0,1.0,0.9910313901345291,0.9955156950672646,1.0,1.0,0.9073243647234679,0.0,0.7144992526158446,0.7428998505231689
2014-01-01,668,668,18,668,0,0,0,1.0,0.9715568862275449,1.0,1.0,1.0,0.8952095808383234,0.0,0.7200598802395209,0.6437125748502994
2014-04-01,672,672,32,9,663,0,0,1.0,0.9985119047619048,1.0,1.0,1.0,0.9940476190476191,0.6339285714285714,0.7023809523809523,0.7247023809523809
2014-07-01,707,707,21,2,705,0,0,1.0,0.9985855728429985,1.0,1.0,1.0,0.9929278642149929,0.6237623762376238,0.7227722772277227,0.7298444130127298
2014-10-01,728,728,26,3,725,0,0,1.0,0.9986263736263736,1.0,1.0,1.0,0.9958791208791209,0.6263736263736264,0.7321428571428571,0.717032967032967
2015-01-01,739,739,16,2,737,0,0,1.0,1.0,1.0,1.0,1.0,0.9972936400541272,0.5331529093369418,0.7307171853856563,0.7009472259810555
2015-04-01,723,723,9,1,722,0,0,1.0,0.9986168741355463,0.9986168741355463,1.0,1.0,0.9654218533886584,0.65283540802213,0.719225449515906,0.7164591977869986
2015-07-01,745,745,9,2,743,0,0,1.0,0.9986577181208054,0.9986577181208054,1.0,1.0,0.938255033557047,0.5073825503355704,0.7221476510067114,0.6053691275167785
2015-10-01,1037,1037,27,1,1036,0,0,1.0,1.0,1.0,1.0,1.0,0.9836065573770492,0.4165863066538091,0.7174541947926711,0.6885245901639344
2016-01-01,1059,1059,37,2,1057,0,0,1.0,0.9990557129367328,0.9990557129367328,1.0,1.0,0.947119924457035,0.6392823418319169,0.7233238904627006,0.663833805476865
2016-04-01,1101,1101,10,0,1101,0,0,1.0,1.0,1.0,1.0,1.0,0.9445958219800181,0.7048138056312443,0.6766575840145322,0.6303360581289736
2016-07-01,1190,1190,9,0,1190,0,0,1.0,0.9991596638655462,1.0,1.0,1.0,0.9470588235294117,0.6915966386554622,0.6781512605042017,0.6512605042016807
2016-10-01,1211,1211,9,0,1211,0,0,1.0,1.0,1.0,1.0,1.0,0.9587118084227911,0.7324525185796862,0.6878612716763006,0.6961189099917423
2017-01-01,1272,1272,8,0,1272,0,0,1.0,1.0,1.0,1.0,1.0,0.9544025157232704,0.6572327044025157,0.7028301886792453,0.7044025157232704
2017-04-01,1208,1208,8,0,1208,0,0,1.0,1.0,1.0,1.0,1.0,0.8625827814569537,0.478476821192053,0.6912251655629139,0.7210264900662252
2017-07-01,1244,1244,7,0,1244,0,0,1.0,1.0,1.0,1.0,1.0,0.8705787781350482,0.655144694533762,0.6977491961414791,0.6953376205787781
2017-10-01,1291,1291,7,0,1291,0,0,1.0,1.0,0.9992254066615027,1.0,1.0,0.8466305189775368,0.6661502711076684,0.6979085979860573,0.7041053446940356
2018-01-01,1350,1350,8,0,1350,0,0,1.0,1.0,1.0,1.0,1.0,0.8585185185185186,0.6644444444444444,0.7837037037037037,0.6066666666666667
2021-04-01,1753,1753,10,0,1753,0,0,1.0,0.9880205362236166,0.9965772960638904,1.0,1.0,0.9845978322875071,0.9600684540787222,0.8254420992584142,0.558471192241871
2021-07-01,1849,1849,14,0,1849,0,0,1.0,0.9967550027041644,1.0,1.0,1.0,0.9967550027041644,0.971335857220119,0.8355868036776636,0.6127636560302866
2021-10-01,1671,1671,4,0,1671,0,0,1.0,1.0,1.0,1.0,1.0,1.0,0.9940155595451825,0.8330341113105925,0.6606822262118492
2022-01-01,1895,1895,12,0,1895,0,0,1.0,0.9941952506596307,0.9989445910290238,1.0,1.0,0.9952506596306069,0.8891820580474934,0.8453825857519789,0.7118733509234828
2022-04-01,1668,1668,3,0,1668,0,0,1.0,0.9910071942446043,0.999400479616307,1.0,1.0,0.9916067146282974,0.9838129496402878,0.8369304556354916,0.8974820143884892
2022-07-01,1632,1632,2,0,1632,0,0,1.0,0.9908088235294118,0.9987745098039216,1.0,1.0,0.9920343137254902,0.9356617647058824,0.8639705882352942,0.8982843137254902
2022-10-01,1697,1697,2,0,1697,0,0,1.0,0.9658220388921627,0.990571596935769,1.0,1.0,0.9705362404242781,0.8609310548025928,0.9281084266352386,0.8927519151443725
2023-01-01,1798,1798,5,0,1798,0,0,1.0,0.9755283648498332,0.9994438264738599,1.0,1.0,0.9760845383759733,0.8320355951056729,0.9349276974416018,0.8676307007786429
2023-04-01,1763,1763,9,0,1763,0,0,1.0,0.9778786159954623,0.9994327850255247,1.0,1.0,0.9784458309699376,0.9744753261486103,0.9648326715825298,0.9937606352807714
2023-07-01,1787,1787,2,0,1787,0,0,1.0,0.6480134303301622,0.6480134303301622,1.0,1.0,0.782876329043089,0.0,0.9904868494683827,0.9949636261891438
2023-10-01,1869,1869,2,0,1869,0,0,1.0,0.6334938469769931,0.6334938469769931,1.0,1.0,0.8057784911717496,0.0,0.976457998929909,0.9962546816479401
2024-01-01,1928,1928,1,0,1928,0,0,1.0,0.6281120331950207,0.6929460580912863,1.0,1.0,0.7769709543568465,0.0,0.9808091286307054,0.9974066390041494
2024-04-01,1909,1909,3,0,1909,0,0,1.0,1.0,1.0,1.0,1.0,1.0,0.9994761655316919,0.9832372970141435,0.997904662126768
2024-07-01,1838,1838,5,0,1838,0,0,1.0,1.0,1.0,1.0,1.0,1.0,0.998911860718172,0.9836779107725789,0.9951033732317737
2024-10-01,1834,1834,6,0,1834,0,0,1.0,1.0,1.0,1.0,1.0,1.0,1.0,0.9836423118865867,0.9912758996728462
2025-01-01,1753,1753,3,0,1753,0,0,1.0,1.0,1.0,1.0,1.0,0.9537934968625214,1.0,0.9857387335995437,0.9948659440958357
2025-04-01,1715,1715,17,0,91,1624,0,1.0,1.0,1.0,1.0,1.0,0.9965014577259476,0.9994169096209913,0.9935860058309038,0.9947521865889213
2025-07-01,799,799,23,0,0,799,0,1.0,1.0,1.0,1.0,1.0,1.0,1.0,1.0,0.6733416770963705
2025-10-01,1426,1426,6,0,0,1426,0,1.0,1.0,1.0,1.0,1.0,1.0,0.9915848527349228,1.0,0.6276297335203366
2026-01-01,1974,1974,15,0,0,1974,0,1.0,1.0,1.0,1.0,1.0,0.9979736575481256,0.9964539007092199,1.0,0.8221884498480243
2026-04-01,2034,2034,20,0,0,2034,0,1.0,1.0,1.0,1.0,1.0,1.0,0.995575221238938,0.9945919370698132,0.8446411012782694
2026-07-01,1788,1788,10,0,0,1788,0,1.0,1.0,1.0,1.0,1.0,1.0,0.9860178970917226,0.993847874720358,0.8059284116331096
