report_month,fiscal_year,source_file,status,n_annexure_rows,n_detail_rows,notes
2015-04,2015-16,Performance Monitoring/2015-16/CompleteReviewReportApril2015.pdf,partial,42,1448,"report_partial; skipped 1/33 detail tables: p6 'HIGHLIGHTS': fewer than 2 body columns | Areas of concern / Noteworthy performance tables not extracted (derived from Annexure-A, free-form cells)"
2015-05,2015-16,Performance Monitoring/2015-16/CompleteReviewReportMay2015.pdf,ok,84,2975,"Annexure-A title period 'April 2014 & April 2015' does not match 2015-05 (column headers used) | p8 'HIGHLIGHTS (April - May 2015)': label lines without values ['ii) Coastal shipment of Coal (MT)'] | p14 'Table - 11: Nuclear Power Generation - April-May 2': 1/14 printed % variations differ from computed (kept as printed, dq_note printed_pct_mismatch) | p15 'Table - 13: Region-wise Hydro Power Generation - M': 1/12 printed % variations differ from computed (kept as printed, dq_note printed_pct_mismatch) | p16 continuation of 'Table - 16: Region-wise Power Generation through R': 1 rows parsed | p30 'Table - 43: Production of Natural Gas - May 2015': 2/28 printed % variations differ from computed (kept as printed, dq_note printed_pct_mismatch) | Areas of concern / Noteworthy performance tables not extracted (derived from Annexure-A, free-form cells)"
2015-06,2015-16,Performance Monitoring/2015-16/CompleteReviewReportJune2015.pdf,ok,84,3000,"Areas of concern / Noteworthy performance tables not extracted (derived from Annexure-A, free-form cells)"
2015-07,2015-16,Performance Monitoring/2015-16/CompleteReviewReportJuly2015.pdf,ok,84,3164,"Areas of concern / Noteworthy performance tables not extracted (derived from Annexure-A, free-form cells)"
2015-08,2015-16,Performance Monitoring/2015-16/CompleteReviewReportAugust2015.pdf,ok,84,3193,"p8 'HIGHLIGHTS Monthly Trend of Growth Achieved during': dropped stray unlabelled cells [{5: '19.64'}] | Areas of concern / Noteworthy performance tables not extracted (derived from Annexure-A, free-form cells)"
2015-09,2015-16,Performance Monitoring/2015-16/CompleteReviewReportSeptember2015.pdf,ok,84,3151,"p8 'HIGHLIGHTS Monthly Trend of Growth Achieved during': dropped stray unlabelled cells [{6: '19.64'}] | p34 'Table - 48: Performance of State PWD and BRO durin': 1/14 printed % variations differ from computed (kept as printed, dq_note printed_pct_mismatch) | p35 continuation of 'Table - 48: Performance of State PWD and BRO durin': 1/1 printed % variations differ from computed (kept as printed, dq_note printed_pct_mismatch) | p35 continuation of 'Table - 48: Performance of State PWD and BRO durin': 1 rows parsed | Areas of concern / Noteworthy performance tables not extracted (derived from Annexure-A, free-form cells)"
2015-10,2015-16,Performance Monitoring/2015-16/CompleteReviewReportOctober2015.pdf,ok,84,3165,"p8 'HIGHLIGHTS Monthly Trend of Growth Achieved during': dropped stray unlabelled cells [{6: '19.64'}] | p19 'Table - 22: Company-wise Coking Coal Production - ': 2/16 printed % variations differ from computed (kept as printed, dq_note printed_pct_mismatch) | Areas of concern / Noteworthy performance tables not extracted (derived from Annexure-A, free-form cells)"
2015-11,2015-16,,missing,0,0,no performance review report in the source folder
2015-12,2015-16,Performance Monitoring/2015-16/CompleteReviewReportDecember2015.pdf,ok,84,3153,"p21 'Table - 28: Company-wise Coal despatches - April-D': 2/24 printed % variations differ from computed (kept as printed, dq_note printed_pct_mismatch) | Areas of concern / Noteworthy performance tables not extracted (derived from Annexure-A, free-form cells)"
2016-01,2015-16,Performance Monitoring/2015-16/CompleteReviewReportJanuary2016.pdf,ok,84,3150,"p19 'Table - 22: Company-wise Coking Coal Production - ': 1/16 printed % variations differ from computed (kept as printed, dq_note printed_pct_mismatch) | Areas of concern / Noteworthy performance tables not extracted (derived from Annexure-A, free-form cells)"
2016-02,2015-16,Performance Monitoring/2015-16/CompleteReviewReportFebruary2016.pdf,ok,84,3152,"p32 'Table - 48: Performance of State PWD and BRO durin': 1/15 printed % variations differ from computed (kept as printed, dq_note printed_pct_mismatch) | Areas of concern / Noteworthy performance tables not extracted (derived from Annexure-A, free-form cells)"
2016-03,2015-16,Performance Monitoring/2015-16/CompleteReviewReportMarch2016.pdf,ok,84,3149,"p19 'Table - 22: Company-wise Coking Coal Production - ': 4/16 printed % variations differ from computed (kept as printed, dq_note printed_pct_mismatch) | p20 'Table - 24: Washed Coal Production - April 2015 - ': 1/8 printed % variations differ from computed (kept as printed, dq_note printed_pct_mismatch) | Areas of concern / Noteworthy performance tables not extracted (derived from Annexure-A, free-form cells)"
2016-04,2016-17,Performance Monitoring/2016-17/CompleteReviewReportApril2016.pdf,ok,42,1584,"p21 'Table - 26: Performance of State PWD and BRO durin': 1/13 printed % variations differ from computed (kept as printed, dq_note printed_pct_mismatch) | Roads: source footnote says 2016-03 data reprinted as 2016-04; 52 rows flagged (source_says_previous_month_data:2016-03) | Areas of concern / Noteworthy performance tables not extracted (derived from Annexure-A, free-form cells)"
2016-05,2016-17,Performance Monitoring/2016-17/CompleteReviewReportMay2016.pdf,partial,84,2924,"report_partial; p19 'Table - 22: Company-wise Coking Coal Production - ': 1/9 printed % variations differ from computed (kept as printed, dq_note printed_pct_mismatch) | p25 'Table - 35: Fertilizer Production - April - May 20': 1/18 printed % variations differ from computed (kept as printed, dq_note printed_pct_mismatch) | p38 'Table - 60: Performance of Telecommunication Secto': dropped rows repeating an earlier (group, label) - group heading missing in source: ['a) Public Sector', 'b) Private Sector', 'Total'] | Areas of concern / Noteworthy performance tables not extracted (derived from Annexure-A, free-form cells)"
2016-06,2016-17,Performance Monitoring/2016-17/CompleteReviewReportJune2016.pdf,ok,84,2917,"p16 'Table - 6: Sector-wise cumulative thermal Generati': 2/8 printed % variations differ from computed (kept as printed, dq_note printed_pct_mismatch) | p33 'Table - 44: Production of Natural Gas - April-June': 2/28 printed % variations differ from computed (kept as printed, dq_note printed_pct_mismatch) | Areas of concern / Noteworthy performance tables not extracted (derived from Annexure-A, free-form cells)"
2016-07,2016-17,Performance Monitoring/2016-17/CompleteReviewReportJuly2016.pdf,ok,84,3056,"Areas of concern / Noteworthy performance tables not extracted (derived from Annexure-A, free-form cells)"
2016-08,2016-17,Performance Monitoring/2016-17/CompleteReviewReportAugust2016.pdf,ok,84,3067,"Areas of concern / Noteworthy performance tables not extracted (derived from Annexure-A, free-form cells)"
2016-09,2016-17,Performance Monitoring/2016-17/CompleteReviewReportSeptember2016.pdf,ok,84,3049,"Areas of concern / Noteworthy performance tables not extracted (derived from Annexure-A, free-form cells)"
2016-10,2016-17,Performance Monitoring/2016-17/CompleteReviewReportOctober2016.pdf,ok,84,3060,"Areas of concern / Noteworthy performance tables not extracted (derived from Annexure-A, free-form cells)"
2016-11,2016-17,Performance Monitoring/2016-17/CompleteReviewReportNovember2016.pdf,ok,84,3069,"p36 'Table - 50: Revenue earning freight traffic - Apri': 3/22 printed % variations differ from computed (kept as printed, dq_note printed_pct_mismatch) | Areas of concern / Noteworthy performance tables not extracted (derived from Annexure-A, free-form cells)"
2016-12,2016-17,Performance Monitoring/2016-17/CompleteReviewReportDecember2016.pdf,partial,84,3080,"report_partial; p25 'Table - 28: Company-wise Coal despatches - April-D': 1/24 printed % variations differ from computed (kept as printed, dq_note printed_pct_mismatch) | p34 'Table - 44: Production of Natural Gas - April-Dece': dropped ambiguous cells (decimal point missing in text layer) [{1: '34118 90', 2: '25152 31', 3: '23885 34', 4: '24697 14', 5: '5 04', 6: '3 29'}] | p38 'Table - 52: Cargo handled at major ports - April-D': dropped ambiguous cells (decimal point missing in text layer) [{6: '7 55'}] | Areas of concern / Noteworthy performance tables not extracted (derived from Annexure-A, free-form cells)"
2017-01,2016-17,Performance Monitoring/2016-17/CompleteReviewReportJanuary2017.pdf,ok,84,3094,"Areas of concern / Noteworthy performance tables not extracted (derived from Annexure-A, free-form cells)"
2017-02,2016-17,Performance Monitoring/2016-17/CompleteReviewReportFebruary2017.pdf,ok,84,3075,"p25 'Table - 28: Company-wise Coal despatches - April 2': 1/24 printed % variations differ from computed (kept as printed, dq_note printed_pct_mismatch) | Areas of concern / Noteworthy performance tables not extracted (derived from Annexure-A, free-form cells)"
2017-03,2016-17,Performance Monitoring/2016-17/CompleteReviewReportMarch2017.pdf,ok,84,3075,"p23 'Table - 22: Company-wise Coking Coal Production - ': 2/15 printed % variations differ from computed (kept as printed, dq_note printed_pct_mismatch) | Areas of concern / Noteworthy performance tables not extracted (derived from Annexure-A, free-form cells)"
2017-04,2017-18,Performance Monitoring/2017-18/CompleteReviewReportApril2017.pdf,ok,42,1613,"Areas of concern / Noteworthy performance tables not extracted (derived from Annexure-A, free-form cells)"
2017-05,2017-18,Performance Monitoring/2017-18/CompleteReviewReportMay2017.pdf,ok,84,2950,"p22 'Table - 20: Company-wise Coal Production - April-M': 3/23 printed % variations differ from computed (kept as printed, dq_note printed_pct_mismatch) | Areas of concern / Noteworthy performance tables not extracted (derived from Annexure-A, free-form cells)"
2017-06,2017-18,Performance Monitoring/2017-18/CompleteReviewReportJune2017.pdf,ok,84,2956,"p24 'Table - 26: Coking Coal despatch to steel plants -': 3/6 printed % variations differ from computed (kept as printed, dq_note printed_pct_mismatch) | p34 'Table - 44: Production of Natural Gas - April-June': 2/28 printed % variations differ from computed (kept as printed, dq_note printed_pct_mismatch) | Areas of concern / Noteworthy performance tables not extracted (derived from Annexure-A, free-form cells)"
2017-07,2017-18,Performance Monitoring/2017-18/CompleteReviewReportJuly2017.pdf,ok,84,2967,"p25 'Table - 28: Company-wise Coal despatches - April-J': 8/23 printed % variations differ from computed (kept as printed, dq_note printed_pct_mismatch) | p31 'Table - 38: Production of Crude Oil - April-July 2': 1/22 printed % variations differ from computed (kept as printed, dq_note printed_pct_mismatch) | Areas of concern / Noteworthy performance tables not extracted (derived from Annexure-A, free-form cells)"
2017-08,2017-18,Performance Monitoring/2017-18/CompleteReviewReportAugust2017.pdf,ok,84,2956,"p23 'Table - 22: Company-wise Coking Coal Production - ': 1/9 printed % variations differ from computed (kept as printed, dq_note printed_pct_mismatch) | p31 'Table - 38: Production of Crude Oil - April-August': 1/22 printed % variations differ from computed (kept as printed, dq_note printed_pct_mismatch) | p34 'Table - 44: Production of Natural Gas - April-Augu': 2/28 printed % variations differ from computed (kept as printed, dq_note printed_pct_mismatch) | Areas of concern / Noteworthy performance tables not extracted (derived from Annexure-A, free-form cells)"
2017-09,2017-18,,missing,0,0,no performance review report in the source folder
2017-10,2017-18,Performance Monitoring/2017-18/CompleteReviewReportOct2017.pdf,ok,84,3037,"p12 'HIGHLIGHTS Growth Achieved during the period April': dropped stray unlabelled cells [{6: '19.64'}] | p23 'Table - 22: Company-wise Coking Coal Production - ': 7/15 printed % variations differ from computed (kept as printed, dq_note printed_pct_mismatch) | Areas of concern / Noteworthy performance tables not extracted (derived from Annexure-A, free-form cells)"
2017-11,2017-18,Performance Monitoring/2017-18/CompleteReviewReportNov2017.pdf,ok,84,3051,"Areas of concern / Noteworthy performance tables not extracted (derived from Annexure-A, free-form cells)"
2017-12,2017-18,Performance Monitoring/2017-18/CompleteReviewReportDec2017.pdf,ok,84,3038,"p36 'Table - 37: Production of Crude Oil - December 201': 1/22 printed % variations differ from computed (kept as printed, dq_note printed_pct_mismatch) | Areas of concern / Noteworthy performance tables not extracted (derived from Annexure-A, free-form cells)"
2018-01,2017-18,Performance Monitoring/2017-18/CompleteReviewReportJan2018.pdf,ok,84,3031,"p28 'Table - 22: Company-wise Coking Coal Production - ': 2/15 printed % variations differ from computed (kept as printed, dq_note printed_pct_mismatch) | p36 continuation of 'Table - 39: Refinery Production - January 2018': 6 rows parsed | p38 continuation of 'Table - 42: Refinery Capacity Utilisation - April,': 19 rows parsed | p39 'Table - 44: Production of Natural Gas - April,2017': 4/28 printed % variations differ from computed (kept as printed, dq_note printed_pct_mismatch) | p40 'Table - 47: Performance of State PWD and BRO durin': 2/12 printed % variations differ from computed (kept as printed, dq_note printed_pct_mismatch) | Areas of concern / Noteworthy performance tables not extracted (derived from Annexure-A, free-form cells)"
2018-02,2017-18,Performance Monitoring/2017-18/CompleteReviewReportFev2018.pdf,partial,84,3055,"report_partial; p47 'Table - 60: Performance of Telecommunication Secto': dropped rows repeating an earlier (group, label) - group heading missing in source: ['a) Public Sector', 'b) Private Sector', 'Total'] | Areas of concern / Noteworthy performance tables not extracted (derived from Annexure-A, free-form cells)"
2018-03,2017-18,Performance Monitoring/2017-18/CompleteReviewReportMar2018.pdf,ok,84,3080,"Areas of concern / Noteworthy performance tables not extracted (derived from Annexure-A, free-form cells)"
2018-04,2018-19,Performance Monitoring/2018-19/CompleteReviewReportApr2018.pdf,ok,42,2165,"April report: Annexure-A has the month table only (April-to-April = month); no separate cumulative rows; p14 Noteworthy Performance: row 'Railways (MT)' kept, printed 'More achievement than corresponding period last year' 0.51 contradicts the row (implied 7.51); value blanked"
2018-05,2018-19,Performance Monitoring/2018-19/CompleteReviewReportMay2018.pdf,ok,84,3621,
2018-06,2018-19,Performance Monitoring/2018-19/CompleteReviewReportJun2018.pdf,ok,84,3734,
2018-07,2018-19,Performance Monitoring/2018-19/CompleteReviewReportJuly2018.pdf,ok,84,3733,"printed values inconsistent in source (kept as printed, dq_note printed_pct_mismatch / components_sum_mismatch): cumulative Tata Steet (TSL): % var over target printed 30.57, target/actual imply 6.24 | cumulative RINL (VSP): % var over target printed -3.77, target/actual imply -23.79"
2018-08,2018-19,Performance Monitoring/2018-19/CompleteReviewReportAug2018.pdf,ok,84,3722,
2018-09,2018-19,Performance Monitoring/2018-19/CompleteReviewReportSep2018.pdf,ok,84,3708,"p19 Noteworthy Performance: row(s) dropped (incomplete or % inconsistent in more than one cell): 'Coal Production (MT)', 'Export cargo handled at Airports (Tonne)'; printed values inconsistent in source (kept as printed, dq_note printed_pct_mismatch / components_sum_mismatch): cumulative Others: % var over target printed 43.2, target/actual imply -4.97"
2018-10,2018-19,Performance Monitoring/2018-19/CompleteReviewReportOct2018.pdf,ok,84,3722,2 clipped annexure labels restored from template
2018-11,2018-19,Performance Monitoring/2018-19/CompleteReviewReportNov2018.pdf,ok,84,3721,"printed values inconsistent in source (kept as printed, dq_note printed_pct_mismatch / components_sum_mismatch): cumulative SAIL: % var over target printed 33.36, target/actual imply 16.08"
2018-12,2018-19,Performance Monitoring/2018-19/CompleteReviewReportDec2018.pdf,ok,84,3728,2 clipped annexure labels restored from template
2019-01,2018-19,Performance Monitoring/2018-19/CompleteReviewReportJan2019.pdf,ok,84,3734,"p17 Areas of concern: row 'Fertilizer Production (MT)' kept, printed 'Less achievement than corresponding period last year' .029 contradicts the row (implied 0.29); value blanked"
2019-02,2018-19,Performance Monitoring/2018-19/CompleteReviewReportFeb2019.pdf,ok,84,3734,2 clipped annexure labels restored from template
2019-03,2018-19,Performance Monitoring/2018-19/CompleteReviewReportMar2019.pdf,ok,84,3734,1 clipped annexure labels restored from template
2019-04,2019-20,,missing,0,0,no performance review report in the source folder
2019-05,2019-20,Performance Monitoring/2020-21/CompleteReviewReportMay2019.pdf,ok,84,3720,
2019-06,2019-20,Performance Monitoring/2020-21/CompleteReviewReportJun2019.pdf,ok,84,3714,
2019-07,2019-20,Performance Monitoring/2020-21/CompleteReviewReportJuly2019.pdf,ok,84,3704,"printed values inconsistent in source (kept as printed, dq_note printed_pct_mismatch / components_sum_mismatch): cumulative Widening to four/six/eight lanes (Kms.): % var over target printed -13.46, target/actual imply -4.35 | cumulative Widening to two lanes (Kms.): % var over target printed -0.79, target/actual imply -1.56; values repeated from the previous report although this report's own cumulative contradicts them (kept as printed, dq_note stale_repeat_of): cumulative actual of 'Net Addition in Switching Capacity (Fixed+WLL+GSM) ('000 Lines)' = 2157.828, same as the 2019-06 report, although the month value is 246.17"
2019-08,2019-20,Performance Monitoring/2020-21/CompleteReviewReportAug2019.pdf,ok,84,3732,p17 Areas of concern: 2 number(s) wrapped onto the next line inside their cell re-joined (e.g. '13.9'+'9' -> 13.99; checked against the row's ratio)
2019-09,2019-20,Performance Monitoring/2020-21/CompleteReviewReportSep2019.pdf,ok,84,3726,"values repeated from the previous report although this report's own cumulative contradicts them (kept as printed, dq_note stale_repeat_of): month actual of 'Strengthening of existing weak pavement (Kms.)' = 58.55, same as the 2019-08 report, but the cumulative moved by 22.290 | month previous-year actual of 'Strengthening of existing weak pavement (Kms.)' = 100.06, same as the 2019-08 report, but the cumulative moved by 0.000"
2019-10,2019-20,Performance Monitoring/2020-21/CompleteReviewReportOct2019.pdf,ok,84,3704,p17 Areas of concern: row(s) dropped (incomplete or % inconsistent in more than one cell): 'Import cargo handled at Airports (Tonne)'
2019-11,2019-20,Performance Monitoring/2020-21/CompleteReviewReportNov2019.pdf,ok,84,3722,
2019-12,2019-20,Performance Monitoring/2020-21/CompleteReviewReportDec2019.pdf,ok,84,3716,"printed values inconsistent in source (kept as printed, dq_note printed_pct_mismatch / components_sum_mismatch): cumulative Strengthening of existing weak pavement (Kms.): % var over target printed -43.3, target/actual imply -17.34; values repeated from the previous report although this report's own cumulative contradicts them (kept as printed, dq_note stale_repeat_of): month previous-year actual of 'Widening to four/six/eight lanes (Kms.)' = 3.84, same as the 2019-11 report, but the cumulative moved by 0.000"
2020-01,2019-20,Performance Monitoring/2020-21/CompleteReviewReportJan2020.pdf,ok,84,3716,"values repeated from the previous report although this report's own cumulative contradicts them (kept as printed, dq_note stale_repeat_of): month actual of 'Net Addition in Switching Capacity (Fixed+WLL+GSM) ('000 Lines)' = -493.635, same as the 2019-12 report, but the cumulative moved by 0.000"
2020-02,2019-20,Performance Monitoring/2020-21/CompleteReviewReportFeb2020.pdf,ok,84,3719,
2020-03,2019-20,Performance Monitoring/2020-21/CompleteReviewReportMarch2020.pdf,ok,84,3704,
2020-04,2020-21,Performance Monitoring/2020-21/CompleteReviewReportApril2020.pdf,ok,42,1829,April report: Annexure-A has the month table only (April-to-April = month); no separate cumulative rows; 1 detail tables skipped/trimmed: p23 'Table 17: Capacity Utilisation - April 2020': sparse/misaligned value column
2020-05,2020-21,Performance Monitoring/2020-21/CompleteReviewReportMay2020.pdf,ok,84,3692,"p15 Noteworthy Performance: header period 2020-04..2020-04 != report period; anchored to 2020-04..2020-05; printed values inconsistent in source (kept as printed, dq_note printed_pct_mismatch / components_sum_mismatch): cumulative Phosphate: % var over target printed -17.95, target/actual imply -32.27"
2020-06,2020-21,Performance Monitoring/2020-21/CompleteReviewReportJun2020.pdf,ok,84,3716,
2020-07,2020-21,Performance Monitoring/2020-21/CompleteReviewReportJuly2020.pdf,ok,84,3710,"values repeated from the previous report although this report's own cumulative contradicts them (kept as printed, dq_note stale_repeat_of): cumulative previous-year actual of 'Net Addition in Switching Capacity (Fixed+WLL+GSM) ('000 Lines)' = 2157.828, same as the 2020-06 report, although the month value is 246.17"
2020-08,2020-21,Performance Monitoring/2020-21/CompleteReviewReportAug2020.pdf,partial,84,279,"report_partial;report_truncated; pages 14-43 (30) have no text layer (glyphs drawn as vector paths): pp14 and 17 transcribed from images (below), the rest not extracted (no OCR); p17 Annexure-A has no text layer: transcribed from a 300 dpi render (84 rows, dq_note transcribed_from_image); all printed % variations recompute and all totals equal their components; p14 Highlights has no text layer: transcribed (180 cells, dq_note transcribed_from_image); growth % recompute and the 2019/2020 columns equal the Annexure; telecom data month 2020-07 (per Table 59 title; Annexure telecom actuals equal its totals): 8 Annexure rows and 27 Highlights/Areas/Noteworthy telecom cells dated 2020-07; transcription vs neighbouring reports: 123/130 values within 0.5% of another report; the rest differ by revisions or source quirks and are kept as printed: SAIL month prev_year_actual 1033.0 (3.8%); Tata Steet (TSL) month prev_year_actual 1516.0 (58.1%); RINL (VSP) month prev_year_actual 248.0 (3.9%); Total month prev_year_actual 4912.0 (13.5%); Major (Secondary) Producer cumulative actual 11950.0 (3.2%); Major (Secondary) Producer month prev_year_actual 3446.0 (15.1%); Total (I + II) cumulative actual 30080.0 (1.3%)"
2020-09,2020-21,Performance Monitoring/2020-21/CompleteReviewReportSep2020.pdf,ok,84,3726,"p15 Areas of concern: row 'Crude Oil (MT)' kept, printed 'Less achievement than corresponding period last year' 0.10 contradicts the row (implied 1.00); value blanked; telecom data month 2020-07 (per Table 59 title; Annexure telecom actuals equal its totals): 8 Annexure rows and 27 Highlights/Areas/Noteworthy telecom cells dated 2020-07; values repeated from the previous report although this report's own cumulative contradicts them (kept as printed, dq_note stale_repeat_of): month previous-year actual of 'Strengthening of existing weak pavement (Kms.)' = 58.55, same as the 2020-08 report, but the cumulative moved by 22.290"
2020-10,2020-21,Performance Monitoring/2020-21/CompleteReviewReportOct2020.pdf,ok,84,3738,"telecom data month 2020-07 (per Table 59 title; Annexure telecom actuals equal its totals): 8 Annexure rows and 27 Highlights/Areas/Noteworthy telecom cells dated 2020-07; printed values inconsistent in source (kept as printed, dq_note printed_pct_mismatch / components_sum_mismatch): cumulative International Terminals: % var over target printed -39.63, target/actual imply -43.65 | cumulative Domestic Terminals: % var over target printed -42.15, target/actual imply -43.25"
2020-11,2020-21,Performance Monitoring/2020-21/CompleteReviewReportNov2020.pdf,ok,84,3844,telecom data month 2020-07 (per Table 59 title; Annexure telecom actuals equal its totals): 8 Annexure rows and 27 Highlights/Areas/Noteworthy telecom cells dated 2020-07
2020-12,2020-21,Performance Monitoring/2020-21/CompleteReviewReportDec2020.pdf,ok,84,3776,"printed values inconsistent in source (kept as printed, dq_note printed_pct_mismatch / components_sum_mismatch): cumulative Crude Oil Prod. (MT): % var over target printed 5.27, target/actual imply -5.26"
2021-01,2020-21,Performance Monitoring/2020-21/CompleteReviewReportJan2021.pdf,ok,84,3844,
2021-02,2020-21,Performance Monitoring/2020-21/CompleteReviewReportFeb2021.pdf,ok,84,3810,telecom cells of 'Highlights Growth Achieved during the pe' not re-dated (values do not match the lagged Annexure); telecom data month 2021-01 (per Table 59 title; Annexure telecom actuals equal its totals): 8 Annexure rows and 0 Highlights/Areas/Noteworthy telecom cells dated 2021-01
2021-03,2020-21,Performance Monitoring/2020-21/CompleteReviewReportMar2021.pdf,ok,84,3834,Telecommunications data month 2021-02 (per section heading); telecom data month 2021-02 (per Table 59 title; Annexure telecom actuals equal its totals): 0 Annexure rows and 27 Highlights/Areas/Noteworthy telecom cells dated 2021-02
2021-04,2021-22,,missing,0,0,no performance review report in the source folder
2021-05,2021-22,,missing,0,0,no performance review report in the source folder
2021-06,2021-22,,missing,0,0,no performance review report in the source folder
2021-07,2021-22,,missing,0,0,no performance review report in the source folder
2021-08,2021-22,,missing,0,0,no performance review report in the source folder
2021-09,2021-22,,missing,0,0,no performance review report in the source folder
2021-10,2021-22,,missing,0,0,no performance review report in the source folder
2021-11,2021-22,,missing,0,0,no performance review report in the source folder
2021-12,2021-22,,missing,0,0,no performance review report in the source folder
2022-01,2021-22,,missing,0,0,no performance review report in the source folder
2022-02,2021-22,,missing,0,0,no performance review report in the source folder
2022-03,2021-22,,missing,0,0,no performance review report in the source folder
2022-04,2022-23,,missing,0,0,no performance review report in the source folder
2022-05,2022-23,,missing,0,0,no performance review report in the source folder
2022-06,2022-23,,missing,0,0,no performance review report in the source folder
2022-07,2022-23,,missing,0,0,no performance review report in the source folder
2022-08,2022-23,,missing,0,0,no performance review report in the source folder
2022-09,2022-23,,missing,0,0,no performance review report in the source folder
2022-10,2022-23,,missing,0,0,no performance review report in the source folder
2022-11,2022-23,,missing,0,0,no performance review report in the source folder
2022-12,2022-23,,missing,0,0,no performance review report in the source folder
2023-01,2022-23,,missing,0,0,no performance review report in the source folder
2023-02,2022-23,,missing,0,0,no performance review report in the source folder
2023-03,2022-23,,missing,0,0,no performance review report in the source folder
2023-04,2023-24,,missing,0,0,no performance review report in the source folder
2023-05,2023-24,,missing,0,0,no performance review report in the source folder
2023-06,2023-24,,missing,0,0,no performance review report in the source folder
2023-07,2023-24,,missing,0,0,no performance review report in the source folder
2023-08,2023-24,,missing,0,0,no performance review report in the source folder
2023-09,2023-24,,missing,0,0,no performance review report in the source folder
2023-10,2023-24,,missing,0,0,no performance review report in the source folder
2023-11,2023-24,,missing,0,0,no performance review report in the source folder
2023-12,2023-24,,missing,0,0,no performance review report in the source folder
2024-01,2023-24,,missing,0,0,no performance review report in the source folder
2024-02,2023-24,,missing,0,0,no performance review report in the source folder
2024-03,2023-24,,missing,0,0,no performance review report in the source folder
2024-04,2024-25,,missing,0,0,no performance review report in the source folder
2024-05,2024-25,,missing,0,0,no performance review report in the source folder
2024-06,2024-25,,missing,0,0,no performance review report in the source folder
2024-07,2024-25,,missing,0,0,no performance review report in the source folder
2024-08,2024-25,,missing,0,0,no performance review report in the source folder
2024-09,2024-25,,missing,0,0,no performance review report in the source folder
2024-10,2024-25,,missing,0,0,no performance review report in the source folder
2024-11,2024-25,,missing,0,0,no performance review report in the source folder
2024-12,2024-25,,missing,0,0,no performance review report in the source folder
2025-01,2024-25,,missing,0,0,no performance review report in the source folder
2025-02,2024-25,,missing,0,0,no performance review report in the source folder
2025-03,2024-25,,missing,0,0,no performance review report in the source folder
2025-04,2025-26,,missing,0,0,no performance review report in the source folder
2025-05,2025-26,,missing,0,0,no performance review report in the source folder
2025-06,2025-26,Performance Monitoring/2025-26/CompleteReviewReportJune2025.pdf,ok,98,2829,"scope_excludes:Telecommunications; p44 Table 45: header 'June 2025 Actual' is the previous-year column (typo) - dated 2024-06..2024-06, labelled 'June 2024 Actual' | no Telecommunications rows in Annexure-A (not published in this report) | labels clipped in the source completed from other months (dq_note label_restored): 'V.O.Chidambaranar (T'->'V.O.Chidambaranar (Tuticorin)' | placeholder zeros blanked (value empty, value_text kept, dq_note placeholder_zero): 280 cells - column 207, marker 17, row 40, target 16"
2025-07,2025-26,Performance Monitoring/2025-26/CompleteReviewReportJuly2025.pdf,ok,101,2849,"p23 'Widening to two lanes (Kms.)' col(2) value 104.000 is one merged cell spanning several rows - kept in perf_detail as a combined target | p23 'Widening to two lanes (Kms.)' col(7) value 1024.000 is one merged cell spanning several rows - kept in perf_detail as a combined target | p43 Table 40: 1/46 printed % variations disagree with the table's own columns (source arithmetic): ['All India Total:target 90420.82/89695.7->-9.3'] | p48 Table 47: '104.00' printed in one merged cell across 6 rows - emitted as a combined row | p49 Table 48: '1024.00' printed in one merged cell across 6 rows - emitted as a combined row | 2 detail tables skipped: p55 Table 59 telecom detail (inconsistent period labels in source; values duplicated in Annexure-A) || p55 Table 60 telecom detail (inconsistent period labels in source; values duplicated in Annexure-A) | placeholder zeros blanked (value empty, value_text kept, dq_note placeholder_zero): 288 cells - column 215, marker 17, row 40, target 16 | source repeats a value printed in an earlier report for a different period (kept as printed, dq_note stale_repeat_of): Export Cargo/month prev_year_actual 113450 (also in the 2025-06 report); Export Cargo/cumulative prev_year_actual 333311 (also in the 2025-06 report); Import Cargo/month prev_year_actual 80813 (also in the 2025-06 report); Import Cargo/cumulative prev_year_actual 234932 (also in the 2025-06 report)"
2025-08,2025-26,,missing,0,0,no performance review report in the source folder
2025-09,2025-26,Performance Monitoring/2025-26/ReviewReportSep25.pdf,ok,101,2688,"p24 'Widening to two lanes (Kms.)' col(2) value 173.000 is one merged cell spanning several rows - kept in perf_detail as a combined target | p24 'Widening to two lanes (Kms.)' col(7) value 1292.000 is one merged cell spanning several rows - kept in perf_detail as a combined target | p24 'NSL' cumulative target printed -54.573 (impossible negative level) - blanked | annexure source inconsistency: parent row 'State PWD and Border' cumulative target 1024.0 != combined sub-row target 1292.000 in the merged cell (both kept) | p26 Table 2: 2/11 printed % variations disagree with the table's own columns (source arithmetic): ['Nuclear Generation:target 27.274/27.984->-0.82', 'Total:target 962.532/791.417->8.42'] | p31 Table 14: 1/12 printed % variations disagree with the table's own columns (source arithmetic): ['Southern Region:target 24676.0/17394.0->42.97'] | p37 Table 27: 2/23 printed % variations disagree with the table's own columns (source arithmetic): ['NEC:target 0.018/0.01->77.4', 'NEC:actual 0.018/0.031->-43.27'] | p55 Table 47: '173.00' printed in one merged cell across 6 rows - emitted as a combined row | p55 Table 48: '4410.00' printed in one merged cell across 3 rows - emitted as a combined row | p55 Table 48: '1292.00' printed in one merged cell across 6 rows - emitted as a combined row | 2 detail tables skipped: p63 Table 59 telecom detail (inconsistent period labels in source; values duplicated in Annexure-A) || p63 Table 60 telecom detail (inconsistent period labels in source; values duplicated in Annexure-A) | labels clipped in the source completed from other months (dq_note label_restored): 'Coal handled at major p'->'Coal handled at major ports (MT)'; 'Container handled at m'->'Container handled at major ports (Tonnes)'; 'Crude Oil Processed (M'->'Crude Oil Processed (MMT)'; 'Fertilisers Production ('Th'->'Fertilisers Production ('Th Tonnes)'; 'Natural Gas Prod. (MC'->'Natural Gas Prod. (MCM)'; 'POL Crude handled at'->'POL Crude handled at major ports (Tonnes)'; 'Power Generation: Non-'->'Power Generation: Non-Renewable Energy (BU)'; 'Singareni Collieries Compan'->'Singareni Collieries Company Limited'; 'State PWD and Border'->'State PWD and Border Road Organisation (BRO)'; 'Total Cargo handled at m'->'Total Cargo handled at major ports (MT)' | placeholder zeros blanked (value empty, value_text kept, dq_note placeholder_zero): 119 cells - column 52, marker 25, row 40, target 2 | source repeats a value printed in an earlier report for a different period (kept as printed, dq_note stale_repeat_of): Mini Plants/month actual 1.537 (also in the 2025-07 report); Export Cargo/month prev_year_actual 113450 (also in the 2025-06 report); Export Cargo/cumulative prev_year_actual 333311 (also in the 2025-06 report); Import Cargo/month prev_year_actual 80813 (also in the 2025-06 report); Import Cargo/cumulative prev_year_actual 234932 (also in the 2025-06 report) | highlights values inconsistent with the report's own detail table (kept as printed, dq_note inconsistent_with_table_<n>): 'Power (BU)' 2024-04..2024-09 722.366 vs Table 2 Total 952.296; 'Power (BU)' 2025-04..2025-09 688.503 vs Table 2 Total 962.532"
2025-10,2025-26,Performance Monitoring/2025-26/ReviewReportOct25.pdf,ok,101,2865,"source_title_month:2025-08; monthly_section title says 2025-08 but file name says 2025-10 | p21 'Widening to two lanes (Kms.)' col(2) value 317.000 is one merged cell spanning several rows - kept in perf_detail as a combined target | p21 'Widening to two lanes (Kms.)' col(7) value 1424.000 is one merged cell spanning several rows - kept in perf_detail as a combined target | annexure source inconsistency: parent row 'State PWD and Border Road Organisation (BR' month target 173.0 != combined sub-row target 317.000 in the merged cell (both kept) | p50 Table 47: '317.00' printed in one merged cell across 6 rows - emitted as a combined row | p50 Table 48: '4410.00' printed in one merged cell across 3 rows - emitted as a combined row | p50 Table 48: '1424.00' printed in one merged cell across 6 rows - emitted as a combined row | 2 detail tables skipped: p57 Table 59 telecom detail (inconsistent period labels in source; values duplicated in Annexure-A) || p57 Table 60 telecom detail (inconsistent period labels in source; values duplicated in Annexure-A) | labels clipped in the source completed from other months (dq_note label_restored): 'Container handled at major ports (Tonnes'->'Container handled at major ports (Tonnes)'; 'POL Crude handled at major ports (Tonne'->'POL Crude handled at major ports (Tonnes)'; 'Power Generation: Non-Renewable Energy (BU'->'Power Generation: Non-Renewable Energy (BU)'; 'State PWD and Border Road Organisation (BR'->'State PWD and Border Road Organisation (BRO)' | 70 detail rows whose table prints no unit line here take the unit the same table prints in the other reports (dq_note unit_from_other_months) | placeholder zeros blanked (value empty, value_text kept, dq_note placeholder_zero): 287 cells - column 103, marker 43, row 40, table 88, target 13 | source repeats a value printed in an earlier report for a different period (kept as printed, dq_note stale_repeat_of): Production of Finished Steel ('Th Tonnes/month actual 7388 (also in the 2025-09 report); Mini Plants/month prev_year_actual 1.824 (also in the 2025-09 report) | highlights values inconsistent with the report's own detail table (kept as printed, dq_note inconsistent_with_table_<n>): 'Power (BU)' 2024-04..2024-10 841.994 vs Table 2 Total 1104.08; 'Power (BU)' 2025-04..2025-10 792.033 vs Table 2 Total 1103.99"
2025-11,2025-26,Performance Monitoring/2025-26/ReviewReportNov25.pdf,ok,101,2789,"p21 'Widening to two lanes (Kms.)' col(2) value 406.000 is one merged cell spanning several rows - kept in perf_detail as a combined target | p21 'Widening to two lanes (Kms.)' col(7) value 2015.000 is one merged cell spanning several rows - kept in perf_detail as a combined target | annexure source inconsistency: parent row 'State PWD and Border Road Organisation (B' month target 173.0 != combined sub-row target 406.000 in the merged cell (both kept) | p51 Table 46: 1/2 printed % variations disagree with the table's own columns (source arithmetic): ['Widening/ Strengthening/ :target 2353.0/2756.0->40.65'] | p52 Table 47: '406.00' printed in one merged cell across 6 rows - emitted as a combined row | p52 Table 48: '4410.00' printed in one merged cell across 4 rows - emitted as a combined row | p52 Table 48: '2015.00' printed in one merged cell across 6 rows - emitted as a combined row | 2 detail tables skipped: p59 Table 59 telecom detail (inconsistent period labels in source; values duplicated in Annexure-A) || p59 Table 60 telecom detail (inconsistent period labels in source; values duplicated in Annexure-A) | labels clipped in the source completed from other months (dq_note label_restored): 'Power Generation: Non-Renewable Energy (BU'->'Power Generation: Non-Renewable Energy (BU)'; 'State PWD and Border Road Organisation (B'->'State PWD and Border Road Organisation (BRO)' | placeholder zeros blanked (value empty, value_text kept, dq_note placeholder_zero): 215 cells - column 111, marker 55, row 43, target 6 | source repeats a value printed in an earlier report for a different period (kept as printed, dq_note stale_repeat_of): Production of Finished Steel ('Th Tonnes/month prev_year_actual 6398 (also in the 2025-06 report); Mini Plants/month prev_year_actual 1.824 (also in the 2025-09 report)"
2025-12,2025-26,Performance Monitoring/2025-26/Review Report Dec 25.pdf,ok,101,2825,"p21 'Widening to two lanes (Kms.)' col(2) value 393.000 is one merged cell spanning several rows - kept in perf_detail as a combined target | p21 'Widening to two lanes (Kms.)' col(7) value 2408.000 is one merged cell spanning several rows - kept in perf_detail as a combined target | annexure source inconsistency: parent row 'State PWD and Border Road Organisation (B' month target 173.0 != combined sub-row target 393.000 in the merged cell (both kept) | p30 Table 20: 2/23 printed % variations disagree with the table's own columns (source arithmetic): ['NEC:target 0.17/0.19->-12.82', 'All India - Total:target 721.65/656.982->4.45'] | p32 Table 26: 4/8 printed % variations disagree with the table's own columns (source arithmetic): ['BCCL:target 0.599/1.876->-56.21', 'CCL:target 0.47/0.719->-70.4', 'CIL - Total:target 1.07/2.78->-63.84'] | p33 Table 28: 2/23 printed % variations disagree with the table's own columns (source arithmetic): ['NEC:target 0.13/0.15->-15.58', 'All India - Total:target 742.01/707.82->0.04'] | p35 Table 30: 4/14 printed % variations disagree with the table's own columns (source arithmetic): ['SAIL Conversion Agent:target 12545.0/13316.0->109.08', 'SAIL - Total:target 12545.0/13316.0->109.08', 'Tata Steet (TSL):target 17017.0/11839.0->41.99'] | p48 Table 44: 1/27 printed % variations disagree with the table's own columns (source arithmetic): ['Arunachal Pradesh:actual 29.62/27.23->7.24'] | 2 detail tables skipped: p58 Table 59 telecom detail (inconsistent period labels in source; values duplicated in Annexure-A) || p58 Table 60 telecom detail (inconsistent period labels in source; values duplicated in Annexure-A) | labels clipped in the source completed from other months (dq_note label_restored): 'Power Generation: Non-Renewable Energy (BU'->'Power Generation: Non-Renewable Energy (BU)'; 'State PWD and Border Road Organisation (B'->'State PWD and Border Road Organisation (BRO)' | placeholder zeros blanked (value empty, value_text kept, dq_note placeholder_zero): 253 cells - column 103, marker 39, row 50, table 50, target 11"
2026-01,2025-26,Performance Monitoring/2025-26/Review Report Jan26.pdf,ok,101,2900,"annexure table sub-title says 'January 2025' (typo; report month 2026-01 from file name/page title) | p21 'Widening to two lanes (Kms.)' col(2) value 386.000 is one merged cell spanning several rows - kept in perf_detail as a combined target | p21 'Widening to two lanes (Kms.)' col(7) value 2794.000 is one merged cell spanning several rows - kept in perf_detail as a combined target | annexure: Telecommunications data is 2025-12 data carried forward (report note); 3 rows dated 2025-12 with dq_note carried_forward:2025-12 | p30 Table 20: 5/23 printed % variations disagree with the table's own columns (source arithmetic): ['NCL:actual 117.62/117.2->905.3', 'NEC:target 0.18/0.2->-20.0', 'CIL - Total:actual 609.01/621.15->18.1'] | p31 Table 22: 2/7 printed % variations disagree with the table's own columns (source arithmetic): ['Others:actual 6.36/5.7->-99.59', 'All India - Total:actual 48.81/51.35->-96.96'] | p33 Table 28: 6/23 printed % variations disagree with the table's own columns (source arithmetic): ['BCCL:target 28.23/38.43->-24.4', 'CCL:target 61.15/91.35->-32.15', 'NCL:target 114.61/114.68->-2.66'] | p35 Table 30: 4/14 printed % variations disagree with the table's own columns (source arithmetic): ['SAIL Conversion Agent:target 14014.0/14915.0->84.44', 'SAIL - Total:target 14014.0/14915.0->84.44', 'Tata Steet (TSL):target 19157.0/13265.0->42.85'] | p44 Table 40: 1/46 printed % variations disagree with the table's own columns (source arithmetic): ['IOC, Panipat:target 13333.32/12644.93->-41.12'] | p49 Table 46: '4640.00' printed in one merged cell across 3 rows - emitted as a combined row | p50 Table 47: '386.00' printed in one merged cell across 6 rows - emitted as a combined row | p50 Table 48: '4410.00' printed in one merged cell across 3 rows - emitted as a combined row | p50 Table 48: '2794.00' printed in one merged cell across 6 rows - emitted as a combined row | labels clipped in the source completed from other months (dq_note label_restored): 'Power Generation: Non-Renewable Energy (BU'->'Power Generation: Non-Renewable Energy (BU)'; 'State PWD and Border Road Organisation (B'->'State PWD and Border Road Organisation (BRO)' | 87 detail rows whose table prints no unit line here take the unit the same table prints in the other reports (dq_note unit_from_other_months) | placeholder zeros blanked (value empty, value_text kept, dq_note placeholder_zero): 330 cells - column 220, marker 55, row 40, target 15 | source repeats a value printed in an earlier report for a different period (kept as printed, dq_note stale_repeat_of): Mini Plants/month actual 1.484 (also in the 2025-12 report); Crude Oil Prod. (MMT)/month prev_year_actual 2.471 (also in the 2025-12 report)"
2026-02,2025-26,,missing,0,0,no performance review report in the source folder
2026-03,2025-26,,missing,0,0,no performance review report in the source folder
2026-04,2026-27,,missing,0,0,no performance review report in the source folder; Performance Monitoring folder holds a paimana_flash project report for this month (Performance Monitoring/2026-27/FlashReport_April2026.pdf; status skipped_duplicate in the project extract)
2026-05,2026-27,,missing,0,0,no performance review report in the source folder; Performance Monitoring folder holds a paimana_flash project report for this month (Performance Monitoring/2026-27/FlashReport_May2026.pdf; status skipped_duplicate in the project extract)
2026-06,2026-27,,missing,0,0,no performance review report in the source folder; Performance Monitoring folder holds a paimana_flash project report for this month (Performance Monitoring/2026-27/FlashReport_June_2026.pdf; status skipped_duplicate in the project extract)
2026-07,2026-27,,missing,0,0,no performance review report in the source folder; Performance Monitoring folder holds a paimana_flash project report for this month (Performance Monitoring/2026-27/FlashReport_July_2026.pdf; status skipped_duplicate in the project extract)
2026-08,2026-27,,missing,0,0,no performance review report in the source folder
2026-09,2026-27,,missing,0,0,no performance review report in the source folder
2026-10,2026-27,,missing,0,0,no performance review report in the source folder
2026-11,2026-27,,missing,0,0,no performance review report in the source folder
2026-12,2026-27,,missing,0,0,no performance review report in the source folder
2027-01,2026-27,,missing,0,0,no performance review report in the source folder
2027-02,2026-27,,missing,0,0,no performance review report in the source folder
2027-03,2026-27,,missing,0,0,no performance review report in the source folder
