sector,indicator_group,indicator,unit,indicator_key,indicator_name,unit_canonical,scale_to_canonical,is_sector_headline,comparable_across_years,note,n_rows,first_report_month,last_report_month
Power,Power Generation: Non-Renewable Energy (BU),Import from Bhutan,BU,power_bhutan_import,Power import from Bhutan,BU,1,false,true,,14,2025-06,2026-01
Power,Power generation (BU),Import from Bhutan,BU,power_bhutan_import,Power import from Bhutan,BU,1,false,true,,133,2015-04,2021-03
Power,Power generation (BU),Hydro Generation,BU,power_hydro,Hydro power generation,BU,1,false,true,Separate Annexure row only in the FY2015-21 layout; the FY2025-26 Annexure folds hydro into renewable (power_renewable_incl_hydro).,133,2015-04,2021-03
Power,Power Generation: Non-Renewable Energy (BU),Power Generation: Non-Renewable Energy (BU),BU,power_non_renewable,Non-renewable power generation (thermal + nuclear + Bhutan import),BU,1,false,true,FY2025-26 layout subtotal.,14,2025-06,2026-01
Power,Power Generation: Non-Renewable Energy (BU),Nuclear Generation,BU,power_nuclear,Nuclear power generation,BU,1,false,true,,14,2025-06,2026-01
Power,Power generation (BU),Nuclear Generation,BU,power_nuclear,Nuclear power generation,BU,1,false,true,,133,2015-04,2021-03
Power,Power generation (BU),Renewable Energy,BU,power_renewable,Renewable power generation (excl. large hydro),BU,1,false,true,FY2015-21 layout only; hydro is a separate row. Not the same measure as power_renewable_incl_hydro.,133,2015-04,2021-03
Power,Power Generation: Renewable Energy (BU),Power Generation: Renewable Energy (BU),BU,power_renewable_incl_hydro,Renewable power generation (incl. hydro),BU,1,false,true,FY2025-26 Annexure 'Power Generation: Renewable Energy' = renewable + hydro (detail Table 1 shows them separately).,14,2025-06,2026-01
Power,Power Generation: Non-Renewable Energy (BU),Thermal Generation,BU,power_thermal,Thermal power generation,BU,1,false,true,,14,2025-06,2026-01
Power,Power generation (BU),Thermal Generation,BU,power_thermal,Thermal power generation,BU,1,false,true,,133,2015-04,2021-03
Power,POWER,Total (I + II),BU,power_total,Power generation - total,BU,1,true,true,Headline: matches Highlights 'Power (BU)'. FY2015-21 'Total'; FY2025-26 'Total (I + II)' = non-renewable + renewable; both include Bhutan import.,14,2025-06,2026-01
Power,Power generation (BU),Total,BU,power_total,Power generation - total,BU,1,true,true,Headline: matches Highlights 'Power (BU)'. FY2015-21 'Total'; FY2025-26 'Total (I + II)' = non-renewable + renewable; both include Bhutan import.,133,2015-04,2021-03
Coal,Coal Production (MT),Coal India Ltd.,MT,coal_cil,Coal production - Coal India Ltd,MT,1,false,true,,147,2015-04,2026-01
Coal,Coal,Total (I + II),MT,coal_lignite_total,Coal + lignite production,MT,1,false,true,FY2025-26 'Total (I + II)'.,14,2025-06,2026-01
Coal,Coal Production (MT),Others,MT,coal_others,Coal production - others / captive,MT,1,false,true,Label 'Others' (FY2015-21) became 'Others/Captive' (FY2025-26).,133,2015-04,2021-03
Coal,Coal Production (MT),Others/Captive,MT,coal_others,Coal production - others / captive,MT,1,false,true,Label 'Others' (FY2015-21) became 'Others/Captive' (FY2025-26).,14,2025-06,2026-01
Coal,Coal Production (MT),Singareni,MT,coal_sccl,Coal production - Singareni Collieries,MT,1,false,true,,133,2015-04,2021-03
Coal,Coal Production (MT),Singareni Collieries Company Limited,MT,coal_sccl,Coal production - Singareni Collieries,MT,1,false,true,,14,2025-06,2026-01
Coal,Coal Production (MT),Coal Production (MT),MT,coal_total,Coal production - total (excl. lignite),MT,1,true,true,Headline: matches Highlights 'Coal (MT) excluding Lignite'. FY2015-21 'Total'; FY2025-26 row 'Coal Production (MT)'.,14,2025-06,2026-01
Coal,Coal Production (MT),Total,MT,coal_total,Coal production - total (excl. lignite),MT,1,true,true,Headline: matches Highlights 'Coal (MT) excluding Lignite'. FY2015-21 'Total'; FY2025-26 row 'Coal Production (MT)'.,133,2015-04,2021-03
Coal,Lignite Production (MT),Lignite Production (MT),MT,lignite_total,Lignite production,MT,1,false,true,FY2025-26 layout only.,14,2025-06,2026-01
Steel,Production of Finished Steel ('000 Tonnes),Main Producer: ESSAR,'000 Tonnes,steel_amns_essar,Finished steel - ESSAR / AMNS group,MT,0.001,false,false,'ESSAR' in FY2015-21; 'AMNS GROUP' in FY2025-26.,65,2015-04,2018-03
Steel,Production of Finished Steel ('000 Tonnes) / Main Producer,ESSAR,'000 Tonnes,steel_amns_essar,Finished steel - ESSAR / AMNS group,MT,0.001,false,false,'ESSAR' in FY2015-21; 'AMNS GROUP' in FY2025-26.,68,2018-04,2021-03
Steel,Production of Finished Steel ('Th Tonnes): Main Producers,AMNS GROUP,'000 Tonnes,steel_amns_essar,Finished steel - ESSAR / AMNS group,MT,0.001,false,false,'ESSAR' in FY2015-21; 'AMNS GROUP' in FY2025-26.,14,2025-06,2026-01
Steel,Production of Finished Steel ('000 Tonnes),Total (I + II),'000 Tonnes,steel_finished_total,Finished steel production - total,MT,0.001,true,false,"Headline: 'Total (I + II)' = main + major (secondary) producers in every layout; equals Highlights 'Steel (Finished Steel)'. Series break: from the Jun 2019 report the source restated the series (JSWL and secondary producers revised down), so the level drops ~22% (Jun 2018 actual 10.721 MT vs Jun 2019 prev-year 8.333 MT); do not compare levels across report month 2019-06.",133,2015-04,2021-03
Steel,Steel,Total (I + II),'000 Tonnes,steel_finished_total,Finished steel production - total,MT,0.001,true,false,"Headline: 'Total (I + II)' = main + major (secondary) producers in every layout; equals Highlights 'Steel (Finished Steel)'. Series break: from the Jun 2019 report the source restated the series (JSWL and secondary producers revised down), so the level drops ~22% (Jun 2018 actual 10.721 MT vs Jun 2019 prev-year 8.333 MT); do not compare levels across report month 2019-06.",14,2025-06,2026-01
Steel,Production of Finished Steel ('000 Tonnes),Main Producer: JSPL,'000 Tonnes,steel_jspl,Finished steel - JSPL,MT,0.001,false,true,,65,2015-04,2018-03
Steel,Production of Finished Steel ('000 Tonnes) / Main Producer,JSPL,'000 Tonnes,steel_jspl,Finished steel - JSPL,MT,0.001,false,true,,68,2018-04,2021-03
Steel,Production of Finished Steel ('Th Tonnes): Main Producers,JSPL,'000 Tonnes,steel_jspl,Finished steel - JSPL,MT,0.001,false,true,,14,2025-06,2026-01
Steel,Production of Finished Steel ('000 Tonnes),Main Producer: JSWL,'000 Tonnes,steel_jsw,Finished steel - JSW,MT,0.001,false,false,'JSWL' in FY2015-21; 'JSWL GROUP' in FY2025-26.,65,2015-04,2018-03
Steel,Production of Finished Steel ('000 Tonnes) / Main Producer,JSWL,'000 Tonnes,steel_jsw,Finished steel - JSW,MT,0.001,false,false,'JSWL' in FY2015-21; 'JSWL GROUP' in FY2025-26.,68,2018-04,2021-03
Steel,Production of Finished Steel ('Th Tonnes): Main Producers,JSWL GROUP,'000 Tonnes,steel_jsw,Finished steel - JSW,MT,0.001,false,false,'JSWL' in FY2015-21; 'JSWL GROUP' in FY2025-26.,14,2025-06,2026-01
Steel,Production of Finished Steel ('000 Tonnes),Main Producer: Total,'000 Tonnes,steel_main_producers,Finished steel - main producers,MT,0.001,false,false,"Producer list changed: FY2015-21 SAIL, RINL, TSL, ESSAR, JSWL, JSPL; FY2025-26 SAIL, RINL, TSL GROUP, AMNS GROUP, JSWL GROUP, JSPL, NSL.",65,2015-04,2018-03
Steel,Production of Finished Steel ('000 Tonnes) / Main Producer,Total,'000 Tonnes,steel_main_producers,Finished steel - main producers,MT,0.001,false,false,"Producer list changed: FY2015-21 SAIL, RINL, TSL, ESSAR, JSWL, JSPL; FY2025-26 SAIL, RINL, TSL GROUP, AMNS GROUP, JSWL GROUP, JSPL, NSL.",68,2018-04,2021-03
Steel,Production of Finished Steel ('Th Tonnes): Main Producers,Production of Finished Steel ('Th Tonnes): Main Producers,'000 Tonnes,steel_main_producers,Finished steel - main producers,MT,0.001,false,false,"Producer list changed: FY2015-21 SAIL, RINL, TSL, ESSAR, JSWL, JSPL; FY2025-26 SAIL, RINL, TSL GROUP, AMNS GROUP, JSWL GROUP, JSPL, NSL.",14,2025-06,2026-01
Steel,Production of Finished Steel ('Th Tonnes): Main Producers,NSL,'000 Tonnes,steel_nsl,Finished steel - NSL,MT,0.001,false,true,FY2025-26 layout only.,14,2025-06,2026-01
Steel,Production of Finished Steel ('000 Tonnes),Main Producer: RINL (VSP),'000 Tonnes,steel_rinl,Finished steel - RINL,MT,0.001,false,true,,65,2015-04,2018-03
Steel,Production of Finished Steel ('000 Tonnes) / Main Producer,RINL (VSP),'000 Tonnes,steel_rinl,Finished steel - RINL,MT,0.001,false,true,,68,2018-04,2021-03
Steel,Production of Finished Steel ('Th Tonnes): Main Producers,RINL,'000 Tonnes,steel_rinl,Finished steel - RINL,MT,0.001,false,true,,14,2025-06,2026-01
Steel,Production of Finished Steel ('000 Tonnes),Main Producer: SAIL,'000 Tonnes,steel_sail,Finished steel - SAIL,MT,0.001,false,true,,65,2015-04,2018-03
Steel,Production of Finished Steel ('000 Tonnes) / Main Producer,SAIL,'000 Tonnes,steel_sail,Finished steel - SAIL,MT,0.001,false,true,,68,2018-04,2021-03
Steel,Production of Finished Steel ('Th Tonnes): Main Producers,SAIL,'000 Tonnes,steel_sail,Finished steel - SAIL,MT,0.001,false,true,,14,2025-06,2026-01
Steel,Production of Finished Steel ('000 Tonnes),Major (Secondary) Producer,'000 Tonnes,steel_secondary_producers,Finished steel - major (secondary) producers,MT,0.001,false,false,"Residual of total minus main producers, so it moves with the main-producer list.",133,2015-04,2021-03
Steel,Production of Finished Steel ('Th Tonnes): Major (Secondary) Producer,Production of Finished Steel ('Th Tonnes): Major (Secondary) Producer,'000 Tonnes,steel_secondary_producers,Finished steel - major (secondary) producers,MT,0.001,false,false,"Residual of total minus main producers, so it moves with the main-producer list.",14,2025-06,2026-01
Steel,Production of Finished Steel ('000 Tonnes),Main Producer: Tata Steel (TSL),'000 Tonnes,steel_tsl,Finished steel - Tata Steel,MT,0.001,false,false,'Tata Steel (TSL)' (printed 'Tata Steet') in FY2015-21; 'TSL GROUP' in FY2025-26.,2,2015-05,2015-05
Steel,Production of Finished Steel ('000 Tonnes),Main Producer: Tata Steet (TSL),'000 Tonnes,steel_tsl,Finished steel - Tata Steel,MT,0.001,false,false,'Tata Steel (TSL)' (printed 'Tata Steet') in FY2015-21; 'TSL GROUP' in FY2025-26.; printed label clipped/typo in source,63,2015-04,2018-03
Steel,Production of Finished Steel ('000 Tonnes) / Main Producer,Tata Steet (TSL),'000 Tonnes,steel_tsl,Finished steel - Tata Steel,MT,0.001,false,false,'Tata Steel (TSL)' (printed 'Tata Steet') in FY2015-21; 'TSL GROUP' in FY2025-26.; printed label clipped/typo in source,68,2018-04,2021-03
Steel,Production of Finished Steel ('Th Tonnes): Main Producers,TSL GROUP,'000 Tonnes,steel_tsl,Finished steel - Tata Steel,MT,0.001,false,false,'Tata Steel (TSL)' (printed 'Tata Steet') in FY2015-21; 'TSL GROUP' in FY2025-26.,14,2025-06,2026-01
Cement,Cement Production (MT),Large Plants,MT,cement_large_plants,Cement production - large plants,MT,1,false,true,FY2025-26 layout only.,14,2025-06,2026-01
Cement,Cement Production (MT),Mini Plants,MT,cement_mini_plants,Cement production - mini plants,MT,1,false,true,FY2025-26 layout only.,14,2025-06,2026-01
Cement,Cement Production (MT),Cement Production (MT),MT,cement_total,Cement production - total,MT,1,true,true,Headline: matches Highlights 'Cement (MT)'.,14,2025-06,2026-01
Cement,Cement Production (MT),Cement Production(MT),MT,cement_total,Cement production - total,MT,1,true,true,Headline: matches Highlights 'Cement (MT)'.,133,2015-04,2021-03
Fertilizers,Fertilisers Production ('000 Tonnes),Nitrogen,'000 Tonnes,fertilizer_nitrogen,Fertilizer production - nitrogen (N),MT,0.001,false,true,,133,2015-04,2021-03
Fertilizers,Fertilisers Production ('Th Tonnes),Nitrogen,'000 Tonnes,fertilizer_nitrogen,Fertilizer production - nitrogen (N),MT,0.001,false,true,,14,2025-06,2026-01
Fertilizers,Fertilisers Production ('000 Tonnes),Phosphate,'000 Tonnes,fertilizer_phosphate,Fertilizer production - phosphate (P),MT,0.001,false,true,,133,2015-04,2021-03
Fertilizers,Fertilisers Production ('Th Tonnes),Phosphate,'000 Tonnes,fertilizer_phosphate,Fertilizer production - phosphate (P),MT,0.001,false,true,,14,2025-06,2026-01
Fertilizers,Fertilisers Production ('000 Tonnes),Total,'000 Tonnes,fertilizer_total,Fertilizer production - total,MT,0.001,true,false,"Headline, definition changed: FY2015-21 total = nitrogen + phosphate; FY2025-26 total = nitrogen + phosphate + urea. The Highlights table uses N+P only in all years.",133,2015-04,2021-03
Fertilizers,Fertilisers Production ('Th Tonnes),Fertilisers Production ('Th Tonnes),'000 Tonnes,fertilizer_total,Fertilizer production - total,MT,0.001,true,false,"Headline, definition changed: FY2015-21 total = nitrogen + phosphate; FY2025-26 total = nitrogen + phosphate + urea. The Highlights table uses N+P only in all years.",14,2025-06,2026-01
Fertilizers,Fertilisers Production ('Th Tonnes),Urea,'000 Tonnes,fertilizer_urea,Urea production,MT,0.001,false,true,FY2025-26 layout only.,14,2025-06,2026-01
Petroleum & Natural Gas,Petroleum,Crude Oil Prod. (MMT),MMT,crude_oil_production,Crude oil production,MT,1,true,true,Headline: first Petroleum row of the Highlights table (the sector has no printed total). Printed 'MT' (FY2015-21) and 'MMT' (FY2025-26) are both million tonnes.,14,2025-06,2026-01
Petroleum & Natural Gas,Petroleum,Crude Oil Prod. (MT),MT,crude_oil_production,Crude oil production,MT,1,true,true,Headline: first Petroleum row of the Highlights table (the sector has no printed total). Printed 'MT' (FY2015-21) and 'MMT' (FY2025-26) are both million tonnes.,133,2015-04,2021-03
Petroleum & Natural Gas,Petroleum,Natural Gas Prod. (MCM),MCM,natural_gas_production,Natural gas production,MCM,1,false,true,,147,2015-04,2026-01
Petroleum & Natural Gas,Petroleum,Crude Oil Processed (MMT),MMT,refinery_crude_processed,Crude oil processed (refinery throughput),MT,1,false,true,FY2025-26 layout only; replaces 'Refinery Prod.' in the Annexure and Highlights.,14,2025-06,2026-01
Petroleum & Natural Gas,Petroleum,Refinery Prod. (MT),MT,refinery_production,Refinery production,MT,1,false,true,FY2015-21 layout only. Not the same measure as refinery_crude_processed.,133,2015-04,2021-03
Roads,NHAI - Widening to two/four/six/eight lanes and strengthening of existing weak pavement (Kms.),NHAI - Widening to two/four/six/eight lanes and strengthening of existing weak pavement (Kms.),Kms,roads_nhai_km,NHAI - highway widening and strengthening,Kms,1,true,true,Headline: first Roads row of the Highlights table ('NHAI (KM)'). Label wording changed in FY2025-26 ('Widening to two/four/six/eight lanes and strengthening'); the Highlights table reports both as one series.,14,2025-06,2026-01
Roads,Roads (Kms.),NHAI: Widening/ Strengthening/ existing weak pavemen to four/six/eight lanes (Kms.),Kms,roads_nhai_km,NHAI - highway widening and strengthening,Kms,1,true,true,Headline: first Roads row of the Highlights table ('NHAI (KM)'). Label wording changed in FY2025-26 ('Widening to two/four/six/eight lanes and strengthening'); the Highlights table reports both as one series.; printed label clipped/typo in source,2,2016-10,2016-10
Roads,Roads (Kms.),NHAI: Widening/ Strengthening/ existing weak pavement to four/six/eight lanes (Kms.),Kms,roads_nhai_km,NHAI - highway widening and strengthening,Kms,1,true,true,Headline: first Roads row of the Highlights table ('NHAI (KM)'). Label wording changed in FY2025-26 ('Widening to two/four/six/eight lanes and strengthening'); the Highlights table reports both as one series.,63,2015-04,2018-03
Roads,Roads (Kms.) / NHAI,Widening/ Strengthening/ existing weak pavement to four/six/eight lanes (Kms.),Kms,roads_nhai_km,NHAI - highway widening and strengthening,Kms,1,true,true,Headline: first Roads row of the Highlights table ('NHAI (KM)'). Label wording changed in FY2025-26 ('Widening to two/four/six/eight lanes and strengthening'); the Highlights table reports both as one series.,68,2018-04,2021-03
Roads,Roads (Kms.),State PWD and Border Road Organisation (BRO): Total of (b),Kms,roads_state_pwd_bro_km,State PWD & BRO roads - total,Kms,1,false,true,'Total of (b)' (FY2015-21) / 'State PWD and Border Road Organisation (BRO)' subtotal (FY2025-26); = Highlights 'State PWD & BRO (KM)'.,65,2015-04,2018-03
Roads,Roads (Kms.) / State PWD and Border Road Organisation (BRO),Total of (b),Kms,roads_state_pwd_bro_km,State PWD & BRO roads - total,Kms,1,false,true,'Total of (b)' (FY2015-21) / 'State PWD and Border Road Organisation (BRO)' subtotal (FY2025-26); = Highlights 'State PWD & BRO (KM)'.,68,2018-04,2021-03
Roads,State PWD and Border Road Organisation (BRO),State PWD and Border Road Organisation (BRO),Kms,roads_state_pwd_bro_km,State PWD & BRO roads - total,Kms,1,false,true,'Total of (b)' (FY2015-21) / 'State PWD and Border Road Organisation (BRO)' subtotal (FY2025-26); = Highlights 'State PWD & BRO (KM)'.,14,2025-06,2026-01
Roads,Roads (Kms.),State PWD and Border Road Organisation (BRO): Widening to four/six/eight lanes (Kms.),Kms,roads_state_pwd_bro_multi_lane_km,State PWD & BRO - widening to four/six/eight lanes,Kms,1,false,true,,65,2015-04,2018-03
Roads,Roads (Kms.) / State PWD and Border Road Organisation (BRO),Widening to four/six/eight lanes (Kms.),Kms,roads_state_pwd_bro_multi_lane_km,State PWD & BRO - widening to four/six/eight lanes,Kms,1,false,true,,68,2018-04,2021-03
Roads,State PWD and Border Road Organisation (BRO),Widening to four/six/eight lanes (Kms.),Kms,roads_state_pwd_bro_multi_lane_km,State PWD & BRO - widening to four/six/eight lanes,Kms,1,false,true,,14,2025-06,2026-01
Roads,Roads (Kms.),State PWD and Border Road Organisation (BRO): Strengthening of existing weak pavemen (Kms.),Kms,roads_state_pwd_bro_strengthening_km,State PWD & BRO - strengthening of weak pavement,Kms,1,false,true,printed label clipped/typo in source,2,2016-08,2016-08
Roads,Roads (Kms.),State PWD and Border Road Organisation (BRO): Strengthening of existing weak pavement (Kms.),Kms,roads_state_pwd_bro_strengthening_km,State PWD & BRO - strengthening of weak pavement,Kms,1,false,true,,63,2015-04,2018-03
Roads,Roads (Kms.) / State PWD and Border Road Organisation (BRO),Strengthening of existing weak pavement (Kms.),Kms,roads_state_pwd_bro_strengthening_km,State PWD & BRO - strengthening of weak pavement,Kms,1,false,true,,68,2018-04,2021-03
Roads,State PWD and Border Road Organisation (BRO),Strengthening of existing weak pavement (Kms.),Kms,roads_state_pwd_bro_strengthening_km,State PWD & BRO - strengthening of weak pavement,Kms,1,false,true,,14,2025-06,2026-01
Roads,Roads (Kms.),State PWD and Border Road Organisation (BRO): Widening to two lanes (Kms.),Kms,roads_state_pwd_bro_two_lane_km,State PWD & BRO - widening to two lanes,Kms,1,false,true,,65,2015-04,2018-03
Roads,Roads (Kms.) / State PWD and Border Road Organisation (BRO),Widening to two lanes (Kms.),Kms,roads_state_pwd_bro_two_lane_km,State PWD & BRO - widening to two lanes,Kms,1,false,true,,68,2018-04,2021-03
Roads,State PWD and Border Road Organisation (BRO),Widening to two lanes (Kms.),Kms,roads_state_pwd_bro_two_lane_km,State PWD & BRO - widening to two lanes,Kms,1,false,true,,14,2025-06,2026-01
Railways,Railways,Revenue earning Freight Traffic (MT),MT,railways_freight_mt,Railway revenue-earning freight traffic,MT,1,true,true,Headline: matches Highlights 'Railway Revenue Earning Freight Traffic (MT)'. 'goods' (FY2015-21) / 'Freight' (FY2025-26).,14,2025-06,2026-01
Railways,Railways,Revenue earning goods Traffic (MT),MT,railways_freight_mt,Railway revenue-earning freight traffic,MT,1,true,true,Headline: matches Highlights 'Railway Revenue Earning Freight Traffic (MT)'. 'goods' (FY2015-21) / 'Freight' (FY2025-26).,133,2015-04,2021-03
Railways,Railways,"Gauge, Doubling & New line (in Kms)",Kms,railways_new_line_km,"Railway new line, gauge conversion and doubling",Kms,1,false,true,FY2025-26 layout only.,14,2025-06,2026-01
Railways,Railways,Passenger Traffic (in Million),Million,railways_passengers_mn,Railway passenger traffic,Million,1,false,true,FY2025-26 layout only.,14,2025-06,2026-01
Shipping & Ports,Cargo handling of major commodities at major ports,Coal handled at major ports (MT),MT,ports_coal_mt,Coal handled at major ports,MT,1,false,true,From Mar 2016; replaced 'Coastal Shipment of Coal'.,14,2025-06,2026-01
Shipping & Ports,Shipping,Coal handled at major ports (MT),MT,ports_coal_mt,Coal handled at major ports,MT,1,false,true,From Mar 2016; replaced 'Coastal Shipment of Coal'.,114,2016-03,2021-03
Shipping & Ports,Shipping,Coastal Shipment of Coal (MT),MT,ports_coastal_coal_mt,Coastal shipment of coal,MT,1,false,true,Apr 2015 - Feb 2016 only.,19,2015-04,2016-02
Shipping & Ports,Cargo handling of major commodities at major ports,Container handled at major ports (Tonnes),Tonnes,ports_container_mt,Container cargo handled at major ports,MT,0.000001,false,true,FY2025-26 layout only; printed in tonnes.,14,2025-06,2026-01
Shipping & Ports,Shipping,Cargo handled at major ports (MT,MT,ports_major_cargo_mt,Cargo handled at major ports,MT,1,true,true,Headline: matches Highlights 'Cargo Handled at Major Ports (MT)'.; printed label clipped/typo in source,2,2016-01,2016-01
Shipping & Ports,Shipping,Cargo handled at major ports (MT),MT,ports_major_cargo_mt,Cargo handled at major ports,MT,1,true,true,Headline: matches Highlights 'Cargo Handled at Major Ports (MT)'.,131,2015-04,2021-03
Shipping & Ports,Shipping,Total Cargo handled at major ports (MT),MT,ports_major_cargo_mt,Cargo handled at major ports,MT,1,true,true,Headline: matches Highlights 'Cargo Handled at Major Ports (MT)'.,14,2025-06,2026-01
Shipping & Ports,Cargo handling of major commodities at major ports,POL Crude handled at major ports (Tonnes),Tonnes,ports_pol_crude_mt,POL crude handled at major ports,MT,0.000001,false,true,FY2025-26 layout only; printed in tonnes.,14,2025-06,2026-01
Civil Aviation,Aircraft Movements (In 'Th) -includes General Aviation,Aircraft Movements (In 'Th) -includes General Aviation,'000 Numbers,aviation_aircraft_movements,Aircraft movements (incl. general aviation),'000 Numbers,1,false,true,FY2025-26 layout only.,14,2025-06,2026-01
Civil Aviation,Civil Aviation,Passenger Traffic Handled at (In Numbers): Domestic Terminals,Numbers,aviation_dom_passengers,Passengers handled at domestic terminals,Lakh,0.00001,true,true,Headline: in the Highlights table of every layout (the sector has no printed total). Printed in numbers.,65,2015-04,2018-03
Civil Aviation,Civil Aviation / Passenger Traffic Handled at (In Numbers),Domestic Terminals,Numbers,aviation_dom_passengers,Passengers handled at domestic terminals,Lakh,0.00001,true,true,Headline: in the Highlights table of every layout (the sector has no printed total). Printed in numbers.,68,2018-04,2021-03
Civil Aviation,Passenger Traffic Handled at (In Numbers),Domestic Terminals,Numbers,aviation_dom_passengers,Passengers handled at domestic terminals,Lakh,0.00001,true,true,Headline: in the Highlights table of every layout (the sector has no printed total). Printed in numbers.,14,2025-06,2026-01
Civil Aviation,Cargo handled at Airports (In Metric Tonnes),Export Cargo,Tonnes,aviation_export_cargo_t,Export cargo handled at airports,Tonnes,1,false,true,FY2025-26 layout prints the actual only.,14,2025-06,2026-01
Civil Aviation,Civil Aviation,Cargo handled at Airports (In Metric Tonnes): Export Cargo,Tonnes,aviation_export_cargo_t,Export cargo handled at airports,Tonnes,1,false,true,FY2025-26 layout prints the actual only.,65,2015-04,2018-03
Civil Aviation,Civil Aviation / Cargo handled at Airports (In Metric Tonnes),Export Cargo,Tonnes,aviation_export_cargo_t,Export cargo handled at airports,Tonnes,1,false,true,FY2025-26 layout prints the actual only.,68,2018-04,2021-03
Civil Aviation,Cargo handled at Airports (In Metric Tonnes),Import Cargo,Tonnes,aviation_import_cargo_t,Import cargo handled at airports,Tonnes,1,false,true,FY2025-26 layout prints the actual only.,14,2025-06,2026-01
Civil Aviation,Civil Aviation,Cargo handled at Airports (In Metric Tonnes): Import Cargo,Tonnes,aviation_import_cargo_t,Import cargo handled at airports,Tonnes,1,false,true,FY2025-26 layout prints the actual only.,65,2015-04,2018-03
Civil Aviation,Civil Aviation / Cargo handled at Airports (In Metric Tonnes),Import Cargo,Tonnes,aviation_import_cargo_t,Import cargo handled at airports,Tonnes,1,false,true,FY2025-26 layout prints the actual only.,68,2018-04,2021-03
Civil Aviation,Civil Aviation,Passenger Traffic Handled at (In Numbers): International Terminals,Numbers,aviation_intl_passengers,Passengers handled at international terminals,Lakh,0.00001,false,true,Printed in numbers.,65,2015-04,2018-03
Civil Aviation,Civil Aviation / Passenger Traffic Handled at (In Numbers),International Terminals,Numbers,aviation_intl_passengers,Passengers handled at international terminals,Lakh,0.00001,false,true,Printed in numbers.,68,2018-04,2021-03
Civil Aviation,Passenger Traffic Handled at (In Numbers),International Terminals,Numbers,aviation_intl_passengers,Passengers handled at international terminals,Lakh,0.00001,false,true,Printed in numbers.,14,2025-06,2026-01
Telecommunications,Telecommunications,Total connections (ii+iii) (in '000 Numbers),'000 Numbers,telecom_connections_net_add,Net new telephone connections (wireline + wireless),'000 Numbers,1,true,true,"Headline: Annexure sector total 'Total connections (ii+iii)', a monthly flow like the Highlights telecom rows. FY2015-21 only: the FY2025-26 Annexure prints subscriber stocks instead (telecom_subscribers_total).",133,2015-04,2021-03
Telecommunications,Total Telephone Subscribers(in million),Total Telephone Subscribers(in million),Million,telecom_subscribers_total,Telephone subscribers - total,Million,1,false,true,"FY2025-26 layout only; a stock (month rows only), not comparable with the net-addition flows.",6,2025-07,2026-01
Telecommunications,Telecommunications,Net Addition in Switching Capacit (Fixed+WLL+GSM) ('000 Lines),'000 Lines,telecom_switching_capacity_net_add,Net addition in switching capacity,'000 Lines,1,false,true,FY2015-21 layout only.; printed label clipped/typo in source,4,2016-08,2016-10
Telecommunications,Telecommunications,Net Addition in Switching Capacity (Fixed + WLL + GSM) ('000 Lines),'000 Lines,telecom_switching_capacity_net_add,Net addition in switching capacity,'000 Lines,1,false,true,FY2015-21 layout only.,1,2015-04,2015-04
Telecommunications,Telecommunications,Net Addition in Switching Capacity (Fixed+WLL+GSM) ('000 Lines),'000 Lines,telecom_switching_capacity_net_add,Net addition in switching capacity,'000 Lines,1,false,true,FY2015-21 layout only.,128,2015-05,2021-03
Telecommunications,Total Telephone Subscribers(in million),Wired Subscribers,Million,telecom_wired_subscribers,Telephone subscribers - wired,Million,1,false,true,FY2025-26 layout only; stock.,6,2025-07,2026-01
Telecommunications,Telecommunications,Net (New) Wireless (WLL+GSM) connections provided ('000 Numbers),'000 Numbers,telecom_wireless_net_add,Net new wireless (WLL + GSM) connections,'000 Numbers,1,false,true,FY2015-21 layout only.,132,2015-05,2021-03
Telecommunications,Telecommunications,Net New Wireless (WLL+GSM) connections provided ('000 Numbers),'000 Numbers,telecom_wireless_net_add,Net new wireless (WLL + GSM) connections,'000 Numbers,1,false,true,FY2015-21 layout only.,1,2015-04,2015-04
Telecommunications,Total Telephone Subscribers(in million),Wireless Subscribers,Million,telecom_wireless_subscribers,Telephone subscribers - wireless,Million,1,false,true,FY2025-26 layout only; stock.,6,2025-07,2026-01
Telecommunications,Telecommunications,Net new wireline (Fixed) telephon connections provided ('000 Numbers),'000 Numbers,telecom_wireline_net_add,Net new wireline (fixed) connections,'000 Numbers,1,false,true,FY2015-21 layout only.; printed label clipped/typo in source,4,2016-08,2016-10
Telecommunications,Telecommunications,Net new wireline (Fixed) telephone connections provided ('000 Numbers),'000 Numbers,telecom_wireline_net_add,Net new wireline (fixed) connections,'000 Numbers,1,false,true,FY2015-21 layout only.,129,2015-04,2021-03
