era,sector_raw,ministry,sector_raw_norm,sector,sector_hml,rule,note,n_project_rows,n_summary_rows
hml,,Department for Promotion of Industry & Internal Trade,,Industry & Commerce,,ministry,ministry-level summary row,0,27
hml,,Department of Higher Education,,Education,,ministry,ministry-level summary row,0,27
hml,,Department of Sports,,Unknown,,unmapped,ministry 'Department of Sports' has no harmonised sector,0,27
hml,,Department of Telecommunications,,Telecommunications,,ministry,ministry-level summary row,0,27
hml,,"Department of Water Resources, River Development & GR",,Water Resources,,ministry,ministry-level summary row,0,36
hml,,Ministry of Civil Aviation,,Civil Aviation,,ministry,ministry-level summary row,0,27
hml,,Ministry of Coal,,Coal,,ministry,ministry-level summary row,0,144
hml,,Ministry of Health & Family Welfare,,Health,,ministry,ministry-level summary row,0,27
hml,,Ministry of Housing & Urban Affairs,,Urban Development & Housing,,ministry,ministry-level summary row,0,47
hml,,Ministry of Labour and Employment,,Unknown,,unmapped,ministry 'Ministry of Labour and Employment' has no harmonised sector,0,27
hml,,Ministry of Mines,,Mines & Metals,,ministry,ministry-level summary row,0,27
hml,,Ministry of Petroleum & Natural Gas,,Petroleum & Natural Gas,,ministry,ministry-level summary row,0,144
hml,,"Ministry of Ports, Shipping and Waterways",,Shipping & Ports,,ministry,ministry-level summary row,0,27
hml,,Ministry of Power,,Power,,ministry,ministry-level summary row,0,144
hml,,Ministry of Railways,,Railways,,ministry,ministry-level summary row,0,144
hml,,Ministry of Road Transport & Highways,,Roads & Highways,,ministry,ministry-level summary row,0,112
hml,,Ministry of Steel,,Steel,,ministry,ministry-level summary row,0,27
hml,Aviation & Aviation Infrastructure,,AVIATION AND AVIATION INFRASTRUCTURE,Civil Aviation,Aviation & Aviation Infrastructure,sector_raw,,0,44
hml,Aviation & Aviation Infrastructure,Ministry of Civil Aviation,AVIATION AND AVIATION INFRASTRUCTURE,Civil Aviation,Aviation & Aviation Infrastructure,sector_raw,,288,846
hml,Coal,,COAL,Coal,Coal,sector_raw,,0,44
hml,Coal,Ministry of Coal,COAL,Coal,Coal,sector_raw,,1279,495
hml,Coal,Ministry of Power,COAL,Power,Coal,ministry,HML 'Coal' under Ministry of Power: sector follows the ministry (OCMS-era classification),22,121
hml,Construction,,CONSTRUCTION,Unknown,Construction,unmapped,HML 'Construction' spans ministries and no mapped ministry is printed,0,44
hml,Construction,Ministry of Housing & Urban Affairs,CONSTRUCTION,Urban Development & Housing,Construction,ministry,HML 'Construction' under Ministry of Housing & Urban Affairs: sector follows the ministry (OCMS-era classification),12,124
hml,Construction,Ministry of Mines,CONSTRUCTION,Mines & Metals,Construction,ministry,HML 'Construction' under Ministry of Mines: sector follows the ministry (OCMS-era classification),11,121
hml,Education,,EDUCATION,Education,Education,sector_raw,,0,44
hml,Education,Department of Higher Education,EDUCATION,Education,Education,sector_raw,,331,1070
hml,Education,Department of Sports,EDUCATION,Education,Education,sector_raw,,9,99
hml,Electricity Generation,,ELECTRICITY GENERATION,Power,Electricity Generation,sector_raw,,0,44
hml,Electricity Generation,Ministry of Coal,ELECTRICITY GENERATION,Coal,Electricity Generation,ministry,HML 'Electricity Generation' under Ministry of Coal: sector follows the ministry (OCMS-era classification),81,280
hml,Electricity Generation,Ministry of Power,ELECTRICITY GENERATION,Power,Electricity Generation,sector_raw,,346,725
hml,Energy Storage,,ENERGY STORAGE,Unknown,Energy Storage,unmapped,HML 'Energy Storage' spans ministries and no mapped ministry is printed,0,44
hml,Energy Storage,Ministry of Petroleum & Natural Gas,ENERGY STORAGE,Petroleum & Natural Gas,Energy Storage,ministry,HML 'Energy Storage' under Ministry of Petroleum & Natural Gas: sector follows the ministry (OCMS-era classification),186,781
hml,Healthcare,,HEALTHCARE,Health,Healthcare,sector_raw,,0,44
hml,Healthcare,Ministry of Health & Family Welfare,HEALTHCARE,Health,Healthcare,sector_raw,,248,589
hml,Healthcare,Ministry of Labour and Employment,HEALTHCARE,Health,Healthcare,sector_raw,,109,342
hml,Healthcare,"Ministry of Ports, Shipping and Waterways",HEALTHCARE,Shipping & Ports,Healthcare,ministry,"HML 'Healthcare' under Ministry of Ports, Shipping and Waterways: sector follows the ministry (OCMS-era classification)",7,77
hml,Inland Waterways,,INLAND WATERWAYS,Shipping & Ports,Inland Waterways,sector_raw,,0,44
hml,Inland Waterways,Ministry of Housing & Urban Affairs,INLAND WATERWAYS,Urban Development & Housing,Inland Waterways,ministry,HML 'Inland Waterways' under Ministry of Housing & Urban Affairs: sector follows the ministry (OCMS-era classification),3,33
hml,Inland Waterways,"Ministry of Ports, Shipping and Waterways",INLAND WATERWAYS,Shipping & Ports,Inland Waterways,sector_raw,,18,281
hml,Inland Waterways,Ministry of Railways,INLAND WATERWAYS,Railways,Inland Waterways,ministry,HML 'Inland Waterways' under Ministry of Railways: sector follows the ministry (OCMS-era classification),3,11
hml,Logistics Infrastructure,,LOGISTICS INFRASTRUCTURE,Industry & Commerce,Logistics Infrastructure,sector_raw,,0,28
hml,Logistics Infrastructure,Department for Promotion of Industry & Internal Trade,LOGISTICS INFRASTRUCTURE,Industry & Commerce,Logistics Infrastructure,sector_raw,,10,85
hml,Metals & Mining,,METALS AND MINING,Mines & Metals,Metals & Mining,sector_raw,,0,44
hml,Metals & Mining,Ministry of Mines,METALS AND MINING,Mines & Metals,Metals & Mining,sector_raw,,67,217
hml,Metals & Mining,Ministry of Steel,METALS AND MINING,Steel,Metals & Mining,ministry,HML 'Metals & Mining' under Ministry of Steel: sector follows the ministry (OCMS-era classification),11,121
hml,Oil & Gas,,OIL AND GAS,Petroleum & Natural Gas,Oil & Gas,sector_raw,,0,44
hml,Oil & Gas,Ministry of Petroleum & Natural Gas,OIL AND GAS,Petroleum & Natural Gas,Oil & Gas,sector_raw,,1057,1264
hml,Railways,,RAILWAYS,Railways,Railways,sector_raw,,0,44
hml,Railways,Ministry of Coal,RAILWAYS,Coal,Railways,ministry,HML 'Railways' under Ministry of Coal: sector follows the ministry (OCMS-era classification),22,165
hml,Railways,Ministry of Railways,RAILWAYS,Railways,Railways,sector_raw,,2769,1454
hml,Real Estate,,REAL ESTATE,Unknown,Real Estate,unmapped,HML 'Real Estate' spans ministries and no mapped ministry is printed,0,44
hml,Real Estate,Department for Promotion of Industry & Internal Trade,REAL ESTATE,Industry & Commerce,Real Estate,ministry,HML 'Real Estate' under Department for Promotion of Industry & Internal Trade: sector follows the ministry (OCMS-era classification),57,243
hml,Real Estate,Ministry of Housing & Urban Affairs,REAL ESTATE,Urban Development & Housing,Real Estate,ministry,HML 'Real Estate' under Ministry of Housing & Urban Affairs: sector follows the ministry (OCMS-era classification),50,273
hml,Real Estate,Ministry of Railways,REAL ESTATE,Railways,Real Estate,ministry,HML 'Real Estate' under Ministry of Railways: sector follows the ministry (OCMS-era classification),1,11
hml,Roads & Highways,,ROADS AND HIGHWAYS,Roads & Highways,Roads & Highways,sector_raw,,0,32
hml,Roads & Highways,Ministry of Road Transport & Highways,ROADS AND HIGHWAYS,Roads & Highways,Roads & Highways,sector_raw,,8621,1164
hml,Shipping,,SHIPPING,Shipping & Ports,Shipping,sector_raw,,0,44
hml,Shipping,"Ministry of Ports, Shipping and Waterways",SHIPPING,Shipping & Ports,Shipping,sector_raw,,78,277
hml,Steel,,STEEL,Steel,Steel,sector_raw,,0,44
hml,Steel,Ministry of Steel,STEEL,Steel,Steel,sector_raw,,224,280
hml,Telecommunication,,TELECOMMUNICATION,Telecommunications,Telecommunication,sector_raw,,0,44
hml,Telecommunication,Department of Telecommunications,TELECOMMUNICATION,Telecommunications,Telecommunication,sector_raw,,189,1175
hml,"Tourism, Hospitality & Wellness",,TOURISM HOSPITALITY AND WELLNESS,Tourism & Culture,"Tourism, Hospitality & Wellness",sector_raw,,0,44
hml,"Tourism, Hospitality & Wellness",Department for Promotion of Industry & Internal Trade,TOURISM HOSPITALITY AND WELLNESS,Industry & Commerce,"Tourism, Hospitality & Wellness",ministry,"HML 'Tourism, Hospitality & Wellness' under Department for Promotion of Industry & Internal Trade: sector follows the ministry (OCMS-era classification)",1,11
hml,"Tourism, Hospitality & Wellness","Ministry of Ports, Shipping and Waterways",TOURISM HOSPITALITY AND WELLNESS,Shipping & Ports,"Tourism, Hospitality & Wellness",ministry,"HML 'Tourism, Hospitality & Wellness' under Ministry of Ports, Shipping and Waterways: sector follows the ministry (OCMS-era classification)",11,121
hml,Transmission & Distribution,,TRANSMISSION AND DISTRIBUTION,Power,Transmission & Distribution,sector_raw,,0,44
hml,Transmission & Distribution,Ministry of Power,TRANSMISSION AND DISTRIBUTION,Power,Transmission & Distribution,sector_raw,,752,1282
hml,Urban Public Transport,,URBAN PUBLIC TRANSPORT,Urban Development & Housing,Urban Public Transport,sector_raw,,0,44
hml,Urban Public Transport,Ministry of Housing & Urban Affairs,URBAN PUBLIC TRANSPORT,Urban Development & Housing,Urban Public Transport,sector_raw,,300,535
hml,Urban Public Transport,Ministry of Railways,URBAN PUBLIC TRANSPORT,Railways,Urban Public Transport,ministry,HML 'Urban Public Transport' under Ministry of Railways: sector follows the ministry (OCMS-era classification),1,11
hml,Waste & Water,,WASTE AND WATER,Urban Development & Housing,Waste & Water,sector_raw,,0,44
hml,Waste & Water,"Department of Water Resources, River Development & GR",WASTE AND WATER,Water Resources,Waste & Water,ministry,"HML 'Waste & Water' under Department of Water Resources, River Development & GR: sector follows the ministry (OCMS-era classification)",88,209
hml,Waste & Water,Ministry of Housing & Urban Affairs,WASTE AND WATER,Urban Development & Housing,Waste & Water,sector_raw,,218,521
hml,Water Resources,,WATER RESOURCES,Water Resources,Water Resources,sector_raw,,0,44
hml,Water Resources,"Department of Water Resources, River Development & GR",WATER RESOURCES,Water Resources,Water Resources,sector_raw,,421,742
ocms,ATOMIC ENERGY,,ATOMIC ENERGY,Atomic Energy,,sector_raw,,627,5078
ocms,Atomic Energy,,ATOMIC ENERGY,Atomic Energy,,sector_raw,,267,2390
ocms,CIVIL AVIATION,,CIVIL AVIATION,Civil Aviation,,sector_raw,,1157,5240
ocms,COAL,,COAL,Coal,,sector_raw,,7761,5325
ocms,COMMERCE,,COMMERCE,Industry & Commerce,,sector_raw,,11,991
ocms,CULTURE DEVELOPMENT,,CULTURE DEVELOPMENT,Tourism & Culture,,sector_raw,,1,94
ocms,Civil Aviation,,CIVIL AVIATION,Civil Aviation,,sector_raw,,483,2476
ocms,Coal,,COAL,Coal,,sector_raw,,2780,2515
ocms,Commerce,,COMMERCE,Industry & Commerce,,sector_raw,,0,4
ocms,DEFENCE PRODUCTION,,DEFENCE PRODUCTION,Defence,,sector_raw,,28,1576
ocms,DEPARTMENT OF HIGHER EDUCATION,,DEPARTMENT OF HIGHER EDUCATION,Education,,sector_raw,,462,1096
ocms,DONER,,DONER,North Eastern Region,,sector_raw,,16,1010
ocms,DPIIT,,DPIIT,Industry & Commerce,,sector_raw,,40,1154
ocms,DUMMY SECTOR,,DUMMY SECTOR,Unknown,,junk,OCMS placeholder category (0 projects),0,7
ocms,Defence Production,,DEFENCE PRODUCTION,Defence,,sector_raw,,0,76
ocms,Department of Higher Education,,DEPARTMENT OF HIGHER EDUCATION,Education,,sector_raw,,0,80
ocms,FERTILISERS,,FERTILISERS,Fertilizers & Chemicals,,sector_raw,,104,3512
ocms,FINANC,,FINANCE,Finance,,sector_raw,truncated label 'FINANC',0,7
ocms,FINANCE,,FINANCE,Finance,,sector_raw,,52,1056
ocms,Fertilisers,,FERTILISERS,Fertilizers & Chemicals,,sector_raw,,250,1634
ocms,Fertilizers,,FERTILIZERS,Fertilizers & Chemicals,,sector_raw,,0,12
ocms,Finance,,FINANCE,Finance,,sector_raw,,0,76
ocms,HEALTH & FW,,HEALTH AND FW,Health,,sector_raw,,65,560
ocms,HEALTH AND FAMILY WELFARE,,HEALTH AND FAMILY WELFARE,Health,,sector_raw,,595,2506
ocms,HEAVY INDUSTRIES,,HEAVY INDUSTRIES,Industry & Commerce,,sector_raw,,0,48
ocms,HEAVY INDUSTRY,,HEAVY INDUSTRY,Industry & Commerce,,sector_raw,,49,2417
ocms,HOME AFFAIRS,,HOME AFFAIRS,Home Affairs,,sector_raw,,110,1159
ocms,Health & Family Welfare,,HEALTH AND FAMILY WELFARE,Health,,sector_raw,,21,154
ocms,Health and Family Welfare,,HEALTH AND FAMILY WELFARE,Health,,sector_raw,,0,81
ocms,Home Affairs,,HOME AFFAIRS,Home Affairs,,sector_raw,,0,80
ocms,INFORMATION AND BROADCASTING,,INFORMATION AND BROADCASTING,Other,,sector_raw,,0,14
ocms,INFORMATION TECHNOLOGY,,INFORMATION TECHNOLOGY,Other,,sector_raw,,0,14
ocms,MINES,,MINES,Mines & Metals,,sector_raw,,277,4091
ocms,MOBILE SECTOR,,MOBILE SECTOR,Unknown,,junk,OCMS placeholder category (0 projects),0,7
ocms,Mines,,MINES,Mines & Metals,,sector_raw,,35,667
ocms,PETROCHEMICALS,,PETROCHEMICALS,Fertilizers & Chemicals,,sector_raw,,59,3030
ocms,PETROLEUM,,PETROLEUM,Petroleum & Natural Gas,,sector_raw,,9754,5374
ocms,POWER,,POWER,Power,,sector_raw,,12155,5349
ocms,Petrochemicals,,PETROCHEMICALS,Fertilizers & Chemicals,,sector_raw,,28,1653
ocms,Petroleum,,PETROLEUM,Petroleum & Natural Gas,,sector_raw,,4647,2612
ocms,Power,,POWER,Power,,sector_raw,,5656,2604
ocms,RAILWAYS,,RAILWAYS,Railways,,sector_raw,,26021,5362
ocms,RENEWABLE ENERGY,,RENEWABLE ENERGY,Power,,sector_raw,,14,913
ocms,ROAD TRANSPORT & HIGHWAYS,,ROAD TRANSPORT AND HIGHWAYS,Roads & Highways,,sector_raw,,8019,640
ocms,ROAD TRANSPORT AND HIGHWAYS,,ROAD TRANSPORT AND HIGHWAYS,Roads & Highways,,sector_raw,,35039,4726
ocms,RURAL DEVELOPMENT,,RURAL DEVELOPMENT,Rural Development,,sector_raw,,12,283
ocms,Railways,,RAILWAYS,Railways,,sector_raw,,8461,2627
ocms,Renewable Energy,,RENEWABLE ENERGY,Power,,sector_raw,,0,76
ocms,Road Transport & Highways,,ROAD TRANSPORT AND HIGHWAYS,Roads & Highways,,sector_raw,,8375,2046
ocms,Road Transport And Highways,,ROAD TRANSPORT AND HIGHWAYS,Roads & Highways,,sector_raw,,645,285
ocms,Road Transport and Highways,,ROAD TRANSPORT AND HIGHWAYS,Roads & Highways,,sector_raw,,0,153
ocms,SHIPPING & PORTS,,SHIPPING AND PORTS,Shipping & Ports,,sector_raw,,376,638
ocms,SHIPPING AND PORTS,,SHIPPING AND PORTS,Shipping & Ports,,sector_raw,,615,4506
ocms,SOCIAL JUSTICE,,SOCIAL JUSTICE,Social Justice,,sector_raw,,19,804
ocms,STEEL,,STEEL,Steel,,sector_raw,,2774,5332
ocms,Shipping & Ports,,SHIPPING AND PORTS,Shipping & Ports,,sector_raw,,1243,2096
ocms,Shipping And Ports,,SHIPPING AND PORTS,Shipping & Ports,,sector_raw,,80,284
ocms,Shipping and Ports,,SHIPPING AND PORTS,Shipping & Ports,,sector_raw,,0,81
ocms,Shipping and ports,,SHIPPING AND PORTS,Shipping & Ports,,sector_raw,,0,78
ocms,Social Justice,,SOCIAL JUSTICE,Social Justice,,sector_raw,,0,76
ocms,Steel,,STEEL,Steel,,sector_raw,,1246,2517
ocms,TELECOMMUNICATION,,TELECOMMUNICATION,Telecommunications,,sector_raw,,1552,640
ocms,TELECOMMUNICATIONS,,TELECOMMUNICATIONS,Telecommunications,,sector_raw,,412,4642
ocms,Telecommunications,,TELECOMMUNICATIONS,Telecommunications,,sector_raw,,1944,2418
ocms,URBAN DEVELOPMENT,,URBAN DEVELOPMENT,Urban Development & Housing,,sector_raw,,2138,5341
ocms,Urban Development,,URBAN DEVELOPMENT,Urban Development & Housing,,sector_raw,,211,2377
ocms,WATER RESOURCES,,WATER RESOURCES,Water Resources,,sector_raw,,866,2585
ocms,Water Resources,,WATER RESOURCES,Water Resources,,sector_raw,,52,2176
