state_raw,state_raw_norm,state,state_list,is_special,note,n_project_rows,n_summary_rows
,,,,false,blank: project rows stay blank (not printed); summary rows -> Not Specified,43030,24
(blank) / Offshore / PAN India,BLANK OFFSHORE PAN INDIA,Not Specified,,true,combined label (Offshore / PAN India rows),0,9
(state not printed; S.No 28),STATE NOT PRINTED S NO,Not Specified,,true,state not printed in the source,0,8
(state not printed; S.No 29),STATE NOT PRINTED S NO,Not Specified,,true,state not printed in the source,0,4
A & N ISLANDS,A AND N ISLANDS,Andaman & Nicobar Islands,,false,alias,71,28
ANDAMAN & NICOBAR ISLANDS,ANDAMAN AND NICOBAR ISLANDS,Andaman & Nicobar Islands,,false,,35,390
ANDAMAN AND NICOBAR ISLANDS,ANDAMAN AND NICOBAR ISLANDS,Andaman & Nicobar Islands,,false,alias,125,44
ANDHRA PRADESH,ANDHRA PRADESH,Andhra Pradesh,,false,,3567,707
ARUNACHAL PRADESH,ARUNACHAL PRADESH,Arunachal Pradesh,,false,,1097,707
ASSAM,ASSAM,Assam,,false,,3494,707
Andaman & Nicobar,ANDAMAN AND NICOBAR,Andaman & Nicobar Islands,,false,alias,32,109
Andhra Pradesh,ANDHRA PRADESH,Andhra Pradesh,,false,,2374,1083
Arunachal Pr.,ARUNACHAL PR,Arunachal Pradesh,,false,alias,119,311
Arunachal Pradesh,ARUNACHAL PRADESH,Arunachal Pradesh,,false,,199,576
Assam,ASSAM,Assam,,false,,2196,1083
BIHAR,BIHAR,Bihar,,false,,4598,707
Bihar,BIHAR,Bihar,,false,,2183,1243
CHANDIGARH,CHANDIGARH,Chandigarh,,false,,47,459
CHHATISGARH,CHHATISGARH,Chhattisgarh,,false,alias,2023,663
CHHATTISGARH,CHHATTISGARH,Chhattisgarh,,false,,657,44
Chandigarh,CHANDIGARH,Chandigarh,,false,,6,102
Chhatisgarh,CHHATISGARH,Chhattisgarh,,false,alias,896,542
Chhattisgarh,CHHATTISGARH,Chhattisgarh,,false,,669,545
D & N HAVELI,D AND N HAVELI,Dadra & Nagar Haveli and Daman & Diu,,false,alias,33,273
DELHI,DELHI,Delhi,,false,,1169,707
Dadra & Nagar Haveli and Daman & Diu,DADRA AND NAGAR HAVELI AND DAMAN AND DIU,Dadra & Nagar Haveli and Daman & Diu,,false,,15,177
Delhi,DELHI,Delhi,,false,,330,923
GOA,GOA,Goa,,false,,356,677
GUJARAT,GUJARAT,Gujarat,,false,,3194,707
Goa,GOA,Goa,,false,,82,693
Gujarat,GUJARAT,Gujarat,,false,,2046,1315
HARYANA,HARYANA,Haryana,,false,,1332,695
HIMACHAL PRADESH,HIMACHAL PRADESH,Himachal Pradesh,,false,,811,707
Haryana,HARYANA,Haryana,,false,,609,943
Himachal Pr.,HIMACHAL PR,Himachal Pradesh,,false,alias,194,311
Himachal Pradesh,HIMACHAL PRADESH,Himachal Pradesh,,false,,307,460
J & K,J AND K,Jammu & Kashmir,,false,alias,149,64
J and K,J AND K,Jammu & Kashmir,,false,alias,134,247
JAMMU AND KASHMIR,JAMMU AND KASHMIR,Jammu & Kashmir,,false,alias,1247,707
JHARKHAND,JHARKHAND,Jharkhand,,false,,3076,707
Jammu and Kashmir,JAMMU AND KASHMIR,Jammu & Kashmir,,false,alias,501,612
Jharkhand,JHARKHAND,Jharkhand,,false,,1022,904
Jharkhandd,JHARKHANDD,Jharkhand,,false,alias,631,311
KARNATAKA,KARNATAKA,Karnataka,,false,,3207,707
KERALA,KERALA,Kerala,,false,,1244,707
Karnataka,KARNATAKA,Karnataka,,false,,1878,1135
Kerala,KERALA,Kerala,,false,,588,879
LADAKH,LADAKH,Ladakh,,false,,136,68
Ladakh,LADAKH,Ladakh,,false,,38,161
MADHYA PRADESH,MADHYA PRADESH,Madhya Pradesh,,false,,2990,707
MAHARASHTRA,MAHARASHTRA,Maharashtra,,false,,7619,707
MANIPUR,MANIPUR,Manipur,,false,,704,707
MEGHALAYA,MEGHALAYA,Meghalaya,,false,,479,687
MIZORAM,MIZORAM,Mizoram,,false,,619,707
MULTI STATE,MULTI STATE,Multi-State,,true,,10971,707
Madhya Pradesh,MADHYA PRADESH,Madhya Pradesh,,false,,856,617
Madhya pradesh,MADHYA PRADESH,Madhya Pradesh,,false,,965,542
Maharashtra,MAHARASHTRA,Maharashtra,,false,,3820,1179
Manipur,MANIPUR,Manipur,,false,,308,843
Meghalaya,MEGHALAYA,Meghalaya,,false,,174,695
Mizoram,MIZORAM,Mizoram,,false,,270,779
Multi State,MULTI STATE,Multi-State,,true,,4531,542
"Multi-States (Andhra Pradesh, Bihar, Chhattisgarh, Jharkhand, Madhya Pradesh, Maharashtra, Odisha, Telangana, Uttar Pradesh, West Bengal)",MULTI STATES ANDHRA PRADESH BIHAR CHHATTISGARH JHARKHAND MADHYA PRADESH MAHARASHTRA ODISHA TELANGANA UTTAR PRADESH WEST BENGAL,Multi-State,Andhra Pradesh;Bihar;Chhattisgarh;Jharkhand;Madhya Pradesh;Maharashtra;Odisha;Telangana;Uttar Pradesh;West Bengal,true,,20,0
"Multi-States (Andhra Pradesh, Bihar, Delhi, Gujarat, Jharkhand, Karnataka, Kerala, Madhya Pradesh, Odisha, Tamil Nadu, Telangana, Uttar Pradesh, West Bengal)",MULTI STATES ANDHRA PRADESH BIHAR DELHI GUJARAT JHARKHAND KARNATAKA KERALA MADHYA PRADESH ODISHA TAMIL NADU TELANGANA UTTAR PRADESH WEST BENGAL,Multi-State,Andhra Pradesh;Bihar;Delhi;Gujarat;Jharkhand;Karnataka;Kerala;Madhya Pradesh;Odisha;Tamil Nadu;Telangana;Uttar Pradesh;West Bengal,true,,1,0
"Multi-States (Andhra Pradesh, Chhattisgarh, Jharkhand, Maharashtra, Odisha)",MULTI STATES ANDHRA PRADESH CHHATTISGARH JHARKHAND MAHARASHTRA ODISHA,Multi-State,Andhra Pradesh;Chhattisgarh;Jharkhand;Maharashtra;Odisha,true,,11,0
"Multi-States (Andhra Pradesh, Chhattisgarh, Odisha)",MULTI STATES ANDHRA PRADESH CHHATTISGARH ODISHA,Multi-State,Andhra Pradesh;Chhattisgarh;Odisha,true,,10,0
"Multi-States (Andhra Pradesh, Karnataka)",MULTI STATES ANDHRA PRADESH KARNATAKA,Multi-State,Andhra Pradesh;Karnataka,true,,63,0
"Multi-States (Andhra Pradesh, Maharashtra, Telangana)",MULTI STATES ANDHRA PRADESH MAHARASHTRA TELANGANA,Multi-State,Andhra Pradesh;Maharashtra;Telangana,true,,10,0
"Multi-States (Andhra Pradesh, Odisha)",MULTI STATES ANDHRA PRADESH ODISHA,Multi-State,Andhra Pradesh;Odisha,true,,49,0
"Multi-States (Andhra Pradesh, Odisha, Telangana)",MULTI STATES ANDHRA PRADESH ODISHA TELANGANA,Multi-State,Andhra Pradesh;Odisha;Telangana,true,,2,0
"Multi-States (Andhra Pradesh, Tamil Nadu)",MULTI STATES ANDHRA PRADESH TAMIL NADU,Multi-State,Andhra Pradesh;Tamil Nadu,true,,60,0
"Multi-States (Andhra Pradesh, Telangana)",MULTI STATES ANDHRA PRADESH TELANGANA,Multi-State,Andhra Pradesh;Telangana,true,,93,0
"Multi-States (Arunachal Pradesh, Assam)",MULTI STATES ARUNACHAL PRADESH ASSAM,Multi-State,Arunachal Pradesh;Assam,true,,39,0
"Multi-States (Arunachal Pradesh, Assam, Manipur, Meghalaya, Mizoram, Nagaland, Sikkim, Tripura, West Bengal)",MULTI STATES ARUNACHAL PRADESH ASSAM MANIPUR MEGHALAYA MIZORAM NAGALAND SIKKIM TRIPURA WEST BENGAL,Multi-State,Arunachal Pradesh;Assam;Manipur;Meghalaya;Mizoram;Nagaland;Sikkim;Tripura;West Bengal,true,,10,0
"Multi-States (Arunachal Pradesh, Gujarat, Rajasthan)",MULTI STATES ARUNACHAL PRADESH GUJARAT RAJASTHAN,Multi-State,Arunachal Pradesh;Gujarat;Rajasthan,true,,3,0
"Multi-States (Arunachal Pradesh, Sikkim)",MULTI STATES ARUNACHAL PRADESH SIKKIM,Multi-State,Arunachal Pradesh;Sikkim,true,,11,0
"Multi-States (Assam, Bihar, Jharkhand, Odisha, West Bengal)",MULTI STATES ASSAM BIHAR JHARKHAND ODISHA WEST BENGAL,Multi-State,Assam;Bihar;Jharkhand;Odisha;West Bengal,true,,10,0
"Multi-States (Assam, Bihar, West Bengal)",MULTI STATES ASSAM BIHAR WEST BENGAL,Multi-State,Assam;Bihar;West Bengal,true,,7,0
"Multi-States (Assam, Manipur, Meghalaya, Mizoram, Nagaland, Tripura)",MULTI STATES ASSAM MANIPUR MEGHALAYA MIZORAM NAGALAND TRIPURA,Multi-State,Assam;Manipur;Meghalaya;Mizoram;Nagaland;Tripura,true,,11,0
"Multi-States (Assam, Meghalaya)",MULTI STATES ASSAM MEGHALAYA,Multi-State,Assam;Meghalaya,true,,5,0
"Multi-States (Assam, Nagaland)",MULTI STATES ASSAM NAGALAND,Multi-State,Assam;Nagaland,true,,21,0
"Multi-States (Assam, West Bengal)",MULTI STATES ASSAM WEST BENGAL,Multi-State,Assam;West Bengal,true,,7,0
"Multi-States (Bihar, Delhi, Jharkhand, Uttar Pradesh, West Bengal)",MULTI STATES BIHAR DELHI JHARKHAND UTTAR PRADESH WEST BENGAL,Multi-State,Bihar;Delhi;Jharkhand;Uttar Pradesh;West Bengal,true,,10,0
"Multi-States (Bihar, Gujarat, Himachal Pradesh, Jammu and Kashmir, Ladakh, Rajasthan, Uttar Pradesh)",MULTI STATES BIHAR GUJARAT HIMACHAL PRADESH JAMMU AND KASHMIR LADAKH RAJASTHAN UTTAR PRADESH,Multi-State,Bihar;Gujarat;Himachal Pradesh;Jammu & Kashmir;Ladakh;Rajasthan;Uttar Pradesh,true,,7,0
"Multi-States (Bihar, Jharkhand)",MULTI STATES BIHAR JHARKHAND,Multi-State,Bihar;Jharkhand,true,,113,0
"Multi-States (Bihar, Jharkhand, Uttar Pradesh, West Bengal)",MULTI STATES BIHAR JHARKHAND UTTAR PRADESH WEST BENGAL,Multi-State,Bihar;Jharkhand;Uttar Pradesh;West Bengal,true,,12,0
"Multi-States (Bihar, Madhya Pradesh, Rajasthan, Uttar Pradesh)",MULTI STATES BIHAR MADHYA PRADESH RAJASTHAN UTTAR PRADESH,Multi-State,Bihar;Madhya Pradesh;Rajasthan;Uttar Pradesh,true,,11,0
"Multi-States (Bihar, Odisha, West Bengal)",MULTI STATES BIHAR ODISHA WEST BENGAL,Multi-State,Bihar;Odisha;West Bengal,true,,11,0
"Multi-States (Bihar, Uttar Pradesh)",MULTI STATES BIHAR UTTAR PRADESH,Multi-State,Bihar;Uttar Pradesh,true,,75,0
"Multi-States (Bihar, West Bengal)",MULTI STATES BIHAR WEST BENGAL,Multi-State,Bihar;West Bengal,true,,30,0
"Multi-States (Chhattisgarh, Madhya Pradesh, Maharashtra, Odisha)",MULTI STATES CHHATTISGARH MADHYA PRADESH MAHARASHTRA ODISHA,Multi-State,Chhattisgarh;Madhya Pradesh;Maharashtra;Odisha,true,,9,0
"Multi-States (Chhattisgarh, Maharashtra)",MULTI STATES CHHATTISGARH MAHARASHTRA,Multi-State,Chhattisgarh;Maharashtra,true,,22,0
"Multi-States (Chhattisgarh, Odisha)",MULTI STATES CHHATTISGARH ODISHA,Multi-State,Chhattisgarh;Odisha,true,,38,0
"Multi-States (Dadra & Nagar Haveli and Daman & Diu, Gujarat, Maharashtra)",MULTI STATES DADRA AND NAGAR HAVELI AND DAMAN AND DIU GUJARAT MAHARASHTRA,Multi-State,Dadra & Nagar Haveli and Daman & Diu;Gujarat;Maharashtra,true,,27,0
"Multi-States (Delhi, Gujarat, Madhya Pradesh, Maharashtra, Rajasthan)",MULTI STATES DELHI GUJARAT MADHYA PRADESH MAHARASHTRA RAJASTHAN,Multi-State,Delhi;Gujarat;Madhya Pradesh;Maharashtra;Rajasthan,true,,11,0
"Multi-States (Delhi, Haryana)",MULTI STATES DELHI HARYANA,Multi-State,Delhi;Haryana,true,,18,0
"Multi-States (Delhi, Haryana, Rajasthan)",MULTI STATES DELHI HARYANA RAJASTHAN,Multi-State,Delhi;Haryana;Rajasthan,true,,4,0
"Multi-States (Delhi, Rajasthan)",MULTI STATES DELHI RAJASTHAN,Multi-State,Delhi;Rajasthan,true,,21,0
"Multi-States (Delhi, Uttar Pradesh)",MULTI STATES DELHI UTTAR PRADESH,Multi-State,Delhi;Uttar Pradesh,true,,13,0
"Multi-States (Goa, Karnataka)",MULTI STATES GOA KARNATAKA,Multi-State,Goa;Karnataka,true,,28,0
"Multi-States (Goa, Karnataka, Maharashtra, Telangana)",MULTI STATES GOA KARNATAKA MAHARASHTRA TELANGANA,Multi-State,Goa;Karnataka;Maharashtra;Telangana,true,,1,0
"Multi-States (Gujarat, Haryana, Maharashtra, Rajasthan, Uttar Pradesh)",MULTI STATES GUJARAT HARYANA MAHARASHTRA RAJASTHAN UTTAR PRADESH,Multi-State,Gujarat;Haryana;Maharashtra;Rajasthan;Uttar Pradesh,true,,11,0
"Multi-States (Gujarat, Haryana, Punjab, Rajasthan)",MULTI STATES GUJARAT HARYANA PUNJAB RAJASTHAN,Multi-State,Gujarat;Haryana;Punjab;Rajasthan,true,,10,0
"Multi-States (Gujarat, Haryana, Rajasthan)",MULTI STATES GUJARAT HARYANA RAJASTHAN,Multi-State,Gujarat;Haryana;Rajasthan,true,,11,0
"Multi-States (Gujarat, Madhya Pradesh)",MULTI STATES GUJARAT MADHYA PRADESH,Multi-State,Gujarat;Madhya Pradesh,true,,22,0
"Multi-States (Gujarat, Madhya Pradesh, Uttar Pradesh)",MULTI STATES GUJARAT MADHYA PRADESH UTTAR PRADESH,Multi-State,Gujarat;Madhya Pradesh;Uttar Pradesh,true,,10,0
"Multi-States (Gujarat, Maharashtra)",MULTI STATES GUJARAT MAHARASHTRA,Multi-State,Gujarat;Maharashtra,true,,29,0
"Multi-States (Gujarat, Rajasthan)",MULTI STATES GUJARAT RAJASTHAN,Multi-State,Gujarat;Rajasthan,true,,22,0
"Multi-States (Haryana, Himachal Pradesh)",MULTI STATES HARYANA HIMACHAL PRADESH,Multi-State,Haryana;Himachal Pradesh,true,,11,0
"Multi-States (Haryana, Punjab)",MULTI STATES HARYANA PUNJAB,Multi-State,Haryana;Punjab,true,,41,0
"Multi-States (Haryana, Punjab, Rajasthan)",MULTI STATES HARYANA PUNJAB RAJASTHAN,Multi-State,Haryana;Punjab;Rajasthan,true,,11,0
"Multi-States (Haryana, Rajasthan)",MULTI STATES HARYANA RAJASTHAN,Multi-State,Haryana;Rajasthan,true,,29,0
"Multi-States (Haryana, Uttar Pradesh)",MULTI STATES HARYANA UTTAR PRADESH,Multi-State,Haryana;Uttar Pradesh,true,,23,0
"Multi-States (Himachal Pradesh, Punjab)",MULTI STATES HIMACHAL PRADESH PUNJAB,Multi-State,Himachal Pradesh;Punjab,true,,26,0
"Multi-States (Himachal Pradesh, Uttarakhand)",MULTI STATES HIMACHAL PRADESH UTTARAKHAND,Multi-State,Himachal Pradesh;Uttarakhand,true,,5,0
"Multi-States (Jammu and Kashmir, Ladakh)",MULTI STATES JAMMU AND KASHMIR LADAKH,Multi-State,Jammu & Kashmir;Ladakh,true,,3,0
"Multi-States (Jammu and Kashmir, Punjab)",MULTI STATES JAMMU AND KASHMIR PUNJAB,Multi-State,Jammu & Kashmir;Punjab,true,,17,0
"Multi-States (Jharkhand, Odisha)",MULTI STATES JHARKHAND ODISHA,Multi-State,Jharkhand;Odisha,true,,11,0
"Multi-States (Jharkhand, Odisha, West Bengal)",MULTI STATES JHARKHAND ODISHA WEST BENGAL,Multi-State,Jharkhand;Odisha;West Bengal,true,,11,0
"Multi-States (Jharkhand, Uttar Pradesh)",MULTI STATES JHARKHAND UTTAR PRADESH,Multi-State,Jharkhand;Uttar Pradesh,true,,6,0
"Multi-States (Jharkhand, West Bengal)",MULTI STATES JHARKHAND WEST BENGAL,Multi-State,Jharkhand;West Bengal,true,,68,0
"Multi-States (Karnataka, Kerala)",MULTI STATES KARNATAKA KERALA,Multi-State,Karnataka;Kerala,true,,7,0
"Multi-States (Karnataka, Kerala, Tamil Nadu)",MULTI STATES KARNATAKA KERALA TAMIL NADU,Multi-State,Karnataka;Kerala;Tamil Nadu,true,,10,0
"Multi-States (Karnataka, Maharashtra)",MULTI STATES KARNATAKA MAHARASHTRA,Multi-State,Karnataka;Maharashtra,true,,48,0
"Multi-States (Karnataka, Maharashtra, Telangana, Uttar Pradesh)",MULTI STATES KARNATAKA MAHARASHTRA TELANGANA UTTAR PRADESH,Multi-State,Karnataka;Maharashtra;Telangana;Uttar Pradesh,true,,10,0
"Multi-States (Karnataka, Tamil Nadu)",MULTI STATES KARNATAKA TAMIL NADU,Multi-State,Karnataka;Tamil Nadu,true,,37,0
"Multi-States (Karnataka, Telangana)",MULTI STATES KARNATAKA TELANGANA,Multi-State,Karnataka;Telangana,true,,26,0
"Multi-States (Kerala, Puducherry)",MULTI STATES KERALA PUDUCHERRY,Multi-State,Kerala;Puducherry,true,,8,0
"Multi-States (Kerala, Tamil Nadu)",MULTI STATES KERALA TAMIL NADU,Multi-State,Kerala;Tamil Nadu,true,,11,0
"Multi-States (Madhya Pradesh, Maharashtra)",MULTI STATES MADHYA PRADESH MAHARASHTRA,Multi-State,Madhya Pradesh;Maharashtra,true,,30,0
"Multi-States (Madhya Pradesh, Rajasthan)",MULTI STATES MADHYA PRADESH RAJASTHAN,Multi-State,Madhya Pradesh;Rajasthan,true,,72,0
"Multi-States (Madhya Pradesh, Rajasthan, Uttar Pradesh)",MULTI STATES MADHYA PRADESH RAJASTHAN UTTAR PRADESH,Multi-State,Madhya Pradesh;Rajasthan;Uttar Pradesh,true,,19,0
"Multi-States (Madhya Pradesh, Uttar Pradesh)",MULTI STATES MADHYA PRADESH UTTAR PRADESH,Multi-State,Madhya Pradesh;Uttar Pradesh,true,,67,0
"Multi-States (Maharashtra, Karnataka)",MULTI STATES MAHARASHTRA KARNATAKA,Multi-State,Karnataka;Maharashtra,true,,1,0
"Multi-States (Maharashtra, Telangana)",MULTI STATES MAHARASHTRA TELANGANA,Multi-State,Maharashtra;Telangana,true,,36,0
"Multi-States (Odisha, West Bengal)",MULTI STATES ODISHA WEST BENGAL,Multi-State,Odisha;West Bengal,true,,22,0
"Multi-States (Puducherry, Tamil Nadu)",MULTI STATES PUDUCHERRY TAMIL NADU,Multi-State,Puducherry;Tamil Nadu,true,,34,0
"Multi-States (Punjab, Haryana)",MULTI STATES PUNJAB HARYANA,Multi-State,Haryana;Punjab,true,,2,0
"Multi-States (Punjab, Rajasthan)",MULTI STATES PUNJAB RAJASTHAN,Multi-State,Punjab;Rajasthan,true,,10,0
"Multi-States (Rajasthan, Uttar Pradesh)",MULTI STATES RAJASTHAN UTTAR PRADESH,Multi-State,Rajasthan;Uttar Pradesh,true,,28,0
"Multi-States (Sikkim, West Bengal)",MULTI STATES SIKKIM WEST BENGAL,Multi-State,Sikkim;West Bengal,true,,11,0
"Multi-States (Telangana, Andhra Pradesh)",MULTI STATES TELANGANA ANDHRA PRADESH,Multi-State,Andhra Pradesh;Telangana,true,,1,0
"Multi-States (Uttar Pradesh, Delhi)",MULTI STATES UTTAR PRADESH DELHI,Multi-State,Delhi;Uttar Pradesh,true,,1,0
"Multi-States (Uttar Pradesh, Jharkhand)",MULTI STATES UTTAR PRADESH JHARKHAND,Multi-State,Jharkhand;Uttar Pradesh,true,,1,0
"Multi-States (Uttar Pradesh, Uttarakhand)",MULTI STATES UTTAR PRADESH UTTARAKHAND,Multi-State,Uttar Pradesh;Uttarakhand,true,,55,0
"Multi-States (Uttar Pradesh, West Bengal)",MULTI STATES UTTAR PRADESH WEST BENGAL,Multi-State,Uttar Pradesh;West Bengal,true,,11,0
"Multi-States (Uttarakhand, Himachal Pradesh)",MULTI STATES UTTARAKHAND HIMACHAL PRADESH,Multi-State,Himachal Pradesh;Uttarakhand,true,,1,0
"Multi-States (West Bengal, Jharkhand)",MULTI STATES WEST BENGAL JHARKHAND,Multi-State,Jharkhand;West Bengal,true,,1,0
NAGALAND,NAGALAND,Nagaland,,false,,851,707
Nagaland,NAGALAND,Nagaland,,false,,217,767
ODISHA,ODISHA,Odisha,,false,,3950,707
Odisha,ODISHA,Odisha,,false,,1193,928
Offshore,OFFSHORE,Offshore,,true,,88,104
Offshore / PAN India,OFFSHORE PAN INDIA,Not Specified,,true,combined label (Offshore / PAN India rows),0,24
Orissa,ORISSA,Odisha,,false,alias,812,311
PAN India,PAN INDIA,PAN India,,true,,104,92
PONDICHERRY,PONDICHERRY,Puducherry,,false,alias,7,24
PUDUCHERRY,PUDUCHERRY,Puducherry,,false,,6,4
PUNJAB,PUNJAB,Punjab,,false,,1135,675
Puducherry,PUDUCHERRY,Puducherry,,false,,11,161
Punjab,PUNJAB,Punjab,,false,,661,907
RAJASTHAN,RAJASTHAN,Rajasthan,,false,,3241,707
Rajasthan,RAJASTHAN,Rajasthan,,false,,1170,959
SIKKIM,SIKKIM,Sikkim,,false,,582,707
Sikkim,SIKKIM,Sikkim,,false,,207,903
TAMIL NADU,TAMIL NADU,Tamil Nadu,,false,,3798,707
TELANGANA,TELANGANA,Telangana,,false,,2298,632
TRIPURA,TRIPURA,Tripura,,false,,735,707
Tamil Nadu,TAMIL NADU,Tamil Nadu,,false,,1879,1007
Telangana,TELANGANA,Telangana,,false,,590,529
Tripura,TRIPURA,Tripura,,false,,227,735
UTTAR PRADESH,UTTAR PRADESH,Uttar Pradesh,,false,,4641,707
UTTARAKHAND,UTTARAKHAND,Uttarakhand,,false,,1024,707
Uttar Pradesh,UTTAR PRADESH,Uttar Pradesh,,false,,2418,1283
Uttarakhand,UTTARAKHAND,Uttarakhand,,false,,402,588
Uttaranchal,UTTARANCHAL,Uttarakhand,,false,alias,176,311
WEST BENGAL,WEST BENGAL,West Bengal,,false,,3480,707
West Bengal,WEST BENGAL,West Bengal,,false,,1708,1227
