target,horizon,step,groups,n_features,model,n_folds,n,n_pos,base_rate,pr_auc,roc_auc,brier,ece,hits_50,recall_50,hits_100,recall_100,precision_50,pr_auc_fold_mean,pr_auc_fold_sd,lead_time_q,nyd_n,nyd_n_pos,nyd_base_rate,nyd_pr_auc,nyd_pr_auc_fold_mean,nyd_precision_50,pre_n,pre_n_pos,pre_base_rate,pre_pr_auc,pre_pr_auc_fold_mean,pre_precision_50,pr_auc_gain,precision_50_gain,recall_100_gain
y_any,2,state,state,13,lgbm_state,6,9349,3428,0.36667023211038613,0.6751735843359062,0.8080694971145758,0.17731488206373786,0.08523294896809118,241.0,0.07030338389731622,466.0,0.13593932322053676,0.8033333333333333,0.682675628530388,0.0885819348724366,2.570815450643777,5749,1411,0.24543398851974257,0.5173166548174437,0.5228767473176029,0.6866666666666666,3947,899,0.22776792500633392,0.5389423029915275,0.5511235830954456,0.645,,,
y_any,2,+dynamics,state+dynamics,19,lgbm_state_dyn,6,9349,3428,0.36667023211038613,0.6681665308390395,0.8073476729880023,0.17931735416340547,0.09408007857928871,234.0,0.06826137689614936,465.0,0.13564760793465577,0.78,0.6820868599366189,0.09587820527812979,2.5698924731182795,5749,1411,0.24543398851974257,0.5211764969464656,0.5298922674729124,0.7266666666666667,3947,899,0.22776792500633392,0.5485880261944516,0.5605140813655659,0.68,-0.0070070534968667,-0.023333333333333317,-0.0002917152858809835
y_any,2,+context,state+dynamics+context,31,lgbm_state_dyn_ctx,6,9349,3428,0.36667023211038613,0.7000814636239673,0.8126659959005159,0.17483201678838442,0.08068795036611343,246.0,0.07176196032672112,486.0,0.14177362893815637,0.82,0.6960232911369975,0.08266655850250655,2.685185185185185,5749,1411,0.24543398851974257,0.5179431185900336,0.5292171531955676,0.69,3947,899,0.22776792500633392,0.6218367674174388,0.5913438575606115,0.7133333333333334,0.03191493278492774,0.039999999999999925,0.006126021003500598
y_any,2,+freshness,state+dynamics+context+freshness,35,lgbm_state_dyn_ctx_fresh,6,9349,3428,0.36667023211038613,0.6982388860153717,0.8112220520399182,0.17535666807892444,0.08018242676691976,246.0,0.07176196032672112,486.0,0.14177362893815637,0.82,0.6936973558171161,0.08049004811444656,2.753086419753086,5749,1411,0.24543398851974257,0.5125624052791241,0.524428082292843,0.6666666666666666,3947,899,0.22776792500633392,0.6201610055677372,0.5880831436401905,0.72,-0.0018425776085956302,0.0,0.0
y_any,2,+external,state+dynamics+context+freshness+external,62,lightgbm,6,9349,3428,0.36667023211038613,0.7015198329424236,0.8119050776885941,0.17540842557614703,0.08154796890209444,248.0,0.07234539089848308,491.0,0.14323220536756126,0.8266666666666667,0.6969914487876275,0.07463323061974515,2.7820773930753564,5749,1411,0.24543398851974257,0.509735122982486,0.5270573925596058,0.67,3947,899,0.22776792500633392,0.6239984293830059,0.5891172136930739,0.7033333333333334,0.003280946927051942,0.00666666666666671,0.0014585764294048897
y_date_push,2,state,state,13,lgbm_state,6,10063,3490,0.3468150650899334,0.6267276512582044,0.787236925217646,0.18044597690986175,0.06761783815243111,219.0,0.06275071633237822,441.0,0.12636103151862463,0.73,0.6323954310262017,0.06444350390280154,2.5419501133786846,5761,1287,0.2233987155007811,0.5058176752263526,0.5137398826145074,0.7033333333333334,4113,928,0.22562606370046195,0.5162245489267809,0.5199381981773777,0.6066666666666667,,,
y_date_push,2,+dynamics,state+dynamics,19,lgbm_state_dyn,6,10063,3490,0.3468150650899334,0.6321524090526449,0.79241716460104,0.1792686411531479,0.07120895836250866,215.0,0.06160458452722063,435.0,0.12464183381088825,0.7166666666666667,0.6368415220237018,0.06471541857891244,2.547126436781609,5761,1287,0.2233987155007811,0.5079095961408693,0.5226547560579128,0.6933333333333334,4113,928,0.22562606370046195,0.5203580633002185,0.5230089203729716,0.6266666666666667,0.005424757794440516,-0.013333333333333308,-0.0017191977077363751
y_date_push,2,+context,state+dynamics+context,31,lgbm_state_dyn_ctx,6,10063,3490,0.3468150650899334,0.6282730497870727,0.7898789525788621,0.17888102923711915,0.05780638619124308,226.0,0.06475644699140401,431.0,0.12349570200573066,0.7533333333333333,0.6330640682401505,0.0726409279825982,2.7238979118329465,5761,1287,0.2233987155007811,0.5020797825415908,0.5154917715211653,0.6766666666666666,4113,928,0.22562606370046195,0.5555374508817794,0.5466042293809122,0.62,-0.0038793592655722575,0.036666666666666625,-0.001146131805157588
y_date_push,2,+freshness,state+dynamics+context+freshness,35,lgbm_state_dyn_ctx_fresh,6,10063,3490,0.3468150650899334,0.627073161533971,0.7908582997998671,0.17846107178446619,0.05664428290634428,226.0,0.06475644699140401,438.0,0.12550143266475644,0.7533333333333333,0.635524513669441,0.0687815801928489,2.7260273972602738,5761,1287,0.2233987155007811,0.5059651906751935,0.5191362558079196,0.6866666666666666,4113,928,0.22562606370046195,0.5532510306298367,0.5493022832010496,0.6433333333333333,-0.0011998882531016886,0.0,0.0020057306590257756
y_date_push,2,+external,state+dynamics+context+freshness+external,62,lightgbm,6,10063,3490,0.3468150650899334,0.6287328617861272,0.7915824788129959,0.17746633007134197,0.05117753907848657,223.0,0.06389684813753582,440.0,0.12607449856733524,0.7433333333333333,0.634960353335504,0.0711112140684255,2.743181818181818,5761,1287,0.2233987155007811,0.5019244509181717,0.5149159846741028,0.65,4113,928,0.22562606370046195,0.5603094744287419,0.5508853540779328,0.6606666666666666,0.0016597002521562265,-0.010000000000000009,0.000573065902578801
y_cost_rev,2,state,state,13,lgbm_state,6,9392,401,0.042695911413969334,0.11681644846325863,0.7168755067064849,0.03954580165913539,0.005484351234268481,53.0,0.13216957605985039,93.0,0.23192019950124687,0.17666666666666667,0.1317845990774996,0.04796950971183742,3.3978494623655915,5749,235,0.04087667420420943,0.1208592503617208,0.14121961231152227,0.16333333333333333,3960,91,0.02297979797979798,0.06306167826303441,0.09039508361534687,0.06,,,
y_cost_rev,2,+dynamics,state+dynamics,19,lgbm_state_dyn,6,9392,401,0.042695911413969334,0.1294853404414701,0.7272595399500359,0.03924130087551671,0.0059475370908354894,63.0,0.1571072319201995,100.0,0.24937655860349128,0.21,0.14654595349370245,0.05119630175651204,3.14,5749,235,0.04087667420420943,0.12654360582984037,0.1468397858239507,0.16333333333333333,3960,91,0.02297979797979798,0.06467674223785923,0.10084122252781635,0.07,0.012668891978211458,0.033333333333333326,0.017456359102244412
y_cost_rev,2,+context,state+dynamics+context,31,lgbm_state_dyn_ctx,6,9392,401,0.042695911413969334,0.1521480856878649,0.7202419931707823,0.03875742788223149,0.0034041687802689536,82.0,0.20448877805486285,106.0,0.26433915211970077,0.2733333333333333,0.18491960572560207,0.0656296659920703,3.4056603773584904,5749,235,0.04087667420420943,0.13960504971818577,0.1731388359857766,0.19333333333333333,3960,91,0.02297979797979798,0.17380422987765373,0.2279707568224968,0.10666666666666667,0.022662745246394805,0.06333333333333332,0.014962593516209488
y_cost_rev,2,+freshness,state+dynamics+context+freshness,35,lgbm_state_dyn_ctx_fresh,6,9392,401,0.042695911413969334,0.15499408797010847,0.7215406040565365,0.03870287034956463,0.003811077705397681,83.0,0.20698254364089774,106.0,0.26433915211970077,0.27666666666666667,0.1846294800040181,0.06429623860395467,3.3867924528301887,5749,235,0.04087667420420943,0.14118142778102263,0.17914946511234028,0.18666666666666668,3960,91,0.02297979797979798,0.17749276969309538,0.22248944623175848,0.1,0.002846002282243576,0.003333333333333355,0.0
y_cost_rev,2,+external,state+dynamics+context+freshness+external,62,lightgbm,6,9392,401,0.042695911413969334,0.15298709692790993,0.7203620911019082,0.03876761929480706,0.0037656258644793317,81.0,0.20199501246882792,109.0,0.2718204488778055,0.27,0.18406967944930253,0.0603572472994531,3.3486238532110093,5749,235,0.04087667420420943,0.1442310658689156,0.18469078937927452,0.18666666666666668,3960,91,0.02297979797979798,0.17443307044005407,0.23589510399722216,0.1,-0.002006991042198536,-0.006666666666666654,0.007481296758104716
y_any,4,state,state,13,lgbm_state,6,7163,4347,0.6068686304620969,0.8616430639313364,0.8267897090077796,0.16654667630817835,0.07171131597706447,280.0,0.0644122383252818,554.0,0.12744421440073614,0.9333333333333333,0.8723694527427618,0.07484688839202629,4.951263537906137,3350,1162,0.34686567164179105,0.5702642186710799,0.5780778386404714,0.6966666666666667,3129,1475,0.47139661233620966,0.8190705736965723,0.8347791378005575,0.9266666666666666,,,
y_any,4,+dynamics,state+dynamics,19,lgbm_state_dyn,6,7163,4347,0.6068686304620969,0.8704951024062042,0.8310912649397704,0.16529192624364225,0.06814556502067334,287.0,0.06602254428341385,569.0,0.1308948700253048,0.9566666666666667,0.8816608425081901,0.06479466917999746,4.885764499121265,3350,1162,0.34686567164179105,0.5761160091347991,0.5876523366069086,0.7166666666666667,3129,1475,0.47139661233620966,0.8209543148136478,0.8396354399327328,0.9233333333333333,0.008852038474867818,0.023333333333333317,0.0034506556245686715
y_any,4,+context,state+dynamics+context,31,lgbm_state_dyn_ctx,6,7163,4347,0.6068686304620969,0.8666874057235409,0.8352957711823201,0.1701357134992642,0.09871425013996546,279.0,0.06418219461697723,557.0,0.12813434552564987,0.93,0.8817467501347444,0.06671790751618281,4.6050269299820465,3350,1162,0.34686567164179105,0.5891566896780853,0.5977695588043653,0.7233333333333334,3129,1475,0.47139661233620966,0.8170104014584443,0.8520951952633994,0.9366666666666666,-0.003807696682663342,-0.026666666666666616,-0.0027605244996549427
y_any,4,+freshness,state+dynamics+context+freshness,35,lgbm_state_dyn_ctx_fresh,6,7163,4347,0.6068686304620969,0.8688982297832917,0.8362742330133633,0.16830407183098042,0.09387557667381566,284.0,0.06533241315850012,566.0,0.13020473890039108,0.9466666666666667,0.8836441624513708,0.0655896192637182,4.6537102473498235,3350,1162,0.34686567164179105,0.5892565325507069,0.5965338435263624,0.73,3129,1475,0.47139661233620966,0.8192730371327537,0.8533232244890255,0.94,0.0022108240597508155,0.016666666666666607,0.002070393374741214
y_any,4,+external,state+dynamics+context+freshness+external,62,lightgbm,6,7163,4347,0.6068686304620969,0.8689811846524222,0.8354196157355125,0.16907442204484266,0.09536379628612958,281.0,0.06464228203358638,563.0,0.12951460777547735,0.9366666666666666,0.8842535392268847,0.06397570443854929,4.646536412078153,3350,1162,0.34686567164179105,0.5824216902283265,0.5914655047066423,0.73,3129,1475,0.47139661233620966,0.8245313528550369,0.8541201626520435,0.9366666666666666,8.295486913056926e-05,-0.010000000000000009,-0.0006901311249137287
y_any,1,state,state,13,lgbm_state,6,10043,2007,0.19984068505426666,0.43831614406700314,0.7881001611333949,0.13315801464192653,0.03220097369947257,158.0,0.0787244643746886,308.0,0.15346287992027902,0.5266666666666666,0.44279968670899134,0.07884468169791573,1.4123376623376624,7410,1305,0.17611336032388664,0.41916315532288134,0.42474851628350163,0.5566666666666666,3948,449,0.11372847011144883,0.3438745249851594,0.3546306955444322,0.43333333333333335,,,
y_any,1,+dynamics,state+dynamics,19,lgbm_state_dyn,6,10043,2007,0.19984068505426666,0.44264238343995616,0.7939282260718644,0.13237949527029824,0.038045192045204186,149.0,0.07424015944195317,319.0,0.158943697060289,0.49666666666666665,0.4511599580141938,0.0740789467949116,1.4075235109717867,7410,1305,0.17611336032388664,0.4190693438904717,0.4329423346934234,0.5666666666666667,3948,449,0.11372847011144883,0.35931978455365904,0.3715516050795908,0.4633333333333333,0.004326239372953011,-0.02999999999999997,0.005480817140009975
y_any,1,+context,state+dynamics+context,31,lgbm_state_dyn_ctx,6,10043,2007,0.19984068505426666,0.4632829649890928,0.7925300584341067,0.1312591789054179,0.019035005794089305,175.0,0.08719481813652218,337.0,0.16791230692575984,0.5833333333333334,0.4649723082951787,0.09234022841860884,1.6172106824925816,7410,1305,0.17611336032388664,0.4345536598030999,0.44523428264112774,0.6166666666666667,3948,449,0.11372847011144883,0.3771048477347066,0.39454219104776067,0.4666666666666667,0.020640581549136672,0.08666666666666673,0.00896860986547085
y_any,1,+freshness,state+dynamics+context+freshness,35,lgbm_state_dyn_ctx_fresh,6,10043,2007,0.19984068505426666,0.4669623046478636,0.7932042480487037,0.13096201363880736,0.020895395537302627,176.0,0.08769307424015944,336.0,0.16741405082212257,0.5866666666666667,0.46952374129759455,0.08611547213749964,1.6547619047619047,7410,1305,0.17611336032388664,0.43205225134308023,0.44284735762312893,0.5933333333333334,3948,449,0.11372847011144883,0.38702405948068025,0.40199439605716963,0.47333333333333333,0.003679339658770764,0.0033333333333332993,-0.0004982561036372679
y_any,1,+external,state+dynamics+context+freshness+external,62,lightgbm,6,10043,2007,0.19984068505426666,0.45838129898781593,0.7918645802409338,0.131811056659697,0.021769135897045336,164.0,0.0817140009965122,330.0,0.16442451420029897,0.5466666666666666,0.4608285320192554,0.09415006163067445,1.6272727272727272,7410,1305,0.17611336032388664,0.4347024873472077,0.44326943163972315,0.5966666666666667,3948,449,0.11372847011144883,0.3776493943322572,0.393873507208911,0.47333333333333333,-0.008581005660047658,-0.040000000000000036,-0.0029895366218236075
y_any,6,state,state,13,lgbm_state,6,5855,4266,0.7286080273270709,0.9107698818302119,0.8266489876928732,0.13834828283789968,0.045358103976133095,285.0,0.06680731364275667,568.0,0.13314580403187998,0.95,0.922404041780765,0.05584132358906755,7.058098591549296,1905,795,0.41732283464566927,0.6421113158071924,0.6619593497761204,0.7133333333333334,2423,1588,0.6553858852661989,0.9082953351161962,0.9235120985733323,0.9533333333333334,,,
y_any,6,+dynamics,state+dynamics,19,lgbm_state_dyn,6,5855,4266,0.7286080273270709,0.9214849210975337,0.835969173322098,0.1375810507217411,0.05067199423536191,292.0,0.06844819503047352,583.0,0.13666197843413033,0.9733333333333334,0.9297896990382036,0.04587668928097209,7.027444253859348,1905,795,0.41732283464566927,0.6591853024907625,0.6729904566681465,0.7333333333333333,2423,1588,0.6553858852661989,0.9144570023350818,0.9255881108639468,0.9633333333333334,0.010715039267321758,0.023333333333333428,0.003516174402250355
y_any,6,+context,state+dynamics+context,31,lgbm_state_dyn_ctx,6,5855,4266,0.7286080273270709,0.9042279773404579,0.8265755957581086,0.13506463576433841,0.05151778637539095,284.0,0.06657290201593999,573.0,0.13431786216596342,0.9466666666666667,0.9228090036810771,0.049512085386116546,6.9144851657940665,1905,795,0.41732283464566927,0.6703212843353047,0.6820922494187399,0.72,2423,1588,0.6553858852661989,0.8878558154729872,0.9207744652987606,0.9466666666666667,-0.01725694375707576,-0.026666666666666727,-0.0023441162681669125
y_any,6,+freshness,state+dynamics+context+freshness,35,lgbm_state_dyn_ctx_fresh,6,5855,4266,0.7286080273270709,0.904367924354567,0.8262645467240348,0.13554440717898972,0.05276112892838373,285.6666666666667,0.06696358806063447,570.0,0.13361462728551335,0.9522222222222223,0.9231677093836775,0.050331975875410793,7.021052631578947,1905,795,0.41732283464566927,0.6637416618681404,0.6788576011791658,0.7133333333333334,2423,1588,0.6553858852661989,0.8859622545198444,0.9204825715822259,0.9433333333333334,0.0001399470141091319,0.005555555555555647,-0.000703234880450071
y_any,6,+external,state+dynamics+context+freshness+external,62,lightgbm,6,5855,4266,0.7286080273270709,0.908738588769374,0.8298789704299101,0.13515166670607884,0.05457519101794494,289.0,0.06774496015002344,575.0,0.13478668541959682,0.9633333333333334,0.9252154753309779,0.047059440043561065,6.937391304347826,1905,795,0.41732283464566927,0.6654719818168505,0.6757992141857655,0.7066666666666667,2423,1588,0.6553858852661989,0.8885258441465335,0.9204933861974643,0.95,0.004370664414806935,0.011111111111111072,0.0011720581340834701
