target,horizon,model,bin,n,mean_pred,obs_rate
y_any,2,naive,3,7435,0.35299074852284756,0.3229320780094149
y_any,2,naive,4,1914,0.4777069311476527,0.5365726227795193
y_any,2,rule,3,7720,0.3603259900456667,0.3417098445595855
y_any,2,rule,4,1616,0.42895179788095117,0.48886138613861385
y_any,2,rule,5,13,0.5065773838543157,0.0
y_any,2,logreg,0,738,0.05782457392915538,0.08265582655826559
y_any,2,logreg,1,1100,0.1543781161875783,0.10909090909090909
y_any,2,logreg,2,1212,0.2498141641260372,0.183993399339934
y_any,2,logreg,3,1269,0.35082287224443093,0.3317572892040977
y_any,2,logreg,4,1304,0.44996333177032477,0.46932515337423314
y_any,2,logreg,5,1217,0.5502419188012141,0.5735414954806902
y_any,2,logreg,6,1162,0.6478744047931666,0.5473321858864028
y_any,2,logreg,7,825,0.7479183231583376,0.5224242424242425
y_any,2,logreg,8,430,0.8415196966491548,0.5
y_any,2,logreg,9,92,0.9437905301630544,0.11956521739130435
y_any,2,lightgbm,0,1101,0.06490394697382346,0.043596730245231606
y_any,2,lightgbm,1,1387,0.14881021378662343,0.11824080749819754
y_any,2,lightgbm,2,1157,0.24811927031436293,0.18755401901469318
y_any,2,lightgbm,3,986,0.3474550470131123,0.23732251521298176
y_any,2,lightgbm,4,772,0.4489736051530896,0.344559585492228
y_any,2,lightgbm,5,719,0.5491794638256936,0.42698191933240615
y_any,2,lightgbm,6,732,0.6512711327076165,0.5710382513661202
y_any,2,lightgbm,7,882,0.7499076031553502,0.6315192743764172
y_any,2,lightgbm,8,1198,0.8527045274677312,0.7212020033388982
y_any,2,lightgbm,9,415,0.9197870369075011,0.8506024096385543
y_date_push,2,naive,3,8045,0.3238927332566213,0.310130515848353
y_date_push,2,naive,4,2018,0.43325474696185834,0.4930624380574827
y_date_push,2,rule,2,8,0.2980864857118393,0.0
y_date_push,2,rule,3,9828,0.34091916685992,0.34625559625559627
y_date_push,2,rule,4,227,0.4110023141809905,0.3832599118942731
y_date_push,2,logreg,0,1017,0.05226407173809652,0.0855457227138643
y_date_push,2,logreg,1,1395,0.15124879805444202,0.12258064516129032
y_date_push,2,logreg,2,1429,0.25018972646746623,0.2554233729881036
y_date_push,2,logreg,3,1442,0.3498168274606089,0.3682385575589459
y_date_push,2,logreg,4,1368,0.45009247078903974,0.47002923976608185
y_date_push,2,logreg,5,1306,0.549829496758119,0.5214395099540582
y_date_push,2,logreg,6,1088,0.6468284363316656,0.4954044117647059
y_date_push,2,logreg,7,665,0.7456791753679216,0.49774436090225566
y_date_push,2,logreg,8,277,0.8395453709169401,0.47653429602888087
y_date_push,2,logreg,9,76,0.9435195641198957,0.13157894736842105
y_date_push,2,lightgbm,0,1674,0.05851828701057135,0.045997610513739545
y_date_push,2,lightgbm,1,1627,0.14829201302304468,0.14566687154271665
y_date_push,2,lightgbm,2,1290,0.24770311553911964,0.2255813953488372
y_date_push,2,lightgbm,3,975,0.3501411212537091,0.27282051282051284
y_date_push,2,lightgbm,4,744,0.44989252718116407,0.40860215053763443
y_date_push,2,lightgbm,5,740,0.5497351798232866,0.4783783783783784
y_date_push,2,lightgbm,6,923,0.6521607960037505,0.6143011917659805
y_date_push,2,lightgbm,7,1160,0.7512624302418828,0.646551724137931
y_date_push,2,lightgbm,8,837,0.8425450414621476,0.6845878136200717
y_date_push,2,lightgbm,9,93,0.9107649359882596,0.7634408602150538
y_cost_rev,2,naive,0,9392,0.04799315731376818,0.042695911413969334
y_cost_rev,2,rule,0,9186,0.0448348596062197,0.040931852819507945
y_cost_rev,2,rule,1,205,0.11573715004392374,0.12195121951219512
y_cost_rev,2,rule,2,1,0.20478758952333576,0.0
y_cost_rev,2,logreg,0,8745,0.04259555176884212,0.035791881074899945
y_cost_rev,2,logreg,1,619,0.1265067564264492,0.12439418416801293
y_cost_rev,2,logreg,2,27,0.22282977603541423,0.4074074074074074
y_cost_rev,2,logreg,4,1,0.43492835574090577,0.0
y_cost_rev,2,lightgbm,0,8568,0.03799843160192277,0.0323295985060691
y_cost_rev,2,lightgbm,1,669,0.13087266852460538,0.10762331838565023
y_cost_rev,2,lightgbm,2,106,0.24123616001423295,0.37735849056603776
y_cost_rev,2,lightgbm,3,39,0.3508712417389969,0.1794871794871795
y_cost_rev,2,lightgbm,4,10,0.44428354127144026,0.5
y_any,4,naive,5,5650,0.5493280465641299,0.5605309734513274
y_any,4,naive,7,1513,0.7101356271217031,0.7799074686054197
y_any,4,rule,4,171,0.4883162089945039,0.6549707602339181
y_any,4,rule,5,5203,0.5586848921896121,0.5863924658850663
y_any,4,rule,6,1669,0.6343359828816929,0.6692630317555422
y_any,4,rule,7,120,0.7169396383216612,0.5583333333333333
y_any,4,logreg,0,255,0.04793144135259942,0.1803921568627451
y_any,4,logreg,1,230,0.14896598034658198,0.13043478260869565
y_any,4,logreg,2,227,0.24663589263067004,0.2026431718061674
y_any,4,logreg,3,324,0.3498880915069882,0.3117283950617284
y_any,4,logreg,4,584,0.45188107820783896,0.2962328767123288
y_any,4,logreg,5,663,0.5526237995734979,0.39819004524886875
y_any,4,logreg,6,913,0.653426035112338,0.5717415115005476
y_any,4,logreg,7,1426,0.7540766602201011,0.7138849929873773
y_any,4,logreg,8,1617,0.8495751288458603,0.8416821273964131
y_any,4,logreg,9,924,0.9348829517263979,0.8506493506493507
y_any,4,lightgbm,0,202,0.05962562982373068,0.07425742574257425
y_any,4,lightgbm,1,389,0.15156307627164578,0.14395886889460155
y_any,4,lightgbm,2,379,0.2515318395791268,0.1424802110817942
y_any,4,lightgbm,3,491,0.34923149216129545,0.2525458248472505
y_any,4,lightgbm,4,462,0.45078285335227986,0.3333333333333333
y_any,4,lightgbm,5,397,0.5510755919513795,0.4433249370277078
y_any,4,lightgbm,6,464,0.6541251563133956,0.4547413793103448
y_any,4,lightgbm,7,571,0.7518787243534149,0.5989492119089317
y_any,4,lightgbm,8,1049,0.8566599441261146,0.7330791229742613
y_any,4,lightgbm,9,2759,0.9524690792764132,0.8865530989488946
y_any,1,naive,1,7986,0.19178978080476747,0.18444778362133735
y_any,1,naive,2,2057,0.23740411597700692,0.25960136120563926
y_any,1,rule,1,7174,0.1835336361008775,0.16880401449679397
y_any,1,rule,2,2867,0.22249458768690794,0.2776421346355075
y_any,1,rule,3,2,0.30246673360029697,0.0
y_any,1,logreg,0,1953,0.06036228651652488,0.05222734254992319
y_any,1,logreg,1,2471,0.1507462787084068,0.13233508700930796
y_any,1,logreg,2,2049,0.24869464934974264,0.258174719375305
y_any,1,logreg,3,1818,0.3481728487746628,0.3008800880088009
y_any,1,logreg,4,1061,0.4451886969115669,0.29783223374175305
y_any,1,logreg,5,469,0.542289339541089,0.26439232409381663
y_any,1,logreg,6,167,0.640176855124225,0.31137724550898205
y_any,1,logreg,7,39,0.7408315829934484,0.2564102564102564
y_any,1,logreg,8,14,0.8450757157595296,0.0
y_any,1,logreg,9,2,0.9280947626873198,0.0
y_any,1,lightgbm,0,3382,0.05442243515751169,0.04169130691898285
y_any,1,lightgbm,1,2542,0.14588015302547058,0.12942564909520063
y_any,1,lightgbm,2,1305,0.24663864683900535,0.23218390804597702
y_any,1,lightgbm,3,829,0.3513326874475792,0.29674306393244876
y_any,1,lightgbm,4,852,0.448736607375932,0.4424882629107981
y_any,1,lightgbm,5,657,0.5472816948935063,0.532724505327245
y_any,1,lightgbm,6,374,0.6421328170414504,0.5481283422459893
y_any,1,lightgbm,7,96,0.733440558559416,0.53125
y_any,1,lightgbm,8,6,0.8050758538172768,0.8333333333333334
y_any,6,naive,6,4650,0.6767310023296234,0.7006451612903226
y_any,6,naive,8,1205,0.8242867557526881,0.8365145228215768
y_any,6,rule,5,153,0.5884243377959936,0.7973856209150327
y_any,6,rule,6,3921,0.6588624469097604,0.7202244325427187
y_any,6,rule,7,1543,0.7378949179383009,0.7427090084251459
y_any,6,rule,8,238,0.8265198015721116,0.7310924369747899
y_any,6,logreg,0,204,0.04599985644503604,0.13725490196078433
y_any,6,logreg,1,95,0.14868553379172084,0.17894736842105263
y_any,6,logreg,2,106,0.24927210707369424,0.2641509433962264
y_any,6,logreg,3,105,0.35387169392002116,0.2571428571428571
y_any,6,logreg,4,152,0.4518768281815229,0.39473684210526316
y_any,6,logreg,5,172,0.5513000261308267,0.5348837209302325
y_any,6,logreg,6,312,0.6533861633496659,0.6153846153846154
y_any,6,logreg,7,454,0.755032421912262,0.6519823788546255
y_any,6,logreg,8,948,0.859007970284676,0.7310126582278481
y_any,6,logreg,9,3307,0.9620108558807194,0.8566676746295736
y_any,6,lightgbm,0,254,0.05624639926133814,0.1062992125984252
y_any,6,lightgbm,1,181,0.15172108660411296,0.16022099447513813
y_any,6,lightgbm,2,175,0.25049463804455263,0.19428571428571428
y_any,6,lightgbm,3,195,0.35265440742710724,0.38461538461538464
y_any,6,lightgbm,4,184,0.45151046614564927,0.3695652173913043
y_any,6,lightgbm,5,249,0.5551643911602713,0.46586345381526106
y_any,6,lightgbm,6,306,0.6507970842749716,0.5980392156862745
y_any,6,lightgbm,7,429,0.7562712585338076,0.6876456876456877
y_any,6,lightgbm,8,787,0.8550921994073017,0.8081321473951716
y_any,6,lightgbm,9,3095,0.9603751843250026,0.9056542810985461
