candidate,target,label,block,method,champion_entry,n_folds,n,step,share_stepped,mae,rmse,bias,mae_stepped,mae_unstepped,mean_forecast,mean_y,decision,runtime_s
h1_hurdle,months,y_months,val,p50,ML-20260929-070637/lightgbm/y_date_push_h2,6,10063,3.0,0.3468150650899334,3.341268705903707,8.023047849658965,0.6505128724807591,5.87085612739479,1.9981589993764166,1.9664999467580369,2.617012819238796,-,46.4
h1_hurdle,months,y_months,val,hurdle,ML-20260929-070637/lightgbm/y_date_push_h2,6,10063,3.0,0.3468150650899334,3.560883525063807,8.180878795168084,1.933149359635107,7.827419966999708,1.295523387781547,0.6838634596036887,2.617012819238796,fail,46.4
h1_hurdle,months,y_months,val,zero,ML-20260929-070637/lightgbm/y_date_push_h2,6,10063,3.0,0.3468150650899334,3.6423531749975155,8.440702200768314,2.617012819238796,8.823209169054442,0.8915259394492622,0.0,2.617012819238796,-,46.4
h1_hurdle,months,y_months,val,train_mean,ML-20260929-070637/lightgbm/y_date_push_h2,6,10063,3.0,0.3468150650899334,4.431101807524721,8.035902992307264,-0.39939878366160436,5.815430033558742,3.6960789094783593,3.0164116029004,2.617012819238796,-,46.4
h1_hurdle,months,y_months,flash,p50,ML-20260929-070637/lightgbm/y_date_push_h2,3,2613,3.0,0.47837734404898585,4.1231912758434275,9.405165107022533,2.4619732037574558,7.010914177264939,1.4748760691105645,2.249852284187435,4.711825487944891,-,46.4
h1_hurdle,months,y_months,flash,hurdle,ML-20260929-070637/lightgbm/y_date_push_h2,3,2613,3.0,0.47837734404898585,4.794920988880842,10.26465023373312,3.9958431073408804,9.090363754039615,0.8555934346266476,0.7159823806040105,4.711825487944891,fail,46.4
h1_hurdle,months,y_months,flash,zero,ML-20260929-070637/lightgbm/y_date_push_h2,3,2613,3.0,0.47837734404898585,5.078453884424034,10.627283302981857,4.711825487944891,10.0432,0.5253118121790169,0.0,4.711825487944891,-,46.4
h1_hurdle,months,y_months,flash,train_mean,ML-20260929-070637/lightgbm/y_date_push_h2,3,2613,3.0,0.47837734404898585,5.023262690260267,9.692966295164872,1.7933428255031365,7.124716085075908,3.0960310369076964,2.9184826624417544,4.711825487944891,-,46.4
h1_hurdle,cost_pct,y_cost_pct,val,p50,ML-20260929-070637/lightgbm/y_cost_rev_h2,6,9392,5.000000000000004,0.042695911413969334,1.7186165444738943,10.895732376416516,1.4328833188696806,36.352325352081415,0.1739477387959259,0.02482377125116061,1.4577070901208413,-,46.4
h1_hurdle,cost_pct,y_cost_pct,val,hurdle,ML-20260929-070637/lightgbm/y_cost_rev_h2,6,9392,5.000000000000004,0.042695911413969334,1.7676982143990418,10.892214501269748,1.3808709672739632,36.331914800356515,0.22612877262738731,0.07683612284687802,1.4577070901208413,fail,46.4
h1_hurdle,cost_pct,y_cost_pct,val,zero,ML-20260929-070637/lightgbm/y_cost_rev_h2,6,9392,5.000000000000004,0.042695911413969334,1.7079574442990257,10.917303201590313,1.4577070901208413,36.49927774012896,0.15625914170445313,0.0,1.4577070901208413,-,46.4
h1_hurdle,cost_pct,y_cost_pct,val,train_mean,ML-20260929-070637/lightgbm/y_cost_rev_h2,6,9392,5.000000000000004,0.042695911413969334,3.6142292189587066,10.83992035668209,-0.6647527756596299,34.3747801411428,2.242303858064944,2.122459865780471,1.4577070901208413,-,46.4
h1_hurdle,cost_pct,y_cost_pct,flash,p50,ML-20260929-070637/lightgbm/y_cost_rev_h2,3,3617,5.000000000000004,0.03290019353055018,1.5650739887847007,9.498314164129775,0.7411680789138714,34.59373775012016,0.44145735425098986,0.014141696945890098,0.7553097758597614,-,46.4
h1_hurdle,cost_pct,y_cost_pct,flash,hurdle,ML-20260929-070637/lightgbm/y_cost_rev_h2,3,3617,5.000000000000004,0.03290019353055018,1.6126338422040996,9.496621569863937,0.6832775284890928,34.521559182634405,0.49309064165772837,0.07203224737066864,0.7553097758597614,fail,46.4
h1_hurdle,cost_pct,y_cost_pct,flash,zero,ML-20260929-070637/lightgbm/y_cost_rev_h2,3,3617,5.000000000000004,0.03290019353055018,1.5511981603160734,9.51477002982184,0.7553097758597614,34.670250870594636,0.4245065443860706,0.0,0.7553097758597614,-,46.4
h1_hurdle,cost_pct,y_cost_pct,flash,train_mean,ML-20260929-070637/lightgbm/y_cost_rev_h2,3,3617,5.000000000000004,0.03290019353055018,3.419160668133697,9.568220138460429,-1.2594146517566567,32.65742258895936,2.424491380375477,2.014724427616418,0.7553097758597614,-,46.4
