candidate,target,block,method,champion_entry,n_folds,n_rows,n_calibration_folds,margin,ece,brier,fold_pr_auc,pr_auc,precision_50,mean_p,base_rate,decision,runtime_s
k1_isotonic,y_any_h2,val,raw,ML-20260929-070637/lightgbm/y_any_h2,6,9349,4,0.0024,0.08154796890209444,0.17540842557614703,0.6969914487876275,0.7015198329424236,0.8266666666666667,0.44821820101248055,0.36667023211038613,-,50.4
k1_isotonic,y_any_h2,val,platt,ML-20260929-070637/lightgbm/y_any_h2,6,9349,4,0.0024,0.047353698029733354,0.17243923241516057,0.6969914487876275,0.6940592099004288,0.8266666666666667,0.41052385101639344,0.36667023211038613,fail,50.4
k1_isotonic,y_any_h2,val,isotonic,ML-20260929-070637/lightgbm/y_any_h2,6,9349,4,0.0024,0.053696865744008386,0.17386305946124017,0.6820381858271665,0.6889732312082071,0.817113091556016,0.41295923367616216,0.36667023211038613,fail,50.4
k1_isotonic,y_any_h2,flash,raw,ML-20260929-070637/lightgbm/y_any_h2,3,2564,4,0.0134,0.05967877530452662,0.1936615212130573,0.7794121344224451,0.7753095549958454,0.9133333333333333,0.4472466699410768,0.5042901716068643,-,50.4
k1_isotonic,y_any_h2,flash,platt,ML-20260929-070637/lightgbm/y_any_h2,3,2564,4,0.0134,0.13452232576839515,0.21000094585027643,0.7794121344224451,0.7710798230965783,0.9133333333333333,0.36976784583846917,0.5042901716068643,fail,50.4
k1_isotonic,y_any_h2,flash,isotonic,ML-20260929-070637/lightgbm/y_any_h2,3,2564,4,0.0134,0.1314650503558847,0.20923130333046555,0.7609741517282728,0.7597362306407653,0.9162355031799476,0.37392178297372664,0.5042901716068643,fail,50.4
k1_isotonic,y_date_push_h2,val,raw,ML-20260929-070637/lightgbm/y_date_push_h2,6,10063,4,0.0056,0.05117753907848657,0.17746633007134197,0.634960353335504,0.6287328617861272,0.7433333333333333,0.39799260416842,0.3468150650899334,-,50.4
k1_isotonic,y_date_push_h2,val,platt,ML-20260929-070637/lightgbm/y_date_push_h2,6,10063,4,0.0056,0.020371919335471136,0.1755218435106821,0.634960353335504,0.6209401897886008,0.7433333333333333,0.35403169170147253,0.3468150650899334,fail,50.4
k1_isotonic,y_date_push_h2,val,isotonic,ML-20260929-070637/lightgbm/y_date_push_h2,6,10063,4,0.0056,0.027690031777841666,0.1766166925583005,0.6175634220268613,0.606916699210424,0.7512510644768856,0.35615058934209165,0.3468150650899334,fail,50.4
k1_isotonic,y_date_push_h2,flash,raw,ML-20260929-070637/lightgbm/y_date_push_h2,3,2613,4,0.0134,0.06169227600860239,0.1880249929766111,0.7779875797520432,0.7712214071370769,0.92,0.41668506804038336,0.47837734404898585,-,50.4
k1_isotonic,y_date_push_h2,flash,platt,ML-20260929-070637/lightgbm/y_date_push_h2,3,2613,4,0.0134,0.12109903859258916,0.20143762093374093,0.7779875797520432,0.7629389349457372,0.92,0.35727830545639666,0.47837734404898585,fail,50.4
k1_isotonic,y_date_push_h2,flash,isotonic,ML-20260929-070637/lightgbm/y_date_push_h2,3,2613,4,0.0134,0.11974417481018668,0.2023153964636741,0.7603788434279223,0.7530572051263307,0.9045584045584045,0.35863316923879923,0.47837734404898585,fail,50.4
k1_isotonic,y_cost_rev_h2,val,raw,ML-20260929-070637/lightgbm/y_cost_rev_h2,6,9392,4,0.0068,0.0037656258644793317,0.03876761929480706,0.18406967944930253,0.15298709692790993,0.27,0.04471683374303315,0.042695911413969334,-,50.4
k1_isotonic,y_cost_rev_h2,val,platt,ML-20260929-070637/lightgbm/y_cost_rev_h2,6,9392,4,0.0068,0.009134847451217315,0.03895907428496297,0.18406967944930253,0.14702424838342862,0.27,0.04863950426003825,0.042695911413969334,fail,50.4
k1_isotonic,y_cost_rev_h2,val,isotonic,ML-20260929-070637/lightgbm/y_cost_rev_h2,6,9392,4,0.0068,0.009909566100369903,0.04017928192228063,0.1579409081001832,0.13831797822490008,0.2632029304029304,0.05078505620888696,0.042695911413969334,fail,50.4
k1_isotonic,y_cost_rev_h2,flash,raw,ML-20260929-070637/lightgbm/y_cost_rev_h2,3,3617,4,0.0106,0.010003426014952481,0.03049472897676194,0.16442497360591588,0.12661281108333955,0.19333333333333333,0.0419210901131785,0.03290019353055018,-,50.4
k1_isotonic,y_cost_rev_h2,flash,platt,ML-20260929-070637/lightgbm/y_cost_rev_h2,3,3617,4,0.0106,0.004973786761658114,0.030396391222686194,0.16442497360591588,0.12632967034661297,0.19333333333333333,0.03574488399821017,0.03290019353055018,fail,50.4
k1_isotonic,y_cost_rev_h2,flash,isotonic,ML-20260929-070637/lightgbm/y_cost_rev_h2,3,3617,4,0.0106,0.005337857413536658,0.030532509939904466,0.11956516259248388,0.1381541650360388,0.18140248213980933,0.03722027918298717,0.03290019353055018,fail,50.4
k1_isotonic,y_any_h4,val,raw,ML-20260929-070637/lightgbm/y_any_h4,6,7163,4,0.0004,0.09536379628612958,0.16907442204484266,0.8842535392268847,0.8689811846524222,0.9366666666666666,0.7014071795681046,0.6068686304620969,-,50.4
k1_isotonic,y_any_h4,val,platt,ML-20260929-070637/lightgbm/y_any_h4,6,7163,4,0.0004,0.14474805599714843,0.18386525365724576,0.8842535392268847,0.8600172197611592,0.9366666666666666,0.7516166864592453,0.6068686304620969,fail,50.4
k1_isotonic,y_any_h4,val,isotonic,ML-20260929-070637/lightgbm/y_any_h4,6,7163,4,0.0004,0.14612252935982062,0.18553095651729326,0.87397317242176,0.8547419130420455,0.9322064157748637,0.751715302447594,0.6068686304620969,fail,50.4
k1_isotonic,y_any_h4,flash,raw,ML-20260929-070637/lightgbm/y_any_h4,1,335,4,0.0094,0.07824621578133889,0.1737767752152923,0.871906670375684,0.871906670375684,0.94,0.688105463419131,0.6268656716417911,-,50.4
k1_isotonic,y_any_h4,flash,platt,ML-20260929-070637/lightgbm/y_any_h4,1,335,4,0.0094,0.10776528623599153,0.18038128116673385,0.871906670375684,0.871906670375684,0.94,0.5249808143638093,0.6268656716417911,fail,50.4
k1_isotonic,y_any_h4,flash,isotonic,ML-20260929-070637/lightgbm/y_any_h4,1,335,4,0.0094,0.09732874872334447,0.1788899135641927,0.8554762635048493,0.8554762635048493,0.9431999999999999,0.5335090720243022,0.6268656716417911,fail,50.4
k1_isotonic,y_any_h1,val,raw,ML-20260929-070637/lightgbm/y_any_h1,6,10043,4,0.0048,0.021769135897045336,0.131811056659697,0.4608285320192554,0.45838129898781593,0.5466666666666666,0.22157605716019452,0.19984068505426666,-,50.4
k1_isotonic,y_any_h1,val,platt,ML-20260929-070637/lightgbm/y_any_h1,6,10043,4,0.0048,0.01746167768225618,0.13246680824340756,0.4608285320192554,0.4541918929185352,0.5466666666666666,0.20771942747415711,0.19984068505426666,fail,50.4
k1_isotonic,y_any_h1,val,isotonic,ML-20260929-070637/lightgbm/y_any_h1,6,10043,4,0.0048,0.013959977611015422,0.13274915525106612,0.4450839225901772,0.44813696521935137,0.546832843968988,0.2075449055498097,0.19984068505426666,fail,50.4
k1_isotonic,y_any_h1,flash,raw,ML-20260929-070637/lightgbm/y_any_h1,4,4284,4,0.0156,0.03388590926710376,0.1708602730737842,0.5396575815528659,0.5493775756109891,0.65,0.31703250123722515,0.2831465919701214,-,50.4
k1_isotonic,y_any_h1,flash,platt,ML-20260929-070637/lightgbm/y_any_h1,4,4284,4,0.0156,0.06049052187770654,0.18062497681609915,0.5396575815528659,0.5254056629987788,0.65,0.3393484079870432,0.2831465919701214,fail,50.4
k1_isotonic,y_any_h1,flash,isotonic,ML-20260929-070637/lightgbm/y_any_h1,4,4284,4,0.0156,0.08329334517206446,0.18260865042254554,0.517681445050671,0.5188386673414318,0.6397760979741857,0.342900086061578,0.2831465919701214,fail,50.4
k1_isotonic,y_any_h6,val,raw,ML-20260929-070637/lightgbm/y_any_h6,6,5855,4,0.0012,0.05457519101794494,0.13515166670607884,0.9252154753309779,0.908738588769374,0.9633333333333334,0.776186023310348,0.7286080273270709,-,50.4
k1_isotonic,y_any_h6,val,platt,ML-20260929-070637/lightgbm/y_any_h6,6,5855,4,0.0012,0.07062500702581684,0.14180849170360516,0.9252154753309779,0.9134093167233266,0.9633333333333334,0.7965781670937798,0.7286080273270709,fail,50.4
k1_isotonic,y_any_h6,val,isotonic,ML-20260929-070637/lightgbm/y_any_h6,6,5855,4,0.0012,0.07214792037444205,0.1430927934507213,0.9187945545921311,0.9111044077569775,0.963911153928495,0.7969212684875403,0.7286080273270709,fail,50.4
