candidate,target,block,margin,champion_entry,n_rows,n_projects,n_folds,seeds,champion_fold_pr_auc,challenger_fold_pr_auc,delta_fold_pr_auc,ci_lo,ci_hi,boot_share_le_0,seed_deltas,fold_deltas,folds_up,champion_seed_sd,challenger_seed_sd,champion_pr_auc,challenger_pr_auc,delta_pr_auc,pooled_ci_lo,pooled_ci_hi,pooled_seed_deltas,champion_pooled_seed_sd,champion_ece,challenger_ece,champion_precision_50,challenger_precision_50,champion_nyd_pr_auc,challenger_nyd_pr_auc,champion_brier,challenger_brier,champion_roc_auc,challenger_roc_auc,champion_pre_pr_auc_fold_mean,challenger_pre_pr_auc_fold_mean,champion_pre_pr_auc,challenger_pre_pr_auc,champion_pre_n,challenger_pre_n,champion_pre_base_rate,challenger_pre_base_rate,decision,reason,ship,n_features,runtime_s,point_in_time
m1_monotone,y_any_h2,val,0.0024,ML-20260929-070637/lightgbm/y_any_h2,9349,2044,6,3,0.6961808939844892,0.6903593440973633,-0.005821549887125983,-0.008798762488946354,-0.002916650808607396,1.0,-0.0071/-0.0051/-0.0053,2023-07:-0.0035 2023-10:-0.0040 2024-01:+0.0001 2024-04:-0.0091 2024-07:-0.0098 2024-10:-0.0087,1,0.0010347473677460096,0.0009744802295305407,0.701430950700789,0.693165881510617,-0.008265069190172078,-0.011001926806804466,-0.005547914285844248,-0.0103/-0.0056/-0.0089,0.0015481010806953782,0.08178914872935998,0.08111087295812143,0.8266666666666667,0.8222222222222223,0.5122594658979392,0.5066643416058926,0.17527656763615193,0.17658104714635167,0.8123512807127109,0.8086654088898095,0.5878698702861204,0.5779704953568284,0.6236330854417124,0.6125744107181791,3947.0,3947.0,0.22776792500633392,0.22776792500633392,fail,"within-cutoff PR-AUC gain val -0.0058 (margin 0.0024), flash +0.0028 (margin 0.0134) (lower on a block, no block clears its noise margin); ECE 0.0811 vs 0.0818 + 0.02 (ok)",reject,62,61.3,{}
m1_monotone,y_any_h2,flash,0.0134,ML-20260929-070637/lightgbm/y_any_h2,2564,1516,3,3,0.7775097954377207,0.7802892705115189,0.0027794750737982024,-0.001415406356521067,0.007071541224698604,0.086,+0.0078/+0.0015/-0.0010,2025-07:+0.0009 2025-10:+0.0069 2026-01:+0.0005,3,0.004384863359660494,0.00799999647220367,0.7753699895989876,0.7780719316098561,0.0027019420108684855,-0.0010019966548882428,0.006398135362653202,+0.0082/-0.0006/+0.0006,0.00404060881061191,0.05887466046333641,0.05789158928891774,0.8977777777777778,0.891111111111111,0.5046950177453362,0.5041119475608319,0.19290531709911543,0.19173496669627701,0.7851734074559517,0.7876027162337337,0.7398485430322946,0.7418814323526992,0.7451315181139998,0.7463560862721271,890.0,890.0,0.4247191011235955,0.4247191011235955,fail,"within-cutoff PR-AUC gain val -0.0058 (margin 0.0024), flash +0.0028 (margin 0.0134) (lower on a block, no block clears its noise margin); ECE 0.0811 vs 0.0818 + 0.02 (ok)",reject,62,61.3,{}
m1_monotone,y_date_push_h2,val,0.0056,ML-20260929-070637/lightgbm/y_date_push_h2,10063,2078,6,3,0.6320073413683098,0.6284865146616939,-0.0035208267066159094,-0.00568179544093226,-0.0011665646183033939,0.9985,-0.0060/-0.0002/-0.0043,2023-07:+0.0010 2023-10:-0.0063 2024-01:-0.0025 2024-04:-0.0091 2024-07:-0.0053 2024-10:+0.0011,2,0.0026537056008006563,0.0013886809004974223,0.6259633255888487,0.6197106583223007,-0.006252667266548014,-0.008358180933483936,-0.003981350628098754,-0.0101/-0.0053/-0.0033,0.0024553295654606948,0.05545440878143765,0.052813283375166366,0.7522222222222222,0.7488888888888888,0.5021831916924632,0.4976134697867219,0.17874754622530284,0.1799224569453365,0.789503106032304,0.7856416098911773,0.5465425928163627,0.5380666116427811,0.5554979299721055,0.542374010120783,4113.0,4113.0,0.22562606370046198,0.22562606370046198,fail,"within-cutoff PR-AUC gain val -0.0035 (margin 0.0056), flash -0.0052 (margin 0.0134) (lower on a block, no block clears its noise margin); ECE 0.0528 vs 0.0555 + 0.02 (ok)",reject,62,46.7,{}
m1_monotone,y_date_push_h2,flash,0.0134,ML-20260929-070637/lightgbm/y_date_push_h2,2613,1546,3,3,0.775090630867822,0.7699046083359263,-0.0051860225318957065,-0.010388743513457208,-0.00014180974329662592,0.977,-0.0036/-0.0083/-0.0037,2025-07:-0.0018 2025-10:-0.0102 2026-01:-0.0035,0,0.0054607907341780865,0.00464886680894412,0.7688983924477745,0.763566979711228,-0.005331412736546433,-0.01031003034806301,-0.0009755778409582474,-0.0026/-0.0102/-0.0032,0.004884581604217601,0.06104585069685139,0.06751967928972713,0.9088888888888889,0.88,0.480326430222298,0.48042525395434027,0.18933383371598653,0.190773121393134,0.794065052580093,0.7926442651014917,0.7208280507607583,0.7071850589314255,0.7438647042158154,0.7344986077075614,906.0,906.0,0.41611479028697573,0.41611479028697573,fail,"within-cutoff PR-AUC gain val -0.0035 (margin 0.0056), flash -0.0052 (margin 0.0134) (lower on a block, no block clears its noise margin); ECE 0.0528 vs 0.0555 + 0.02 (ok)",reject,62,46.7,{}
m1_monotone,y_cost_rev_h2,val,0.0068,ML-20260929-070637/lightgbm/y_cost_rev_h2,9392,2050,6,3,0.18244785797027777,0.17898518184263676,-0.0034626761276410345,-0.009837786299777608,0.0029904262733671284,0.8315,-0.0043/-0.0073/+0.0012,2023-07:+0.0003 2023-10:-0.0076 2024-01:-0.0041 2024-04:-0.0152 2024-07:+0.0051 2024-10:+0.0007,3,0.001429842618295589,0.004063466095248251,0.15093701600692985,0.1467331995304805,-0.004203816476449333,-0.00923069408184771,0.001315615334994328,-0.0043/-0.0070/-0.0012,0.0017915984758793912,0.0039058336671174408,0.004649828390958686,0.2722222222222222,0.2722222222222222,0.13961194517873707,0.1378580407360279,0.03880772979166556,0.03883813760237323,0.7198126823600178,0.7136042942360481,0.22761213241209619,0.21766540289267522,0.16392140569150512,0.14093054815082465,3960.0,3960.0,0.02297979797979798,0.02297979797979798,fail,"within-cutoff PR-AUC gain val -0.0035 (margin 0.0068), flash +0.0044 (margin 0.0106) (lower on a block, no block clears its noise margin); ECE 0.0046 vs 0.0039 + 0.02 (ok)",reject,62,54.5,{}
m1_monotone,y_cost_rev_h2,flash,0.0106,ML-20260929-070637/lightgbm/y_cost_rev_h2,3617,1875,3,3,0.15953741934325338,0.1639623452904085,0.00442492594715511,-0.006323779003938723,0.015083592076685784,0.1685,+0.0038/+0.0064/+0.0031,2025-07:-0.0083 2025-10:-0.0008 2026-01:+0.0224,1,0.004671182794019343,0.005183939229062344,0.12539518771135263,0.12585149955416355,0.00045631184281093307,-0.012204542588364982,0.012494882267055012,+0.0013/+0.0057/-0.0057,0.0038832759538901017,0.010731082630033134,0.01005871906230154,0.19333333333333333,0.20444444444444443,0.1551649121826586,0.15830587473868543,0.030541745186207347,0.0303492672217891,0.7551045575462889,0.7754042726295779,0.07625337900459335,0.08303213757628375,0.060127937961068245,0.05198227482487396,1721.0,1721.0,0.02033701336432307,0.02033701336432307,fail,"within-cutoff PR-AUC gain val -0.0035 (margin 0.0068), flash +0.0044 (margin 0.0106) (lower on a block, no block clears its noise margin); ECE 0.0046 vs 0.0039 + 0.02 (ok)",reject,62,54.5,{}
m1_monotone,y_any_h4,val,0.0004,ML-20260929-070637/lightgbm/y_any_h4,7163,1899,6,3,0.884398159591803,0.88307216518006,-0.0013259944117430071,-0.003433371463575649,0.0008116163374919075,0.897,-0.0021/-0.0025/+0.0006,2022-10:-0.0009 2023-01:+0.0012 2023-04:-0.0018 2023-07:+0.0000 2023-10:-0.0069 2024-01:+0.0005,3,0.0002450537843881382,0.0019161740242412408,0.8690611428718428,0.8668937066259194,-0.0021674362459234895,-0.00416545510832948,-0.00014091806479093363,-0.0032/-0.0026/-0.0006,0.0007461400758393125,0.09586595275743397,0.09641381359336448,0.9422222222222221,0.9444444444444443,0.5878410645040636,0.5790090298064762,0.168231642733203,0.1692830810428223,0.8371879950514461,0.8345443304682435,0.8558563326376379,0.85207175829202,0.8239567773676851,0.8155002436715492,3129.0,3129.0,0.47139661233620966,0.47139661233620966,fail,"within-cutoff PR-AUC gain val -0.0013 (margin 0.0004), flash +0.0045 (margin 0.0094) (lower on a block, no block clears its noise margin); ECE 0.0964 vs 0.0959 + 0.02 (ok)",reject,62,26.6,{}
m1_monotone,y_any_h4,flash,0.0094,ML-20260929-070637/lightgbm/y_any_h4,335,335,1,3,0.8763946411498734,0.8809271892003041,0.004532548050430574,-0.003947623420576948,0.01382170658548503,0.155,+0.0063/-0.0016/+0.0089,2025-07:+0.0045,1,0.006326668239228359,0.002341824063558041,0.8763946411498734,0.8809271892003041,0.004532548050430574,-0.003947623420576948,0.01382170658548503,+0.0063/-0.0016/+0.0089,0.006326668239228359,0.08039465743362663,0.07346787694396102,0.9466666666666667,0.98,0.42879838460485514,0.44241266582868305,0.17495586005512972,0.17267873312682766,0.8090920634920634,0.8115174603174604,0.8741697893512356,0.8762084785148788,0.8741697893512356,0.8762084785148788,94.0,94.0,0.6170212765957447,0.6170212765957447,fail,"within-cutoff PR-AUC gain val -0.0013 (margin 0.0004), flash +0.0045 (margin 0.0094) (lower on a block, no block clears its noise margin); ECE 0.0964 vs 0.0959 + 0.02 (ok)",reject,62,26.6,{}
m1_monotone,y_any_h1,val,0.0048,ML-20260929-070637/lightgbm/y_any_h1,10043,2081,6,3,0.4620633424731433,0.46119264362880186,-0.0008706988443414702,-0.0042871837759414595,0.0023347462029261116,0.7025,+0.0007/+0.0029/-0.0061,2023-10:-0.0087 2024-01:-0.0015 2024-04:+0.0008 2024-07:+0.0018 2024-10:-0.0022 2025-01:+0.0045,3,0.002217275316696323,0.0025624130647232176,0.4600153036678205,0.45667138096438814,-0.0033439227034323302,-0.006532122250177523,5.355494761495272e-05,+0.0002/+0.0015/-0.0118,0.0033494174591791183,0.022017016999269445,0.02177539509411826,0.561111111111111,0.5655555555555556,0.4316176986644049,0.4307937745226665,0.1318009239284527,0.13234648136982916,0.7917748205653862,0.7890567537428524,0.39433955113671976,0.3869468488530791,0.37591324532635934,0.36775202547223756,3948.0,3948.0,0.11372847011144883,0.11372847011144883,fail,"within-cutoff PR-AUC gain val -0.0009 (margin 0.0048), flash +0.0035 (margin 0.0156) (lower on a block, no block clears its noise margin); ECE 0.0218 vs 0.0220 + 0.02 (ok)",reject,62,54.5,{}
m1_monotone,y_any_h1,flash,0.0156,ML-20260929-070637/lightgbm/y_any_h1,4284,1721,4,3,0.5310623418893073,0.5345942712933747,0.00353192940406725,-0.0023856232669091054,0.00845034040168034,0.138,-0.0024/+0.0041/+0.0089,2025-07:-0.0085 2025-10:+0.0079 2026-01:+0.0093 2026-04:+0.0054,3,0.009662915022098106,0.004413413036825008,0.5309585653054237,0.5419204222447234,0.010961856939299556,0.005129666391844812,0.015446478139099804,-0.0045/+0.0146/+0.0228,0.02160791312221089,0.03355570305968628,0.03697426617201379,0.6216666666666666,0.6183333333333333,0.4601533104556635,0.4604582248112649,0.1737397149928469,0.17285008232356414,0.7437849255805334,0.7477864489306797,0.4912026320487242,0.5008780892952416,0.5213520638383865,0.5394525352552915,1439.0,1439.0,0.24878387769284224,0.24878387769284224,fail,"within-cutoff PR-AUC gain val -0.0009 (margin 0.0048), flash +0.0035 (margin 0.0156) (lower on a block, no block clears its noise margin); ECE 0.0218 vs 0.0220 + 0.02 (ok)",reject,62,54.5,{}
m1_monotone,y_any_h6,val,0.0012,ML-20260929-070637/lightgbm/y_any_h6,5855,1583,6,3,0.9253723514596941,0.923952015255859,-0.001420336203835008,-0.003315895350565537,0.0004491537344067867,0.9315,-0.0017/-0.0004/-0.0021,2022-04:-0.0001 2022-07:+0.0001 2022-10:+0.0002 2023-01:+0.0034 2023-04:-0.0014 2023-07:-0.0107,3,0.0007097420665118535,0.00045303607271541765,0.9075877958563648,0.9059268067856022,-0.0016609890707627306,-0.0035558855750365288,0.00014669315340829959,-0.0056/+0.0013/-0.0007,0.0011318481601797473,0.053371759258765916,0.05078691966392474,0.9666666666666668,0.9611111111111111,0.6697363106908023,0.6691056791749871,0.13517680129798418,0.13528158829951523,0.8283432718552332,0.8275514503278959,0.9222988607649011,0.9182328467240021,0.8914098902054169,0.8869418159932136,2423.0,2423.0,0.6553858852661989,0.6553858852661989,fail,"within-cutoff PR-AUC gain val -0.0014 (margin 0.0012) (lower on a block, no block clears its noise margin); ECE 0.0508 vs 0.0534 + 0.02 (ok)",reject,62,17.7,{}
