target,block,champion_entry,n_seeds,n_folds,fold_pr_auc_mean,fold_pr_auc_sd,pr_auc_sd,fold_pr_auc_by_seed,margin
y_any_h2,val,ML-20260927-222602/lightgbm/y_any_h2,5,6,0.6956202138719874,0.0012385665430562,0.002197131030663,0.6970/0.6965/0.6950/0.6957/0.6939,0.0024771330861125
y_any_h2,flash,ML-20260927-222602/lightgbm/y_any_h2,5,3,0.7817149507389654,0.0066544115337697,0.0052652880669432,0.7794/0.7806/0.7725/0.7863/0.7898,0.0133088230675394
y_date_push_h2,val,ML-20260927-222602/lightgbm/y_date_push_h2,5,6,0.6320957200352895,0.0028108455275194,0.0031731337377489,0.6350/0.6298/0.6312/0.6293/0.6352,0.0056216910550388
y_date_push_h2,flash,ML-20260927-222602/lightgbm/y_date_push_h2,5,3,0.7763750920856402,0.006651590284948,0.0062356474828295,0.7780/0.7785/0.7688/0.7711/0.7855,0.0133031805698961
y_cost_rev_h2,val,ML-20260927-222602/lightgbm/y_cost_rev_h2,5,6,0.1738256847081277,0.0034127196762236,0.0026686250388757,0.1729/0.1746/0.1778/0.1686/0.1752,0.0068254393524473
y_cost_rev_h2,flash,ML-20260927-222602/lightgbm/y_cost_rev_h2,5,3,0.1251668094144593,0.0052599875006754,0.0022175509124891,0.1292/0.1170/0.1229/0.1272/0.1296,0.0105199750013509
y_any_h4,val,ML-20260927-222602/lightgbm/y_any_h4,5,6,0.8843908724025008,0.0002309131826593,0.0008217558434163,0.8843/0.8843/0.8847/0.8846/0.8842,0.0004618263653186
y_any_h4,flash,ML-20260927-222602/lightgbm/y_any_h4,5,1,0.8769417859495995,0.0047454480400934,0.0047454480400934,0.8719/0.8836/0.8736/0.8758/0.8797,0.0094908960801868
y_any_h1,val,ML-20260929-070637/lightgbm/y_any_h1,5,6,0.4631243739503887,0.0024278300463681846,0.0031543674431423296,0.4608/0.4607/0.4646/0.4663/0.4631,0.004855660092736369
y_any_h1,flash,ML-20260929-070637/lightgbm/y_any_h1,5,4,0.5291852384845636,0.0077975364168714305,0.016099643175423593,0.5397/0.5329/0.5206/0.5302/0.5225,0.015595072833742861
y_any_h6,val,ML-20260929-070637/lightgbm/y_any_h6,5,6,0.9251945324433626,0.0005642706737100359,0.0008520565365656202,0.9252/0.9248/0.9261/0.9248/0.9250,0.0011285413474200717
