trial,mean_trees,val_pr_auc,val_ece,val_precision_50,val_nyd_pr_auc,gain_vs_champion,seconds,learning_rate,num_leaves,min_child_samples,colsample_bytree,subsample,reg_lambda,reg_alpha,min_split_gain,champion_val_pr_auc,champion_val_ece,selected
0,121.33333333333333,0.6984952221109516,0.07967014594597764,0.81,0.5080472620168113,-0.0030246108314719855,24.7,,,,,,,,,0.7015198329424236,0.08154796890209444,False
1,58.5,0.6902034422473313,0.0753483954540661,0.83,0.5125349958868481,-0.011316390695092271,20.5,0.08,31.0,100.0,0.6,0.6,0.0,0.0,0.0,0.7015198329424236,0.08154796890209444,False
2,178.5,0.7043105130410602,0.06957880542508267,0.84,0.5152356971991111,0.0027906800986365887,87.4,0.02,63.0,200.0,1.0,0.8,5.0,2.0,0.02,0.7015198329424236,0.08154796890209444,False
3,95.83333333333333,0.6995644857411529,0.07520716878170114,0.82,0.5068862565517124,-0.001955347201270663,38.8,0.05,31.0,100.0,1.0,0.6,20.0,2.0,0.0,0.7015198329424236,0.08154796890209444,False
4,186.83333333333334,0.6917510082852136,0.0714866743070369,0.82,0.5023318344406151,-0.009768824657209962,32.1,0.03,63.0,100.0,0.4,1.0,5.0,2.0,0.0,0.7015198329424236,0.08154796890209444,False
5,210.83333333333334,0.6960698903382092,0.07315278682603266,0.8066666666666666,0.5185669254329821,-0.005449942604214386,48.1,0.02,63.0,20.0,0.8,0.6,1.0,0.5,0.0,0.7015198329424236,0.08154796890209444,False
6,299.6666666666667,0.7030258102198776,0.07693030703863958,0.8233333333333334,0.5143991359287704,0.0015059772774540514,16.2,0.03,7.0,20.0,0.4,0.6,5.0,0.5,0.02,0.7015198329424236,0.08154796890209444,False
7,192.16666666666666,0.7017470192068614,0.0741921847163944,0.8266666666666667,0.5036639015213143,0.00022718626443785084,20.6,0.03,31.0,200.0,0.6,0.8,20.0,2.0,0.02,0.7015198329424236,0.08154796890209444,False
8,157.33333333333334,0.7021767010408029,0.07702902408882356,0.8366666666666667,0.5079195707998437,0.0006568680983792818,15.2,0.03,31.0,400.0,0.8,1.0,5.0,2.0,0.0,0.7015198329424236,0.08154796890209444,False
9,106.5,0.6993735983908069,0.08421502091381325,0.8344444444444444,0.4964809715990805,-0.002146234551616666,5.4,0.08,7.0,100.0,0.8,1.0,5.0,0.5,0.0,0.7015198329424236,0.08154796890209444,False
10,231.5,0.6937327503209018,0.07712034468616857,0.8133333333333334,0.5129531056206735,-0.007787082621521835,12.5,0.03,15.0,200.0,1.0,0.6,20.0,0.5,0.0,0.7015198329424236,0.08154796890209444,False
11,124.83333333333333,0.6973677163342131,0.0817831383220241,0.82,0.5043232045402626,-0.0041521166082104655,12.8,0.05,31.0,50.0,0.6,1.0,5.0,0.5,0.0,0.7015198329424236,0.08154796890209444,False
12,60.0,0.6974102084592726,0.0785771731252233,0.84,0.5068316202107848,-0.004109624483150998,4.1,0.08,15.0,50.0,1.0,0.6,0.0,2.0,0.02,0.7015198329424236,0.08154796890209444,False
13,393.3333333333333,0.7069309127776137,0.08070294794802393,0.8116666666666666,0.5041474884228895,0.005411079835190069,8.7,0.02,7.0,50.0,1.0,0.8,20.0,0.0,0.0,0.7015198329424236,0.08154796890209444,True
14,84.0,0.6851429545374387,0.07582395131227894,0.81,0.48218566769856114,-0.016376878404984918,17.0,0.08,63.0,20.0,0.4,1.0,1.0,0.5,0.0,0.7015198329424236,0.08154796890209444,False
15,64.83333333333333,0.6991514966409151,0.08308021257651596,0.8223809523809524,0.50838316498361,-0.0023683363015084558,5.5,0.08,15.0,400.0,1.0,1.0,0.0,2.0,0.0,0.7015198329424236,0.08154796890209444,False
16,147.5,0.6927210855950422,0.08055296356704758,0.82,0.49657580740257345,-0.008798747347381397,10.1,0.05,15.0,400.0,0.4,1.0,0.0,0.5,0.02,0.7015198329424236,0.08154796890209444,False
17,82.66666666666667,0.6911635588784187,0.08112094428124521,0.7866666666666666,0.49536536226779043,-0.010356274064004856,10.3,0.08,15.0,400.0,0.8,1.0,0.0,2.0,0.02,0.7015198329424236,0.08154796890209444,False
18,388.3333333333333,0.7009716856440593,0.07857095384413633,0.7933333333333333,0.5027766791988684,-0.0005481472983642766,32.6,0.02,15.0,200.0,0.4,0.8,5.0,2.0,0.02,0.7015198329424236,0.08154796890209444,False
19,154.0,0.6999992906383703,0.0767441348482285,0.8166666666666667,0.5163451250803253,-0.0015205423040532962,12.7,0.03,15.0,100.0,1.0,0.6,1.0,0.0,0.0,0.7015198329424236,0.08154796890209444,False
20,55.333333333333336,0.6977700679385896,0.07762417173994565,0.8333333333333334,0.5138168570210173,-0.003749765003833949,11.6,0.08,31.0,50.0,1.0,0.8,20.0,0.0,0.0,0.7015198329424236,0.08154796890209444,False
