trial,mean_trees,val_pr_auc,val_ece,val_precision_50,val_nyd_pr_auc,gain_vs_champion,seconds,learning_rate,num_leaves,min_child_samples,colsample_bytree,subsample,reg_lambda,reg_alpha,min_split_gain,n_estimators,champion_val_pr_auc,champion_val_ece,selected
0,300.0,0.7015198329424236,0.08154796890209444,0.8266666666666667,0.509735122982486,0.0,12.1,,,,,,,,,,0.7015198329424236,0.08154796890209444,False
1,150.0,0.6854413885035071,0.07819023041677503,0.7966666666666666,0.505456986343843,-0.016078444438916484,8.6,0.08,31.0,100.0,0.6,0.6,0.0,0.0,0.0,150.0,0.7015198329424236,0.08154796890209444,False
2,600.0,0.6711922715229216,0.08813000520169803,0.8033333333333333,0.46413089518288786,-0.03032756141950199,28.0,0.08,31.0,400.0,0.8,0.8,20.0,2.0,0.02,600.0,0.7015198329424236,0.08154796890209444,False
3,600.0,0.6814609025718498,0.0889811592802091,0.8133333333333334,0.4976878358738262,-0.020058930370573824,32.8,0.05,63.0,50.0,1.0,1.0,0.0,0.5,0.02,600.0,0.7015198329424236,0.08154796890209444,False
4,600.0,0.6887615773362769,0.07514038281142787,0.8433333333333334,0.495389793462787,-0.01275825560614674,33.6,0.02,63.0,200.0,1.0,0.6,0.0,2.0,0.0,600.0,0.7015198329424236,0.08154796890209444,False
5,150.0,0.6999943930623738,0.06990617328448497,0.79,0.5128515917024828,-0.0015254398800498281,4.1,0.02,15.0,100.0,0.6,0.8,0.0,0.0,0.0,150.0,0.7015198329424236,0.08154796890209444,False
6,1000.0,0.6660041074246633,0.09428544954472168,0.8133333333333334,0.45684125524673314,-0.03551572551776028,35.1,0.05,31.0,200.0,0.6,0.8,20.0,0.5,0.0,1000.0,0.7015198329424236,0.08154796890209444,False
7,600.0,0.6660277310662052,0.1021961699461975,0.81,0.46764161863209674,-0.03549210187621843,28.5,0.08,63.0,50.0,0.8,1.0,5.0,2.0,0.02,600.0,0.7015198329424236,0.08154796890209444,False
8,300.0,0.7012851080516078,0.07781047924666662,0.83,0.5084293021120642,-0.00023472489081577397,22.1,0.03,63.0,20.0,0.8,1.0,20.0,0.5,0.0,300.0,0.7015198329424236,0.08154796890209444,False
9,600.0,0.6950602137316144,0.07684382050900848,0.82,0.5101693594823566,-0.0064596192108091754,13.2,0.03,15.0,200.0,1.0,0.6,20.0,0.5,0.0,600.0,0.7015198329424236,0.08154796890209444,False
10,300.0,0.698405546962906,0.08306255291784782,0.8233333333333334,0.5135575383283508,-0.0031142859795175726,7.8,0.05,15.0,50.0,0.8,0.8,5.0,0.5,0.02,300.0,0.7015198329424236,0.08154796890209444,False
11,300.0,0.6943388884189333,0.07821227990072678,0.81,0.51101241434352,-0.007180944523490274,15.0,0.03,63.0,50.0,0.4,1.0,5.0,0.0,0.0,300.0,0.7015198329424236,0.08154796890209444,False
12,150.0,0.6952318358999475,0.07186697993505005,0.82,0.5093828710985393,-0.006287997042476068,3.5,0.08,15.0,200.0,0.6,0.6,20.0,2.0,0.0,150.0,0.7015198329424236,0.08154796890209444,False
13,600.0,0.6899892295762806,0.08830107136275009,0.8,0.5040242150855676,-0.011530603366142977,10.4,0.05,15.0,100.0,0.4,1.0,1.0,2.0,0.02,600.0,0.7015198329424236,0.08154796890209444,False
14,150.0,0.7028651839643285,0.0665996900304637,0.84,0.5216680618774829,0.001345351021904917,17.3,0.02,63.0,20.0,0.8,0.8,20.0,0.0,0.02,150.0,0.7015198329424236,0.08154796890209444,True
15,1000.0,0.6671994645953994,0.0929843001891604,0.81,0.4651285997281325,-0.03432036834702423,38.4,0.05,31.0,400.0,0.6,1.0,5.0,2.0,0.0,1000.0,0.7015198329424236,0.08154796890209444,False
16,1000.0,0.6822037963602117,0.09398004246604574,0.82,0.4769663237025354,-0.019316036582211926,8.8,0.08,7.0,50.0,0.8,0.6,5.0,0.5,0.02,1000.0,0.7015198329424236,0.08154796890209444,False
17,1000.0,0.6864766964411015,0.08590773302203215,0.82,0.4967970408885115,-0.015043136501322052,22.3,0.03,15.0,100.0,1.0,0.6,1.0,0.0,0.0,1000.0,0.7015198329424236,0.08154796890209444,False
18,1000.0,0.6734478962484398,0.09445942704065476,0.82,0.4934261502212692,-0.02807193669398378,17.1,0.05,15.0,400.0,0.8,1.0,0.0,0.5,0.02,1000.0,0.7015198329424236,0.08154796890209444,False
19,300.0,0.6963869282408452,0.07555409087442269,0.8133333333333334,0.5207260573404967,-0.005132904701578345,4.4,0.03,15.0,100.0,0.8,0.6,20.0,0.0,0.0,300.0,0.7015198329424236,0.08154796890209444,False
20,600.0,0.6838596313985569,0.08859960544701163,0.82,0.5014682960082051,-0.017660201543866716,11.7,0.05,31.0,200.0,1.0,1.0,0.0,0.0,0.0,600.0,0.7015198329424236,0.08154796890209444,False
