rank,state,n_projects,expenditure_cr,cost_original_cr,cost_latest_cr
1,Maharashtra,182,454254.95,535255.42,601442.86
2,Uttar Pradesh,168,342271.33,536436.18,548156.03
3,Bihar,126,187800.74,338139.67,292208.33
4,Andhra Pradesh,119,195586.79,283186.58,272612.62
5,Madhya Pradesh,118,193669.34,390076.67,356952.02
6,Karnataka,113,176779.95,293274.81,242198.55
7,Odisha,108,183622.73,305157.53,261313.62
8,Jharkhand,103,163628.88,291510.24,240249.36
9,Gujarat,99,418591.89,463616.39,503175.72
10,West Bengal,78,141576.32,232645.9,184454.21
11,Chhattisgarh,77,140530.15,237317.76,185007.66
12,Assam,76,167803.92,203460.11,189628.59
13,Telangana,75,111438.38,202755.04,156938.14
14,Rajasthan,74,272259.78,316591.24,332166.69
15,Tamil Nadu,65,106817.51,220043.25,221723.72
16,Punjab,53,118033.04,170769.4,120178.12
17,Uttarakhand,52,103701.12,146179.29,96740.21
18,Jammu & Kashmir,52,114037.36,172125.46,119458.58
19,Manipur,40,111448.86,144492.91,94399.49
20,Haryana,39,240928.74,234235.61,254819.13
21,Himachal Pradesh,37,102900.15,143839.41,96645.29
22,Kerala,37,128395.07,184024.2,134483.68
23,Arunachal Pradesh,28,123875.42,191374.31,156136.84
24,Nagaland,27,93688.27,129193.98,80660.77
25,Mizoram,24,88640.23,128119.18,70384.69
26,Meghalaya,22,88358.56,125233.08,66616.46
27,Sikkim,21,107502.01,134454.41,84759.0
28,Delhi,19,58309.55,107657.09,111475.47
29,Tripura,17,93385.17,131859.11,74046.8
30,Puducherry,9,55581.34,73855.07,26440.31
31,Goa,9,9844.83,35071.43,23924.15
32,Ladakh,9,31642.63,52745.96,41982.8
33,Andaman & Nicobar,9,79168.67,112782.54,53907.01
34,Dadra & Nagar Haveli and Daman & Diu,7,150644.49,203120.93,144581.78
35,Chandigarh,3,57940.41,88070.13,28746.97
36,Lakshadweep,2,21099.62,22819.69,22819.69
