project_id,state,sector,sanctioned_cost_cr,planned_duration_months,start_date,fc_required,fc_scenario_id,fc_authority_level,fc_complexity_score,fc_violation_flag,fc_status,fc_duration_days,la_required,la_num_parcels,la_total_area_ha,la_num_districts,la_complexity_score,la_span_days,la_state_fragmentation_factor,external_factor_composite_score,actual_time_overrun_days,overrun_flag
PAIMANA-1000,Bihar,Power Transmission,79.73,36,2021-09-10,1,5_DH_gt40,4,7,0,Pending,294.0,0,0,0.0,0,0,0.0,1.5,0.5,106.0,1
PAIMANA-1001,Madhya Pradesh,Rural Road,26.06,12,2022-09-20,0,,0,0,0,NA,0.0,1,89,17.9465,1,0,15.0,1.1,0.0,34.0,0
PAIMANA-1002,Gujarat,National Highway,110.98,24,2021-10-16,1,2_DH,3,4,0,Pending,239.0,0,0,0.0,0,0,0.0,0.9,0.286,29.0,0
PAIMANA-1003,Bihar,State Highway,56.71,12,2020-06-25,1,exempt_def_100km,2,2,0,Pending,82.0,0,0,0.0,0,0,0.0,1.5,0.143,40.0,0
PAIMANA-1004,Rajasthan,National Highway,510.01,24,2021-01-28,0,,0,0,0,NA,0.0,1,19,1.0765,1,1,182.0,0.85,0.1,18.0,0
PAIMANA-1005,Odisha,Rural Road,36.37,24,2022-02-03,1,3F_violation,4,4,1,Approved,298.0,1,83,12.489,1,0,114.0,1.15,0.286,104.0,1
PAIMANA-1006,Gujarat,Railway,8.11,36,2023-05-06,1,4_main,3,3,0,Pending,190.0,1,50,3.4236,1,0,101.0,0.9,0.214,62.0,1
PAIMANA-1007,Gujarat,State Highway,31.99,24,2019-03-22,1,5_gt5_mining,4,7,0,Rejected,362.0,0,0,0.0,0,0,0.0,0.9,0.5,102.0,1
PAIMANA-1008,Bihar,National Highway,12.64,18,2019-05-13,1,fc_form_c_exempted,1,1,0,Pending,22.0,0,0,0.0,0,0,0.0,1.5,0.071,42.0,0
PAIMANA-1009,Uttar Pradesh,State Highway,87.99,18,2021-03-07,1,exempt_def_5ha_lwe,2,2,0,Approved,135.0,1,101,6.5349,1,2,396.0,1.35,0.343,100.0,1
PAIMANA-1010,Rajasthan,State Highway,34.54,36,2021-06-18,0,,0,0,0,NA,0.0,0,0,0.0,0,0,0.0,0.85,0.0,19.0,0
PAIMANA-1011,Bihar,Power Transmission,28.87,30,2019-05-18,0,,0,0,0,NA,0.0,1,3,0.075,1,0,182.0,1.5,0.0,0.0,0
PAIMANA-1012,Rajasthan,Railway,29.25,18,2019-07-03,1,6_survey,3,6,0,Approved,305.0,1,105,11.4481,1,2,252.0,0.85,0.629,96.0,1
PAIMANA-1013,Rajasthan,Rural Road,69.43,12,2022-11-25,1,5_main,4,7,0,Approved,345.0,0,0,0.0,0,0,0.0,0.85,0.5,105.0,1
PAIMANA-1014,Odisha,Irrigation,21.06,30,2022-09-15,1,3F_violation,4,4,1,Pending,283.0,1,3856,657.6757,1,4,600.0,1.15,0.686,175.0,1
PAIMANA-1015,Gujarat,National Highway,72.03,12,2021-02-23,0,,0,0,0,NA,0.0,0,0,0.0,0,0,0.0,0.9,0.0,1.0,0
PAIMANA-1016,Madhya Pradesh,Power Transmission,94.21,36,2023-03-12,1,survey_1E,2,2,0,Approved,120.0,1,33,1.2551,1,1,218.0,1.1,0.243,77.0,1
PAIMANA-1017,Odisha,Rural Road,23.52,30,2024-02-19,1,4_govt_ofc,3,3,0,Pending,154.0,0,0,0.0,0,0,0.0,1.15,0.214,47.0,0
PAIMANA-1018,Odisha,Railway,13.12,12,2021-09-10,1,survey_3or6,4,4,0,Approved,178.0,1,5,0.3162,1,0,93.0,1.15,0.286,35.0,0
PAIMANA-1019,Rajasthan,Rural Road,19.83,12,2019-03-10,1,1A,2,2,0,Pending,131.0,1,1,0.0391,1,0,58.0,0.85,0.143,69.0,1
PAIMANA-1020,Karnataka,Irrigation,67.36,48,2020-06-29,0,,0,0,0,NA,0.0,0,0,0.0,0,0,0.0,0.95,0.0,43.0,0
PAIMANA-1021,Gujarat,Irrigation,36.32,24,2023-12-03,1,2_DH,3,4,0,Approved,206.0,1,7,1.4175,1,1,197.0,0.9,0.386,46.0,0
PAIMANA-1022,Uttar Pradesh,State Highway,62.18,24,2019-02-22,0,,0,0,0,NA,0.0,0,0,0.0,0,0,0.0,1.35,0.0,9.0,0
PAIMANA-1023,Odisha,National Highway,193.05,36,2023-01-13,1,exempt_def_5ha_lwe,2,2,0,Pending,78.0,0,0,0.0,0,0,0.0,1.15,0.143,32.0,0
PAIMANA-1024,Madhya Pradesh,National Highway,41.72,48,2019-07-24,0,,0,0,0,NA,0.0,0,0,0.0,0,0,0.0,1.1,0.0,53.0,0
PAIMANA-1025,Karnataka,National Highway,14.75,48,2019-05-06,1,2_linear_gt40,3,4,0,Approved,204.0,0,0,0.0,0,0,0.0,0.95,0.286,66.0,1
PAIMANA-1026,Karnataka,Railway,95.34,36,2023-11-06,1,survey_1E,2,2,0,Pending,129.0,0,0,0.0,0,0,0.0,0.95,0.143,14.0,0
PAIMANA-1027,Uttar Pradesh,State Highway,34.86,24,2019-02-12,0,,0,0,0,NA,0.0,0,0,0.0,0,0,0.0,1.35,0.0,38.0,0
PAIMANA-1028,Odisha,Irrigation,79.24,12,2023-11-11,0,,0,0,0,NA,0.0,0,0,0.0,0,0,0.0,1.15,0.0,0.0,0
PAIMANA-1029,Madhya Pradesh,Bridge,96.18,36,2024-06-17,0,,0,0,0,NA,0.0,0,0,0.0,0,0,0.0,1.1,0.0,15.0,0
PAIMANA-1030,Gujarat,National Highway,12.69,30,2024-03-21,1,survey_1E,2,2,0,Pending,115.0,1,3256,379.9603,2,5,628.0,0.9,0.643,119.0,1
PAIMANA-1031,Maharashtra,State Highway,131.89,24,2019-04-21,0,,0,0,0,NA,0.0,1,15,0.8365,1,0,34.0,1.0,0.0,9.0,0
PAIMANA-1032,Madhya Pradesh,Rural Road,81.87,48,2021-01-30,1,6_survey,3,6,0,Rejected,287.0,0,0,0.0,0,0,0.0,1.1,0.429,111.0,1
PAIMANA-1033,Uttar Pradesh,National Highway,18.1,18,2023-08-14,0,,0,0,0,NA,0.0,1,58,2.7666,1,0,73.0,1.35,0.0,50.0,0
PAIMANA-1034,Karnataka,National Highway,44.9,24,2022-04-21,1,5_5to40_mining,4,7,0,Approved,350.0,1,273,165.5201,1,2,267.0,0.95,0.7,115.0,1
PAIMANA-1035,Gujarat,State Highway,42.83,12,2021-04-27,0,,0,0,0,NA,0.0,1,29,1.2054,1,1,203.0,0.9,0.1,51.0,0
PAIMANA-1036,Madhya Pradesh,National Highway,33.92,24,2019-04-05,0,,0,0,0,NA,0.0,1,15,5.236,1,2,286.0,1.1,0.2,41.0,0
PAIMANA-1037,Maharashtra,Bridge,79.2,12,2024-06-17,0,,0,0,0,NA,0.0,0,0,0.0,0,0,0.0,1.0,0.0,6.0,0
PAIMANA-1038,Maharashtra,Rural Road,139.4,18,2022-10-29,1,7_violation,4,4,1,Approved,268.0,0,0,0.0,0,0,0.0,1.0,0.286,108.0,1
PAIMANA-1039,Rajasthan,Railway,33.36,18,2024-04-19,1,3F_novio_gt5,4,4,0,Approved,211.0,1,6,0.5355,1,0,65.0,0.85,0.286,47.0,0
PAIMANA-1040,Rajasthan,Rural Road,125.32,30,2023-03-24,0,,0,0,0,NA,0.0,0,0,0.0,0,0,0.0,0.85,0.0,29.0,0
PAIMANA-1041,Bihar,Rural Road,88.96,30,2021-06-18,1,7_main,4,6,0,Pending,293.0,0,0,0.0,0,0,0.0,1.5,0.429,107.0,1
PAIMANA-1042,Uttar Pradesh,National Highway,41.77,30,2019-12-26,0,,0,0,0,NA,0.0,1,7,0.8775,1,0,56.0,1.35,0.0,11.0,0
PAIMANA-1043,Odisha,Rural Road,39.5,48,2021-06-18,0,,0,0,0,NA,0.0,0,0,0.0,0,0,0.0,1.15,0.0,47.0,0
PAIMANA-1044,Madhya Pradesh,Irrigation,10.46,24,2023-09-16,1,exempt_def_5ha_lwe,2,2,0,Approved,112.0,1,131,19.3541,1,0,74.0,1.1,0.143,19.0,0
PAIMANA-1045,Madhya Pradesh,Rural Road,7.38,18,2019-10-08,0,,0,0,0,NA,0.0,1,813,90.7723,1,4,606.0,1.1,0.4,119.0,1
PAIMANA-1046,Odisha,Rural Road,39.06,36,2022-05-03,1,2_main,3,4,0,Approved,220.0,0,0,0.0,0,0,0.0,1.15,0.286,29.0,0
PAIMANA-1047,Bihar,State Highway,14.07,18,2024-03-02,0,,0,0,0,NA,0.0,1,2356,216.5631,1,4,833.0,1.5,0.4,146.0,1
PAIMANA-1048,Karnataka,National Highway,31.83,48,2022-05-03,0,,0,0,0,NA,0.0,0,0,0.0,0,0,0.0,0.95,0.0,12.0,0
PAIMANA-1049,Karnataka,National Highway,19.4,12,2020-10-28,1,exempt_def_5ha_lwe,2,2,0,Pending,90.0,0,0,0.0,0,0,0.0,0.95,0.143,21.0,0
PAIMANA-1050,Bihar,State Highway,5.54,48,2019-04-03,1,4_govt_ofc,3,3,0,Pending,178.0,1,1686,270.4768,1,4,836.0,1.5,0.614,123.0,1
PAIMANA-1051,Karnataka,Rural Road,47.34,12,2020-11-02,0,,0,0,0,NA,0.0,0,0,0.0,0,0,0.0,0.95,0.0,0.0,0
PAIMANA-1052,Rajasthan,Rural Road,21.88,36,2024-05-23,1,1F,2,2,0,Approved,122.0,0,0,0.0,0,0,0.0,0.85,0.143,52.0,0
PAIMANA-1053,Madhya Pradesh,National Highway,35.88,24,2019-03-02,1,3_survey,3,5,0,Pending,221.0,1,102,7.1676,1,2,360.0,1.1,0.557,143.0,1
PAIMANA-1054,Bihar,Irrigation,13.56,48,2020-09-25,1,5_violation,4,4,1,Approved,273.0,0,0,0.0,0,0,0.0,1.5,0.286,78.0,1
PAIMANA-1055,Madhya Pradesh,State Highway,23.69,12,2021-12-10,1,exempt_publicutility_0.1ha,1,1,0,Approved,75.0,0,0,0.0,0,0,0.0,1.1,0.071,44.0,0
PAIMANA-1056,Odisha,National Highway,157.65,30,2022-11-27,1,1F,2,2,0,Approved,118.0,0,0,0.0,0,0,0.0,1.15,0.143,13.0,0
PAIMANA-1057,Maharashtra,National Highway,37.66,48,2023-12-18,1,exempt_publicutility_0.1ha,1,1,0,Approved,94.0,0,0,0.0,0,0,0.0,1.0,0.071,53.0,0
PAIMANA-1058,Rajasthan,State Highway,57.37,24,2021-10-25,1,5_gt5_mining,4,7,0,Pending,373.0,1,3,0.1632,1,0,48.0,0.85,0.5,112.0,1
PAIMANA-1059,Gujarat,Bridge,9.29,30,2023-01-29,0,,0,0,0,NA,0.0,0,0,0.0,0,0,0.0,0.9,0.0,42.0,0
PAIMANA-1060,Rajasthan,State Highway,361.06,30,2020-08-26,1,exempt_publicutility_0.1ha,1,1,0,Approved,72.0,0,0,0.0,0,0,0.0,0.85,0.071,30.0,0
PAIMANA-1061,Bihar,Irrigation,209.23,24,2020-11-12,1,4_govt_all,3,3,0,Approved,188.0,0,0,0.0,0,0,0.0,1.5,0.214,47.0,0
PAIMANA-1062,Gujarat,Power Transmission,129.47,30,2024-01-27,1,exempt_publicutility_0.1ha,1,1,0,Approved,45.0,0,0,0.0,0,0,0.0,0.9,0.071,48.0,0
PAIMANA-1063,Maharashtra,State Highway,75.85,30,2020-06-17,1,6_survey,3,6,0,Pending,286.0,0,0,0.0,0,0,0.0,1.0,0.429,66.0,1
PAIMANA-1064,Bihar,Bridge,33.62,48,2022-11-29,1,survey_1E,2,2,0,Approved,108.0,1,669,82.4921,2,5,1024.0,1.5,0.643,99.0,1
PAIMANA-1065,Uttar Pradesh,Bridge,51.53,12,2021-04-17,0,,0,0,0,NA,0.0,0,0,0.0,0,0,0.0,1.35,0.0,20.0,0
PAIMANA-1066,Madhya Pradesh,National Highway,94.45,18,2023-03-17,0,,0,0,0,NA,0.0,0,0,0.0,0,0,0.0,1.1,0.0,12.0,0
PAIMANA-1067,Maharashtra,Irrigation,17.66,48,2020-10-06,1,3_survey,3,5,0,Approved,251.0,0,0,0.0,0,0,0.0,1.0,0.357,91.0,1
PAIMANA-1068,Madhya Pradesh,State Highway,21.23,36,2019-08-21,0,,0,0,0,NA,0.0,0,0,0.0,0,0,0.0,1.1,0.0,42.0,0
PAIMANA-1069,Karnataka,State Highway,6.24,24,2020-06-07,0,,0,0,0,NA,0.0,1,2,0.0475,1,0,15.0,0.95,0.0,31.0,0
PAIMANA-1070,Uttar Pradesh,National Highway,15.31,30,2019-12-12,1,7_violation,4,4,1,Pending,265.0,1,381,108.4514,1,3,534.0,1.35,0.586,172.0,1
PAIMANA-1071,Uttar Pradesh,Railway,174.39,18,2021-12-05,0,,0,0,0,NA,0.0,1,55,5.2061,1,0,183.0,1.35,0.0,26.0,0
PAIMANA-1072,Maharashtra,Irrigation,23.71,18,2020-06-29,0,,0,0,0,NA,0.0,1,120,5.8961,1,2,368.0,1.0,0.2,66.0,1
PAIMANA-1073,Uttar Pradesh,National Highway,24.1,24,2024-05-22,1,5_gt5_mining,4,7,0,Rejected,346.0,0,0,0.0,0,0,0.0,1.35,0.5,102.0,1
PAIMANA-1074,Gujarat,National Highway,45.5,24,2022-01-06,1,4_govt_ofc,3,3,0,Approved,166.0,0,0,0.0,0,0,0.0,0.9,0.214,65.0,1
PAIMANA-1075,Uttar Pradesh,Bridge,6.6,30,2023-10-20,0,,0,0,0,NA,0.0,0,0,0.0,0,0,0.0,1.35,0.0,23.0,0
PAIMANA-1076,Madhya Pradesh,National Highway,85.23,12,2024-01-11,0,,0,0,0,NA,0.0,1,58,4.8881,1,2,360.0,1.1,0.2,63.0,1
PAIMANA-1077,Madhya Pradesh,National Highway,117.5,48,2024-04-30,1,fc_form_c_exempted,1,1,0,Approved,92.0,0,0,0.0,0,0,0.0,1.1,0.071,29.0,0
PAIMANA-1078,Bihar,Irrigation,48.29,48,2022-01-01,0,,0,0,0,NA,0.0,1,405,10.1133,1,2,405.0,1.5,0.2,72.0,1
PAIMANA-1079,Madhya Pradesh,Bridge,172.66,30,2021-03-04,0,,0,0,0,NA,0.0,1,492,86.7918,1,4,632.0,1.1,0.4,78.0,1
PAIMANA-1080,Bihar,National Highway,8.79,24,2019-09-06,0,,0,0,0,NA,0.0,0,0,0.0,0,0,0.0,1.5,0.0,20.0,0
PAIMANA-1081,Madhya Pradesh,Power Transmission,209.29,24,2019-02-16,0,,0,0,0,NA,0.0,0,0,0.0,0,0,0.0,1.1,0.0,46.0,0
PAIMANA-1082,Gujarat,Rural Road,15.95,36,2022-02-18,0,,0,0,0,NA,0.0,1,122,60.507,1,1,101.0,0.9,0.1,19.0,0
PAIMANA-1083,Odisha,National Highway,9.21,30,2019-08-02,1,7_main,4,6,0,Pending,301.0,1,153,12.2675,1,0,15.0,1.15,0.429,49.0,0
PAIMANA-1084,Bihar,Power Transmission,26.12,18,2019-08-27,1,3F_novio_gt5,4,4,0,Approved,197.0,1,182,25.8006,1,2,520.0,1.5,0.486,111.0,1
PAIMANA-1085,Rajasthan,State Highway,215.29,48,2021-12-15,0,,0,0,0,NA,0.0,1,11,1.9805,1,0,15.0,0.85,0.0,15.0,0
PAIMANA-1086,Karnataka,Railway,32.48,36,2019-12-16,0,,0,0,0,NA,0.0,0,0,0.0,0,0,0.0,0.95,0.0,40.0,0
PAIMANA-1087,Maharashtra,Railway,13.03,48,2019-04-17,1,survey_1E,2,2,0,Approved,101.0,1,4,0.228,2,1,171.0,1.0,0.243,59.0,0
PAIMANA-1088,Madhya Pradesh,Irrigation,9.07,30,2021-04-10,1,survey_1E,2,2,0,Approved,126.0,0,0,0.0,0,0,0.0,1.1,0.143,32.0,0
PAIMANA-1089,Uttar Pradesh,National Highway,29.81,30,2019-02-17,0,,0,0,0,NA,0.0,1,3,0.0347,1,0,92.0,1.35,0.0,18.0,0
PAIMANA-1090,Odisha,Rural Road,4.5,24,2023-05-16,1,3F_violation,4,4,1,Approved,274.0,1,194,23.1656,1,3,421.0,1.15,0.586,174.0,1
PAIMANA-1091,Madhya Pradesh,State Highway,9.02,48,2019-12-03,0,,0,0,0,NA,0.0,1,81,4.3613,1,1,234.0,1.1,0.1,50.0,0
PAIMANA-1092,Uttar Pradesh,National Highway,154.94,36,2021-11-15,0,,0,0,0,NA,0.0,1,198,12.609,1,0,172.0,1.35,0.0,0.0,0
PAIMANA-1093,Karnataka,National Highway,124.37,12,2021-03-14,0,,0,0,0,NA,0.0,1,1128,99.534,1,4,546.0,0.95,0.4,96.0,1
PAIMANA-1094,Karnataka,Railway,29.12,12,2022-07-04,1,4_DH,3,3,0,Approved,154.0,1,2115,396.4683,1,4,504.0,0.95,0.614,133.0,1
PAIMANA-1095,Karnataka,Power Transmission,20.79,24,2019-01-08,1,survey_3or6,4,4,0,Approved,223.0,0,0,0.0,0,0,0.0,0.95,0.286,68.0,1
PAIMANA-1096,Uttar Pradesh,National Highway,35.11,36,2020-09-16,1,6_survey,3,6,0,Approved,331.0,1,198,9.3613,1,2,324.0,1.35,0.629,116.0,1
PAIMANA-1097,Madhya Pradesh,Irrigation,346.54,48,2024-03-05,1,exempt_publicutility_0.1ha,1,1,0,Approved,82.0,0,0,0.0,0,0,0.0,1.1,0.071,56.0,0
PAIMANA-1098,Karnataka,National Highway,49.65,18,2022-06-30,1,exempt_def_100km,2,2,0,Approved,104.0,1,30,1.2723,1,1,171.0,0.95,0.243,87.0,1
PAIMANA-1099,Gujarat,Railway,82.25,30,2023-09-12,1,6_survey,3,6,0,Approved,288.0,0,0,0.0,0,0,0.0,0.9,0.429,48.0,0
PAIMANA-1100,Bihar,National Highway,27.05,24,2020-12-19,1,5_gt5_mining,4,7,0,Pending,340.0,0,0,0.0,0,0,0.0,1.5,0.5,88.0,1
PAIMANA-1101,Uttar Pradesh,Power Transmission,35.19,48,2019-10-30,1,4_DH,3,3,0,Approved,153.0,0,0,0.0,0,0,0.0,1.35,0.214,53.0,0
PAIMANA-1102,Uttar Pradesh,State Highway,63.25,36,2020-09-30,1,5_DH_gt40,4,7,0,Approved,325.0,0,0,0.0,0,0,0.0,1.35,0.5,123.0,1
PAIMANA-1103,Madhya Pradesh,Bridge,37.57,36,2019-02-25,1,3F_violation,4,4,1,Approved,273.0,0,0,0.0,0,0,0.0,1.1,0.286,99.0,1
PAIMANA-1104,Uttar Pradesh,National Highway,4.97,24,2020-12-26,1,6_survey,3,6,0,Approved,296.0,0,0,0.0,0,0,0.0,1.35,0.429,78.0,1
PAIMANA-1105,Uttar Pradesh,State Highway,119.17,24,2020-06-09,0,,0,0,0,NA,0.0,0,0,0.0,0,0,0.0,1.35,0.0,34.0,0
PAIMANA-1106,Karnataka,National Highway,17.9,18,2020-04-18,0,,0,0,0,NA,0.0,0,0,0.0,0,0,0.0,0.95,0.0,16.0,0
PAIMANA-1107,Madhya Pradesh,Bridge,273.5,12,2019-01-28,1,5_main,4,7,0,Approved,340.0,1,284,164.826,1,2,317.0,1.1,0.7,138.0,1
PAIMANA-1108,Karnataka,Rural Road,65.82,36,2019-03-19,0,,0,0,0,NA,0.0,1,1,0.0936,1,0,56.0,0.95,0.0,19.0,0
PAIMANA-1109,Bihar,National Highway,35.55,36,2022-05-24,1,5_5to40_mining,4,7,0,Approved,337.0,0,0,0.0,0,0,0.0,1.5,0.5,115.0,1
PAIMANA-1110,Odisha,Power Transmission,51.38,48,2022-11-10,0,,0,0,0,NA,0.0,0,0,0.0,0,0,0.0,1.15,0.0,14.0,0
PAIMANA-1111,Bihar,Rural Road,29.71,48,2019-12-31,1,1F,2,2,0,Rejected,134.0,0,0,0.0,0,0,0.0,1.5,0.143,58.0,0
PAIMANA-1112,Odisha,Railway,20.36,30,2020-10-27,0,,0,0,0,NA,0.0,0,0,0.0,0,0,0.0,1.15,0.0,19.0,0
PAIMANA-1113,Karnataka,Irrigation,40.76,36,2020-06-09,0,,0,0,0,NA,0.0,0,0,0.0,0,0,0.0,0.95,0.0,0.0,0
PAIMANA-1114,Bihar,National Highway,80.24,48,2020-11-29,0,,0,0,0,NA,0.0,1,118,12.1797,1,0,136.0,1.5,0.0,19.0,0
PAIMANA-1115,Madhya Pradesh,National Highway,20.81,36,2022-08-28,0,,0,0,0,NA,0.0,1,188,71.7444,1,3,411.0,1.1,0.3,54.0,0
PAIMANA-1116,Maharashtra,Rural Road,17.77,18,2021-06-01,1,2F,3,3,0,Rejected,151.0,1,70,23.5026,1,2,291.0,1.0,0.414,93.0,1
PAIMANA-1117,Karnataka,Bridge,23.21,24,2021-10-27,1,6_survey,3,6,0,Pending,299.0,1,424,52.245,2,5,612.0,0.95,0.929,199.0,1
PAIMANA-1118,Odisha,Railway,85.8,18,2021-10-23,0,,0,0,0,NA,0.0,0,0,0.0,0,0,0.0,1.15,0.0,0.0,0
PAIMANA-1119,Gujarat,State Highway,141.54,48,2023-07-05,1,1A,2,2,0,Pending,105.0,1,121,7.475,1,2,282.0,0.9,0.343,87.0,1
PAIMANA-1120,Odisha,State Highway,47.56,30,2021-07-07,0,,0,0,0,NA,0.0,0,0,0.0,0,0,0.0,1.15,0.0,3.0,0
PAIMANA-1121,Gujarat,Power Transmission,59.22,18,2021-01-19,1,survey_3or6,4,4,0,Approved,238.0,1,3,0.054,1,0,143.0,0.9,0.286,72.0,1
PAIMANA-1122,Uttar Pradesh,Rural Road,17.64,30,2019-12-29,1,3_survey,3,5,0,Rejected,278.0,0,0,0.0,0,0,0.0,1.35,0.357,97.0,1
PAIMANA-1123,Bihar,Rural Road,79.58,30,2023-11-10,1,2_main,3,4,0,Pending,201.0,0,0,0.0,0,0,0.0,1.5,0.286,25.0,0
PAIMANA-1124,Gujarat,Rural Road,57.5,24,2023-03-12,1,4_main,3,3,0,Approved,163.0,1,18,0.7649,1,0,15.0,0.9,0.214,34.0,0
PAIMANA-1125,Odisha,Railway,16.28,18,2022-07-21,0,,0,0,0,NA,0.0,0,0,0.0,0,0,0.0,1.15,0.0,13.0,0
PAIMANA-1126,Uttar Pradesh,National Highway,5.54,30,2023-03-10,1,6_survey,3,6,0,Approved,302.0,1,50,4.6575,1,0,15.0,1.35,0.429,98.0,1
PAIMANA-1127,Maharashtra,National Highway,9.77,24,2021-03-16,1,5_main,4,7,0,Pending,368.0,1,55,1.9186,1,0,31.0,1.0,0.5,101.0,1
PAIMANA-1128,Madhya Pradesh,Rural Road,16.96,36,2021-01-08,1,1F,2,2,0,Approved,109.0,1,934,101.2016,1,2,388.0,1.1,0.343,79.0,1
PAIMANA-1129,Madhya Pradesh,Railway,105.84,24,2024-03-21,1,fc_form_c_exempted,1,1,0,Approved,93.0,1,3688,629.0811,1,4,596.0,1.1,0.471,145.0,1
PAIMANA-1130,Madhya Pradesh,National Highway,156.47,36,2021-11-04,0,,0,0,0,NA,0.0,1,229,12.9458,1,3,471.0,1.1,0.3,50.0,0
PAIMANA-1131,Gujarat,National Highway,21.34,30,2022-04-30,1,survey_3or6,4,4,0,Approved,222.0,0,0,0.0,0,0,0.0,0.9,0.286,91.0,1
PAIMANA-1132,Maharashtra,Power Transmission,22.02,30,2023-07-13,1,survey_3or6,4,4,0,Approved,200.0,0,0,0.0,0,0,0.0,1.0,0.286,61.0,1
PAIMANA-1133,Gujarat,National Highway,43.02,36,2020-04-29,1,fc_form_c_exempted,1,1,0,Approved,68.0,0,0,0.0,0,0,0.0,0.9,0.071,43.0,0
PAIMANA-1134,Bihar,National Highway,33.52,24,2019-01-28,0,,0,0,0,NA,0.0,1,8,0.285,1,0,15.0,1.5,0.0,63.0,1
PAIMANA-1135,Gujarat,Irrigation,84.01,18,2020-12-14,1,3_survey,3,5,0,Pending,244.0,0,0,0.0,0,0,0.0,0.9,0.357,94.0,1
PAIMANA-1136,Maharashtra,Power Transmission,19.63,12,2021-11-28,0,,0,0,0,NA,0.0,1,398,5.8961,2,3,319.0,1.0,0.3,81.0,1
PAIMANA-1137,Maharashtra,Power Transmission,85.55,36,2024-05-30,0,,0,0,0,NA,0.0,1,41,1.2854,1,1,181.0,1.0,0.1,70.0,1
PAIMANA-1138,Bihar,National Highway,26.07,30,2022-07-20,1,exempt_def_10ha,2,2,0,Approved,104.0,0,0,0.0,0,0,0.0,1.5,0.143,66.0,1
PAIMANA-1139,Maharashtra,Power Transmission,77.79,30,2022-06-08,1,survey_3or6,4,4,0,Pending,223.0,1,80,6.5418,1,0,87.0,1.0,0.286,52.0,0
PAIMANA-1140,Odisha,National Highway,25.25,18,2019-03-27,1,2_main,3,4,0,Pending,218.0,0,0,0.0,0,0,0.0,1.15,0.286,74.0,1
PAIMANA-1141,Maharashtra,State Highway,17.94,18,2023-02-06,1,exempt_def_100km,2,2,0,Approved,134.0,0,0,0.0,0,0,0.0,1.0,0.143,10.0,0
PAIMANA-1142,Madhya Pradesh,Power Transmission,224.15,12,2019-05-06,0,,0,0,0,NA,0.0,1,31,4.95,1,0,35.0,1.1,0.0,9.0,0
PAIMANA-1143,Odisha,Railway,96.08,24,2021-03-22,0,,0,0,0,NA,0.0,1,757,163.5984,1,4,641.0,1.15,0.4,98.0,1
PAIMANA-1144,Odisha,Rural Road,5.52,30,2020-06-20,1,3F_violation,4,4,1,Approved,246.0,1,198,51.0889,1,3,510.0,1.15,0.586,140.0,1
PAIMANA-1145,Bihar,Power Transmission,21.18,24,2019-05-25,1,survey_1E,2,2,0,Pending,123.0,0,0,0.0,0,0,0.0,1.5,0.143,49.0,0
PAIMANA-1146,Rajasthan,Railway,110.49,24,2023-03-29,1,exempt_def_10ha,2,2,0,Approved,117.0,1,243,53.745,1,4,444.0,0.85,0.543,116.0,1
PAIMANA-1147,Rajasthan,National Highway,10.01,48,2022-05-20,0,,0,0,0,NA,0.0,1,69,13.8678,1,0,33.0,0.85,0.0,31.0,0
PAIMANA-1148,Maharashtra,State Highway,71.57,24,2019-01-25,1,2_DH,3,4,0,Approved,203.0,1,74,3.9648,1,1,183.0,1.0,0.386,78.0,1
PAIMANA-1149,Odisha,National Highway,64.53,24,2023-05-23,1,2_main,3,4,0,Pending,210.0,0,0,0.0,0,0,0.0,1.15,0.286,49.0,0
