target,horizon,split,cutoff,model,n_train,max_train_target,n,n_pos,base_rate,pr_auc,roc_auc,brier,ece,hits_50,recall_50,hits_100,recall_100,precision_50
y_any,2,val,2023-07-01,naive,30785,2023-07-01,1634,525,0.321297429620563,0.38294022737364125,0.5895195156511658,0.21450118581526648,0.07340117864308313,25.364431486880466,0.04831320283215327,50.72886297376093,0.09662640566430654,0.5072886297376094
y_any,2,val,2023-07-01,rule,30785,2023-07-01,1634,525,0.321297429620563,0.4294069682134335,0.6431517025205032,0.21764853019673341,0.06308804767912637,29.0,0.05523809523809524,47.0,0.08952380952380952,0.58
y_any,2,val,2023-07-01,logreg,30785,2023-07-01,1634,525,0.321297429620563,0.48899431646112923,0.7143097599725192,0.20383617788254185,0.09402433624556694,24.0,0.045714285714285714,61.0,0.11619047619047619,0.48
y_any,2,val,2023-07-01,lightgbm,30785,2023-07-01,1634,525,0.321297429620563,0.526299140105127,0.7572252994976169,0.2074658752894362,0.1589925186099476,29.0,0.05523809523809524,55.0,0.10476190476190476,0.58
y_any,2,val,2023-07-01,lgbm_state,30785,2023-07-01,1634,525,0.321297429620563,0.5886356297597232,0.7823650650521706,0.19029039571865833,0.13005328370007604,33.0,0.06285714285714286,64.0,0.1219047619047619,0.66
y_any,2,val,2023-07-01,lgbm_state_dyn,30785,2023-07-01,1634,525,0.321297429620563,0.5915008340306686,0.7826673536862897,0.1904404442011009,0.1315838292673815,35.0,0.06666666666666667,70.0,0.13333333333333333,0.7
y_any,2,val,2023-07-01,lgbm_state_dyn_ctx,30785,2023-07-01,1634,525,0.321297429620563,0.5469806300741618,0.7636291811584869,0.20370621954954357,0.15242599778952232,30.0,0.05714285714285714,56.0,0.10666666666666667,0.6
y_any,2,val,2023-10-01,naive,32317,2023-10-01,1719,788,0.4584060500290867,0.5076657061635469,0.5675867060690158,0.2503363407245517,0.08875334933703849,33.64312267657992,0.04269431811748721,67.28624535315984,0.08538863623497442,0.6728624535315985
y_any,2,val,2023-10-01,rule,32317,2023-10-01,1719,788,0.4584060500290867,0.5413456294575867,0.6189247138876925,0.25045787373477896,0.07545450398846394,28.0,0.03553299492385787,55.0,0.06979695431472081,0.56
y_any,2,val,2023-10-01,logreg,32317,2023-10-01,1719,788,0.4584060500290867,0.6167981106951265,0.709991985038739,0.22007267183339044,0.06059923050297508,29.0,0.03680203045685279,61.0,0.07741116751269035,0.58
y_any,2,val,2023-10-01,lightgbm,32317,2023-10-01,1719,788,0.4584060500290867,0.7108591531523537,0.7542582889420796,0.2032201947003457,0.05619134332455926,45.0,0.05710659898477157,89.0,0.11294416243654823,0.9
y_any,2,val,2023-10-01,lgbm_state,32317,2023-10-01,1719,788,0.4584060500290867,0.6894614447827893,0.7592247024377479,0.19935054194107987,0.04580850968703531,33.0,0.04187817258883249,77.0,0.09771573604060914,0.66
y_any,2,val,2023-10-01,lgbm_state_dyn,32317,2023-10-01,1719,788,0.4584060500290867,0.7063848661701091,0.7699201775286657,0.19449441429933093,0.041121161986319814,39.0,0.04949238578680203,77.0,0.09771573604060914,0.78
y_any,2,val,2023-10-01,lgbm_state_dyn_ctx,32317,2023-10-01,1719,788,0.4584060500290867,0.707467052823704,0.7497505547770805,0.2049151364206036,0.05739547719278141,41.0,0.05203045685279188,89.0,0.11294416243654823,0.82
y_any,2,val,2024-01-01,naive,33951,2024-01-01,1727,742,0.42964678633468445,0.4717390974748137,0.5622087375319824,0.24352926049089862,0.05940262338830193,29.6583850931677,0.03997086939780013,59.3167701863354,0.07994173879560026,0.593167701863354
y_any,2,val,2024-01-01,rule,33951,2024-01-01,1727,742,0.42964678633468445,0.5007279862815358,0.6138978204058178,0.2444176057907494,0.050147395304259296,24.0,0.03234501347708895,52.0,0.07008086253369272,0.48
y_any,2,val,2024-01-01,logreg,33951,2024-01-01,1727,742,0.42964678633468445,0.5986857788000166,0.7263849932272497,0.2184183363345857,0.09222514029783549,22.0,0.029649595687331536,52.0,0.07008086253369272,0.44
y_any,2,val,2024-01-01,lightgbm,33951,2024-01-01,1727,742,0.42964678633468445,0.7198110725759465,0.7818852873972115,0.1895467193781657,0.04637069047247272,45.0,0.06064690026954178,88.0,0.11859838274932614,0.9
y_any,2,val,2024-01-01,lgbm_state,33951,2024-01-01,1727,742,0.42964678633468445,0.7267757281110758,0.7693290188405598,0.19123422519583566,0.040398198118913285,46.0,0.06199460916442048,88.0,0.11859838274932614,0.92
y_any,2,val,2024-01-01,lgbm_state_dyn,33951,2024-01-01,1727,742,0.42964678633468445,0.7198199437285819,0.7772969201089113,0.18806307602321679,0.033370267254235274,42.0,0.05660377358490566,83.0,0.11185983827493262,0.84
y_any,2,val,2024-01-01,lgbm_state_dyn_ctx,33951,2024-01-01,1727,742,0.42964678633468445,0.724628931333825,0.7832199980844746,0.18878981299237138,0.048203377223477034,45.0,0.06064690026954178,91.0,0.12264150943396226,0.9
y_any,2,val,2024-04-01,naive,35670,2024-04-01,1716,509,0.2966200466200466,0.34036502446265937,0.578164700673706,0.2128516784880761,0.09438421650011863,19.89150090415913,0.039079569556304775,39.78300180831826,0.07815913911260955,0.39783001808318263
y_any,2,val,2024-04-01,rule,35670,2024-04-01,1716,509,0.2966200466200466,0.32195830669137315,0.5117739837848307,0.21225957822502442,0.06283611218753798,16.0,0.03143418467583497,40.0,0.07858546168958742,0.32
y_any,2,val,2024-04-01,logreg,35670,2024-04-01,1716,509,0.2966200466200466,0.3905492329453283,0.6708672234493288,0.22780763405524393,0.15548582200360445,10.0,0.019646365422396856,36.0,0.07072691552062868,0.2
y_any,2,val,2024-04-01,lightgbm,35670,2024-04-01,1716,509,0.2966200466200466,0.5778080694886487,0.7901468675685221,0.17477496424515465,0.09813661818417779,36.0,0.07072691552062868,65.0,0.12770137524557956,0.72
y_any,2,val,2024-04-01,lgbm_state,35670,2024-04-01,1716,509,0.2966200466200466,0.5583919155271664,0.7788278265455438,0.17966957514268017,0.10354734251780384,31.0,0.060903732809430254,64.0,0.12573673870333987,0.62
y_any,2,val,2024-04-01,lgbm_state_dyn,35670,2024-04-01,1716,509,0.2966200466200466,0.5600824365771618,0.77744753508919,0.18314510201164008,0.11448797563583077,32.0,0.06286836935166994,66.0,0.12966601178781925,0.64
y_any,2,val,2024-04-01,lgbm_state_dyn_ctx,35670,2024-04-01,1716,509,0.2966200466200466,0.5678015196312806,0.7849854239268967,0.17806838273123154,0.10204923927114304,37.0,0.07269155206286837,64.0,0.12573673870333987,0.74
y_any,2,val,2024-07-01,naive,37397,2024-07-01,1647,560,0.3400121432908318,0.37846815638823833,0.5568693323695624,0.22105777444413222,0.0424754556141732,25.614754098360653,0.045740632318501166,51.229508196721305,0.09148126463700233,0.5122950819672131
y_any,2,val,2024-07-01,rule,37397,2024-07-01,1647,560,0.3400121432908318,0.38952472228297624,0.5378827704034695,0.22314309193094833,0.03237879313177123,25.0,0.044642857142857144,47.0,0.08392857142857142,0.5
y_any,2,val,2024-07-01,logreg,37397,2024-07-01,1647,560,0.3400121432908318,0.4572856928013779,0.6827851885924563,0.2519158979682656,0.19816291777977538,18.0,0.03214285714285714,42.0,0.075,0.36
y_any,2,val,2024-07-01,lightgbm,37397,2024-07-01,1647,560,0.3400121432908318,0.6581807741078131,0.8079182546983835,0.17447370863815806,0.08854696437535015,37.0,0.06607142857142857,78.0,0.1392857142857143,0.74
y_any,2,val,2024-07-01,lgbm_state,37397,2024-07-01,1647,560,0.3400121432908318,0.6230388918985875,0.782569982914969,0.18653981589438162,0.09286485676415175,37.0,0.06607142857142857,71.0,0.12678571428571428,0.74
y_any,2,val,2024-07-01,lgbm_state_dyn,37397,2024-07-01,1647,560,0.3400121432908318,0.6407898440716454,0.7966667761860955,0.18289944069194994,0.1056001200659632,40.0,0.07142857142857142,72.0,0.12857142857142856,0.8
y_any,2,val,2024-07-01,lgbm_state_dyn_ctx,37397,2024-07-01,1647,560,0.3400121432908318,0.6633726065654105,0.8084455907477985,0.17431364670274851,0.08914012924311143,40.0,0.07142857142857142,83.0,0.14821428571428572,0.8
y_any,2,val,2024-10-01,naive,39113,2024-10-01,1620,575,0.3549382716049383,0.4126287262872629,0.5797129186602871,0.22248082326052246,0.04810033065814261,28.04878048780488,0.04878048780487805,56.09756097560976,0.0975609756097561,0.5609756097560976
y_any,2,val,2024-10-01,rule,39113,2024-10-01,1620,575,0.3549382716049383,0.37014505181086144,0.5126315789473684,0.2291979626359304,0.0028329822683576425,16.0,0.02782608695652174,33.0,0.057391304347826085,0.32
y_any,2,val,2024-10-01,logreg,39113,2024-10-01,1620,575,0.3549382716049383,0.4751640876536041,0.6915581443727897,0.2136294305949124,0.06626879127030769,11.0,0.019130434782608695,42.0,0.07304347826086957,0.22
y_any,2,val,2024-10-01,lightgbm,39113,2024-10-01,1620,575,0.3549382716049383,0.6734139061477837,0.814122737674225,0.17318459225107397,0.08287232440773994,41.0,0.07130434782608695,73.0,0.12695652173913044,0.82
y_any,2,val,2024-10-01,lgbm_state,39113,2024-10-01,1620,575,0.3549382716049383,0.67211045601055,0.804130642812565,0.17890487848830425,0.08784744047296295,40.0,0.06956521739130435,78.0,0.1356521739130435,0.8
y_any,2,val,2024-10-01,lgbm_state_dyn,39113,2024-10-01,1620,575,0.3549382716049383,0.6547160998576571,0.8029273975452466,0.1776765016288802,0.08503154397165566,35.0,0.06086956521739131,75.0,0.13043478260869565,0.7
y_any,2,val,2024-10-01,lgbm_state_dyn_ctx,39113,2024-10-01,1620,575,0.3549382716049383,0.6687147019444324,0.8176925317245682,0.16982011216815404,0.07364687255125014,40.0,0.06956521739130435,74.0,0.12869565217391304,0.8
y_any,2,test,2026-01-01,naive,43855,2026-01-01,1330,681,0.51203007518797,0.5684378296467163,0.5920234224572312,0.25433312994595336,0.11049105734838872,31.404174573055027,0.04611479379303234,62.808349146110054,0.09222958758606468,0.6280834914611005
y_any,2,test,2026-01-01,rule,43855,2026-01-01,1330,681,0.51203007518797,0.4775529765973322,0.4547773712635954,0.2765746890119454,0.15435390627995912,11.0,0.016152716593245228,44.0,0.06461086637298091,0.22
y_any,2,test,2026-01-01,logreg,43855,2026-01-01,1330,681,0.51203007518797,0.6239715410244521,0.6814029943276565,0.233680263477314,0.10854878236940577,28.0,0.041116005873715125,60.0,0.0881057268722467,0.56
y_any,2,test,2026-01-01,lightgbm,43855,2026-01-01,1330,681,0.51203007518797,0.7660280315782586,0.7813828571687155,0.19028648343302132,0.046298669631812825,45.0,0.06607929515418502,86.0,0.1262848751835536,0.9
y_date_push,2,val,2023-07-01,naive,30785,2023-07-01,1634,481,0.29436964504283963,0.35029639306111215,0.5854888179259385,0.20493434270707833,0.06775496369752573,23.17784256559767,0.04818678288066043,46.35568513119534,0.09637356576132086,0.46355685131195334
y_date_push,2,val,2023-07-01,rule,30785,2023-07-01,1634,481,0.29436964504283963,0.3964491557558587,0.6381265180050957,0.20833532898620422,0.06298017362277485,27.0,0.056133056133056136,43.0,0.0893970893970894,0.54
y_date_push,2,val,2023-07-01,logreg,30785,2023-07-01,1634,481,0.29436964504283963,0.43254821633771123,0.7043363331307824,0.2001597606543102,0.09076520774571227,14.0,0.029106029106029108,45.0,0.09355509355509356,0.28
y_date_push,2,val,2023-07-01,lightgbm,30785,2023-07-01,1634,481,0.29436964504283963,0.5007179362853271,0.7614593043907876,0.20173587647661959,0.15162981205683232,28.0,0.058212058212058215,53.0,0.1101871101871102,0.56
y_date_push,2,val,2023-07-01,lgbm_state,30785,2023-07-01,1634,481,0.29436964504283963,0.5536625937944413,0.784940487889317,0.1852531211140374,0.13098194711716077,30.0,0.062370062370062374,63.0,0.13097713097713098,0.6
y_date_push,2,val,2023-07-01,lgbm_state_dyn,30785,2023-07-01,1634,481,0.29436964504283963,0.556410200373673,0.7851857127659383,0.18577135053711682,0.13466066156210632,32.0,0.06652806652806653,65.0,0.13513513513513514,0.64
y_date_push,2,val,2023-07-01,lgbm_state_dyn_ctx,30785,2023-07-01,1634,481,0.29436964504283963,0.505052796751978,0.7616946120848984,0.2001366668465245,0.14946720749208503,27.0,0.056133056133056136,52.0,0.10810810810810811,0.54
y_date_push,2,val,2023-10-01,naive,32317,2023-10-01,1719,738,0.4293193717277487,0.4771364308944672,0.5659046269361776,0.2478799515052368,0.08958215401486892,31.784386617100374,0.0430682745489165,63.56877323420075,0.086136549097833,0.6356877323420075
y_date_push,2,val,2023-10-01,rule,32317,2023-10-01,1719,738,0.4293193717277487,0.5096112574823884,0.6171865719676565,0.24929244350717553,0.08007672908923871,26.0,0.03523035230352303,52.0,0.07046070460704607,0.52
y_date_push,2,val,2023-10-01,logreg,32317,2023-10-01,1719,738,0.4293193717277487,0.5770644260453859,0.7095837166322733,0.21913348950752629,0.07077150802977783,28.0,0.037940379403794036,56.0,0.07588075880758807,0.56
y_date_push,2,val,2023-10-01,lightgbm,32317,2023-10-01,1719,738,0.4293193717277487,0.6856635906461317,0.7628719380975666,0.1992361579557672,0.06006225475369589,42.0,0.056910569105691054,89.0,0.12059620596205962,0.84
y_date_push,2,val,2023-10-01,lgbm_state,32317,2023-10-01,1719,738,0.4293193717277487,0.6777595722715464,0.7685047059441033,0.1940621143145355,0.061155401038102394,36.0,0.04878048780487805,76.0,0.10298102981029811,0.72
y_date_push,2,val,2023-10-01,lgbm_state_dyn,32317,2023-10-01,1719,738,0.4293193717277487,0.6877938289680147,0.7766354778736371,0.1905043525866574,0.045243796041008026,37.0,0.05013550135501355,74.0,0.1002710027100271,0.74
y_date_push,2,val,2023-10-01,lgbm_state_dyn_ctx,32317,2023-10-01,1719,738,0.4293193717277487,0.703260959449415,0.7714543812104788,0.19658195084983335,0.06376500517124717,44.0,0.05962059620596206,89.0,0.12059620596205962,0.88
y_date_push,2,val,2024-01-01,naive,33951,2024-01-01,1727,694,0.4018529241459178,0.44158568748598254,0.5597466599339938,0.23978935206559804,0.06165493031855165,27.795031055900623,0.0400504770257934,55.590062111801245,0.0801009540515868,0.5559006211180124
y_date_push,2,val,2024-01-01,rule,33951,2024-01-01,1727,694,0.4018529241459178,0.4566898616858279,0.6011546905992731,0.24184699829409878,0.06081489034359644,17.0,0.024495677233429394,44.0,0.06340057636887608,0.34
y_date_push,2,val,2024-01-01,logreg,33951,2024-01-01,1727,694,0.4018529241459178,0.5735771162911504,0.7370337926243755,0.21307229433991987,0.10035738004344436,17.0,0.024495677233429394,46.0,0.06628242074927954,0.34
y_date_push,2,val,2024-01-01,lightgbm,33951,2024-01-01,1727,694,0.4018529241459178,0.7086857225607481,0.7961011407416914,0.18153427045488987,0.047974359621094004,43.0,0.06195965417867435,86.0,0.1239193083573487,0.86
y_date_push,2,val,2024-01-01,lgbm_state,33951,2024-01-01,1727,694,0.4018529241459178,0.717111641892768,0.792896379142477,0.17865079345533683,0.033336409792472294,44.0,0.06340057636887608,84.0,0.12103746397694524,0.88
y_date_push,2,val,2024-01-01,lgbm_state_dyn,33951,2024-01-01,1727,694,0.4018529241459178,0.7095133594832843,0.7951902770532095,0.17754566921207293,0.0288468088055487,41.0,0.059077809798270896,83.0,0.11959654178674352,0.82
y_date_push,2,val,2024-01-01,lgbm_state_dyn_ctx,33951,2024-01-01,1727,694,0.4018529241459178,0.6964353559583618,0.7881328270809678,0.18470972981930533,0.04667820505062429,43.0,0.06195965417867435,81.0,0.11671469740634005,0.86
y_date_push,2,val,2024-04-01,naive,35670,2024-04-01,1716,492,0.2867132867132867,0.3283593014991595,0.5761497688506297,0.20559941482127764,0.07279909563868968,19.168173598553345,0.038959702436084036,38.33634719710669,0.07791940487216807,0.3833634719710669
y_date_push,2,val,2024-04-01,rule,35670,2024-04-01,1716,492,0.2867132867132867,0.3042374397309909,0.5047956852117541,0.2067236130963895,0.0483336979380433,13.0,0.026422764227642278,36.0,0.07317073170731707,0.26
y_date_push,2,val,2024-04-01,logreg,35670,2024-04-01,1716,492,0.2867132867132867,0.38397535536067573,0.6786193474679845,0.222854460537947,0.15105919087861036,7.0,0.014227642276422764,33.0,0.06707317073170732,0.14
y_date_push,2,val,2024-04-01,lightgbm,35670,2024-04-01,1716,492,0.2867132867132867,0.5625260488252628,0.7895926324459324,0.16968801832159322,0.07754907089387407,35.0,0.07113821138211382,62.0,0.12601626016260162,0.7
y_date_push,2,val,2024-04-01,lgbm_state,35670,2024-04-01,1716,492,0.2867132867132867,0.5521114355599752,0.7885713906158669,0.17108020965114637,0.08658004871396659,31.0,0.06300813008130081,64.0,0.13008130081300814,0.62
y_date_push,2,val,2024-04-01,lgbm_state_dyn,35670,2024-04-01,1716,492,0.2867132867132867,0.5556388191306237,0.7910472793453425,0.17294683301618613,0.10249287832198885,31.0,0.06300813008130081,62.0,0.12601626016260162,0.62
y_date_push,2,val,2024-04-01,lgbm_state_dyn_ctx,35670,2024-04-01,1716,492,0.2867132867132867,0.5770385930998517,0.7945593549072746,0.16681256353352988,0.07371878151000347,36.0,0.07317073170731707,69.0,0.1402439024390244,0.72
y_date_push,2,val,2024-07-01,naive,37397,2024-07-01,1647,532,0.32301153612629024,0.35863223632852625,0.5544000134866314,0.21529954270058602,0.0329730626190113,24.18032786885246,0.045451744114384324,48.36065573770492,0.09090348822876865,0.48360655737704916
y_date_push,2,val,2024-07-01,rule,37397,2024-07-01,1647,532,0.32301153612629024,0.36073226941759495,0.5268510401564449,0.21793728075247135,0.014649446941263845,22.0,0.041353383458646614,43.0,0.08082706766917293,0.44
y_date_push,2,val,2024-07-01,logreg,37397,2024-07-01,1647,532,0.32301153612629024,0.439910776189825,0.686386931454196,0.23936385219721726,0.17854587705870198,14.0,0.02631578947368421,43.0,0.08082706766917293,0.28
y_date_push,2,val,2024-07-01,lightgbm,37397,2024-07-01,1647,532,0.32301153612629024,0.6623788700368682,0.8142216527866754,0.16887084271545222,0.0864593719508729,42.0,0.07894736842105263,80.0,0.15037593984962405,0.84
y_date_push,2,val,2024-07-01,lgbm_state,37397,2024-07-01,1647,532,0.32301153612629024,0.6220862272120551,0.7962861188846556,0.1775648614840186,0.08869615267217501,38.0,0.07142857142857142,74.0,0.13909774436090225,0.76
y_date_push,2,val,2024-07-01,lgbm_state_dyn,37397,2024-07-01,1647,532,0.32301153612629024,0.6352534879415708,0.8031137260190836,0.1776839117070567,0.10246951207202015,36.0,0.06766917293233082,74.0,0.13909774436090225,0.72
y_date_push,2,val,2024-07-01,lgbm_state_dyn_ctx,37397,2024-07-01,1647,532,0.32301153612629024,0.6514972208364891,0.8117316834687616,0.16984744411537728,0.08427206455454882,41.0,0.07706766917293233,77.0,0.14473684210526316,0.82
y_date_push,2,val,2024-10-01,naive,39113,2024-10-01,1620,553,0.341358024691358,0.39839703596668563,0.5796617580514227,0.2186179791167133,0.03976690528928792,27.177700348432055,0.04914593191398201,54.35540069686411,0.09829186382796402,0.5435540069686411
y_date_push,2,val,2024-10-01,rule,39113,2024-10-01,1620,553,0.341358024691358,0.3487204789967635,0.5036251103718153,0.2251734628198709,0.016893404217498218,14.0,0.02531645569620253,30.0,0.054249547920433995,0.28
y_date_push,2,val,2024-10-01,logreg,39113,2024-10-01,1620,553,0.341358024691358,0.4644110044520193,0.6956415631869111,0.21028461344665722,0.06463461349146661,12.0,0.0216998191681736,45.0,0.081374321880651,0.24
y_date_push,2,val,2024-10-01,lightgbm,39113,2024-10-01,1620,553,0.341358024691358,0.6698981429585805,0.8230576678965039,0.16653300726378392,0.07540047374896974,41.0,0.07414104882459313,74.0,0.13381555153707053,0.82
y_date_push,2,val,2024-10-01,lgbm_state,39113,2024-10-01,1620,553,0.341358024691358,0.6790661903374889,0.8160497990851638,0.1706019490363026,0.0795245471088645,41.0,0.07414104882459313,80.0,0.14466546112115733,0.82
y_date_push,2,val,2024-10-01,lgbm_state_dyn,39113,2024-10-01,1620,553,0.341358024691358,0.6622569789858151,0.8129026135029006,0.17079842013364582,0.07871224778479594,37.0,0.06690777576853527,74.0,0.13381555153707053,0.74
y_date_push,2,val,2024-10-01,lgbm_state_dyn_ctx,39113,2024-10-01,1620,553,0.341358024691358,0.6747444214844329,0.826357382666922,0.16428692083118193,0.07214607562642253,39.0,0.0705244122965642,75.0,0.13562386980108498,0.78
y_date_push,2,test,2026-01-01,naive,43855,2026-01-01,1330,629,0.47293233082706765,0.5365785301275047,0.6006930821061894,0.25182899834449624,0.10384024368993695,29.98102466793169,0.04766458611753845,59.96204933586338,0.0953291722350769,0.5996204933586338
y_date_push,2,test,2026-01-01,rule,43855,2026-01-01,1330,629,0.47293233082706765,0.4272878003997791,0.4408884423569327,0.2706998467434219,0.14227285555902489,10.0,0.01589825119236884,32.0,0.05087440381558029,0.2
y_date_push,2,test,2026-01-01,logreg,43855,2026-01-01,1330,629,0.47293233082706765,0.5984649169631854,0.6957401304972003,0.22680136028974748,0.09892578280663268,27.0,0.04292527821939587,53.0,0.08426073131955485,0.54
y_date_push,2,test,2026-01-01,lightgbm,43855,2026-01-01,1330,629,0.47293233082706765,0.7427736579619549,0.7860539905517668,0.18965326343058833,0.03895247636478443,43.0,0.06836248012718601,83.0,0.13195548489666137,0.86
y_cost_rev,2,val,2024-07-01,naive,47886,2024-07-01,1656,65,0.0392512077294686,0.04720744923881061,0.5594304501281246,0.03794646454338615,0.01840770928404674,3.483606557377049,0.053593947036569986,6.967213114754098,0.10718789407313997,0.06967213114754098
y_cost_rev,2,val,2024-07-01,rule,47886,2024-07-01,1656,65,0.0392512077294686,0.08358036968423918,0.6348498767103419,0.0373478466007832,0.01478504875911678,8.0,0.12307692307692308,11.0,0.16923076923076924,0.16
y_cost_rev,2,val,2024-07-01,logreg,47886,2024-07-01,1656,65,0.0392512077294686,0.13968854832471886,0.7074989121500749,0.037965487315909485,0.02876257555937656,11.0,0.16923076923076924,14.0,0.2153846153846154,0.22
y_cost_rev,2,val,2024-07-01,lightgbm,47886,2024-07-01,1656,65,0.0392512077294686,0.11203625861488484,0.7077019774694193,0.03867318448381223,0.019431898464016634,8.0,0.12307692307692308,10.0,0.15384615384615385,0.16
y_cost_rev,2,val,2024-07-01,lgbm_state,47886,2024-07-01,1656,65,0.0392512077294686,0.07199204298519224,0.6488033650824349,0.03908983086418947,0.010308591892700319,4.0,0.06153846153846154,10.0,0.15384615384615385,0.08
y_cost_rev,2,val,2024-07-01,lgbm_state_dyn,47886,2024-07-01,1656,65,0.0392512077294686,0.08799449029233078,0.6798046705023448,0.038474827074383204,0.012613004726370409,8.0,0.12307692307692308,11.0,0.16923076923076924,0.16
y_cost_rev,2,val,2024-07-01,lgbm_state_dyn_ctx,47886,2024-07-01,1656,65,0.0392512077294686,0.09677371732465058,0.7115215394285163,0.03927053847020515,0.020035191708536293,7.0,0.1076923076923077,8.0,0.12307692307692308,0.14
y_cost_rev,2,val,2024-10-01,naive,49617,2024-10-01,1631,60,0.03678724708767627,0.03958566992169002,0.5297793337576915,0.035812009500379424,0.02020990113369131,2.4390243902439024,0.04065040650406504,4.878048780487805,0.08130081300813008,0.04878048780487805
y_cost_rev,2,val,2024-10-01,rule,49617,2024-10-01,1631,60,0.03678724708767627,0.07337280507445643,0.6412157861234882,0.03516405813576411,0.012416772486658114,5.0,0.08333333333333333,10.0,0.16666666666666666,0.1
y_cost_rev,2,val,2024-10-01,logreg,49617,2024-10-01,1631,60,0.03678724708767627,0.11878691116332438,0.7717483556121366,0.03428598354736777,0.006275198988744556,11.0,0.18333333333333332,15.0,0.25,0.22
y_cost_rev,2,val,2024-10-01,lightgbm,49617,2024-10-01,1631,60,0.03678724708767627,0.0939501453105295,0.7653405474220242,0.03615900221522093,0.012275121732964465,6.0,0.1,11.0,0.18333333333333332,0.12
y_cost_rev,2,val,2024-10-01,lgbm_state,49617,2024-10-01,1631,60,0.03678724708767627,0.07167204113800706,0.7150010608953956,0.036763949706313165,0.011094049918128242,4.0,0.06666666666666667,7.0,0.11666666666666667,0.08
y_cost_rev,2,val,2024-10-01,lgbm_state_dyn,49617,2024-10-01,1631,60,0.03678724708767627,0.07887669766069029,0.7208572034797369,0.03592578949654717,0.011047116821908103,6.0,0.1,9.0,0.15,0.12
y_cost_rev,2,val,2024-10-01,lgbm_state_dyn_ctx,49617,2024-10-01,1631,60,0.03678724708767627,0.09194269060801823,0.7587736049225546,0.03603124669459997,0.011280340683482217,5.0,0.08333333333333333,10.0,0.16666666666666666,0.1
y_cost_rev,2,val,2025-01-01,naive,51273,2025-01-01,473,71,0.15010570824524314,0.17890179029656111,0.5719991591339079,0.13577181451813083,0.09312153396664961,11.76470588235294,0.16570008285004142,23.52941176470588,0.33140016570008285,0.2352941176470588
y_cost_rev,2,val,2025-01-01,rule,51273,2025-01-01,473,71,0.15010570824524314,0.19238910372592138,0.5922149814308738,0.1355461638820747,0.09378356612322973,8.0,0.11267605633802817,19.0,0.2676056338028169,0.16
y_cost_rev,2,val,2025-01-01,logreg,51273,2025-01-01,473,71,0.15010570824524314,0.29253212156382324,0.7342512788171818,0.1277720593493093,0.08828475873750265,17.0,0.23943661971830985,30.0,0.4225352112676056,0.34
y_cost_rev,2,val,2025-01-01,lightgbm,51273,2025-01-01,473,71,0.15010570824524314,0.3533577634704535,0.7803587695326186,0.12265457647894797,0.08737870039075664,20.0,0.28169014084507044,38.0,0.5352112676056338,0.4
y_cost_rev,2,val,2025-01-01,lgbm_state,51273,2025-01-01,473,71,0.15010570824524314,0.35871410457186814,0.77198514469904,0.12480794524413559,0.09406004312183157,18.0,0.2535211267605634,35.0,0.49295774647887325,0.36
y_cost_rev,2,val,2025-01-01,lgbm_state_dyn,51273,2025-01-01,473,71,0.15010570824524314,0.3403362749195452,0.7588816480975404,0.12666110854999002,0.09584859286549542,21.0,0.29577464788732394,35.0,0.49295774647887325,0.42
y_cost_rev,2,val,2025-01-01,lgbm_state_dyn_ctx,51273,2025-01-01,473,71,0.15010570824524314,0.3542212087523899,0.7796230117020532,0.12303632240831112,0.08759580152136207,21.0,0.29577464788732394,36.0,0.5070422535211268,0.42
y_cost_rev,2,val,2025-04-01,naive,52904,2025-04-01,1005,220,0.21890547263681592,0.2427771370420624,0.5501013317892299,0.19703333349886828,0.16275584853998157,15.25,0.06931818181818182,30.5,0.13863636363636364,0.305
y_cost_rev,2,val,2025-04-01,rule,52904,2025-04-01,1005,220,0.21890547263681592,0.23021025544955204,0.5081354950781702,0.20096564987585366,0.17537068111836307,10.0,0.045454545454545456,21.0,0.09545454545454546,0.2
y_cost_rev,2,val,2025-04-01,logreg,52904,2025-04-01,1005,220,0.21890547263681592,0.31265704630333246,0.6796699478865085,0.1905020353576968,0.16040412810674085,19.0,0.08636363636363636,33.0,0.15,0.38
y_cost_rev,2,val,2025-04-01,lightgbm,52904,2025-04-01,1005,220,0.21890547263681592,0.3558697412489959,0.6428199189345687,0.20058398293592605,0.18955906317655893,27.0,0.12272727272727273,43.0,0.19545454545454546,0.54
y_cost_rev,2,val,2025-04-01,lgbm_state,52904,2025-04-01,1005,220,0.21890547263681592,0.4123061080668844,0.6994296467863346,0.18898516294611648,0.1696805506701448,30.0,0.13636363636363635,50.0,0.22727272727272727,0.6
y_cost_rev,2,val,2025-04-01,lgbm_state_dyn,52904,2025-04-01,1005,220,0.21890547263681592,0.4294056112175963,0.697484076433121,0.18858137179136727,0.17062311916150955,32.0,0.14545454545454545,51.0,0.2318181818181818,0.64
y_cost_rev,2,val,2025-04-01,lgbm_state_dyn_ctx,52904,2025-04-01,1005,220,0.21890547263681592,0.369179628809282,0.6479038795599305,0.1986288804515079,0.1868941093977684,25.0,0.11363636363636363,43.0,0.19545454545454546,0.5
y_cost_rev,2,val,2025-07-01,naive,53377,2025-07-01,697,26,0.03730272596843615,0.042824472395839114,0.5538518858190989,0.036251059420492504,0.020360768478115562,2.6627218934911245,0.1024123805188894,5.325443786982249,0.2048247610377788,0.053254437869822494
y_cost_rev,2,val,2025-07-01,rule,53377,2025-07-01,697,26,0.03730272596843615,0.07592608386211315,0.5976154992548435,0.035738658162298514,0.012256344128195483,5.0,0.19230769230769232,8.0,0.3076923076923077,0.1
y_cost_rev,2,val,2025-07-01,logreg,53377,2025-07-01,697,26,0.03730272596843615,0.16560139417743905,0.7512896939126447,0.06628722203647924,0.15472358966751906,6.0,0.23076923076923078,9.0,0.34615384615384615,0.12
y_cost_rev,2,val,2025-07-01,lightgbm,53377,2025-07-01,697,26,0.03730272596843615,0.1720719789069687,0.7608907485956665,0.03472963195820723,0.019781646061766453,9.0,0.34615384615384615,14.0,0.5384615384615384,0.18
y_cost_rev,2,val,2025-07-01,lgbm_state,53377,2025-07-01,697,26,0.03730272596843615,0.11717987837857287,0.775363980282013,0.036997486327805695,0.02905193612632137,8.0,0.3076923076923077,13.0,0.5,0.16
y_cost_rev,2,val,2025-07-01,lgbm_state_dyn,53377,2025-07-01,697,26,0.03730272596843615,0.16812300344692557,0.7945947495127823,0.036477938454767704,0.027128177329743555,8.0,0.3076923076923077,14.0,0.5384615384615384,0.16
y_cost_rev,2,val,2025-07-01,lgbm_state_dyn_ctx,53377,2025-07-01,697,26,0.03730272596843615,0.1991314862664946,0.7513183537773701,0.03518591686753509,0.030332531535246586,11.0,0.4230769230769231,13.0,0.5,0.22
y_cost_rev,2,val,2025-10-01,naive,54382,2025-10-01,1336,21,0.015718562874251496,0.01625477574386209,0.5154807170016295,0.01756661012451576,0.04532274155732603,0.8797653958944283,0.04189359028068706,1.7595307917888565,0.08378718056137412,0.017595307917888565
y_cost_rev,2,val,2025-10-01,rule,54382,2025-10-01,1336,21,0.015718562874251496,0.017191459154512215,0.5125475285171103,0.016814722321154933,0.03410632062294061,0.0,0.0,1.0,0.047619047619047616,0.0
y_cost_rev,2,val,2025-10-01,logreg,54382,2025-10-01,1336,21,0.015718562874251496,0.03247526282386507,0.6926670287887018,0.11035649085366109,0.2613774739521486,1.0,0.047619047619047616,3.0,0.14285714285714285,0.02
y_cost_rev,2,val,2025-10-01,lightgbm,54382,2025-10-01,1336,21,0.015718562874251496,0.01844208137336529,0.5751403222886112,0.045845533532638066,0.10578877396329006,0.0,0.0,0.0,0.0,0.0
y_cost_rev,2,val,2025-10-01,lgbm_state,54382,2025-10-01,1336,21,0.015718562874251496,0.018857272887477246,0.5472569255839218,0.028031219304729228,0.06314134869008903,0.0,0.0,1.0,0.047619047619047616,0.0
y_cost_rev,2,val,2025-10-01,lgbm_state_dyn,54382,2025-10-01,1336,21,0.015718562874251496,0.018373735791483613,0.5307803729856961,0.028559827449253658,0.06535767765922071,0.0,0.0,1.0,0.047619047619047616,0.0
y_cost_rev,2,val,2025-10-01,lgbm_state_dyn_ctx,54382,2025-10-01,1336,21,0.015718562874251496,0.016627258638393677,0.5349447763896433,0.030152269263767385,0.06149298919733823,0.0,0.0,0.0,0.0,0.0
y_cost_rev,2,test,2026-01-01,naive,55079,2026-01-01,1653,72,0.043557168784029036,0.0419007288335782,0.47696605523929997,0.04212823616921027,0.018334716185051912,1.8796992481203008,0.026106934001670842,3.7593984962406015,0.052213868003341685,0.03759398496240601
y_cost_rev,2,test,2026-01-01,rule,55079,2026-01-01,1653,72,0.043557168784029036,0.06359689168222445,0.5689656687047578,0.041568259913562985,0.006028230319533547,1.0,0.013888888888888888,12.0,0.16666666666666666,0.02
y_cost_rev,2,test,2026-01-01,logreg,55079,2026-01-01,1653,72,0.043557168784029036,0.09617664589571139,0.7465387588727247,0.040643544595866506,0.007720029635916211,5.0,0.06944444444444445,13.0,0.18055555555555555,0.1
y_cost_rev,2,test,2026-01-01,lightgbm,55079,2026-01-01,1653,72,0.043557168784029036,0.08099301368938137,0.6795804343242674,0.04336947935377803,0.020908417716028794,7.0,0.09722222222222222,12.0,0.16666666666666666,0.14
y_any,4,val,2023-04-01,naive,22533,2023-04-01,1391,861,0.6189791516894321,0.6535753007797034,0.5579405254968992,0.23306364227332838,0.04766389971715186,39.17748917748918,0.04550231031067268,78.35497835497836,0.09100462062134536,0.7835497835497836
y_any,4,val,2023-04-01,rule,22533,2023-04-01,1391,861,0.6189791516894321,0.5983816457797362,0.47148883483444,0.24297845840966348,0.08021676685819312,29.0,0.03368176538908246,53.0,0.06155632984901278,0.58
y_any,4,val,2023-04-01,logreg,22533,2023-04-01,1391,861,0.6189791516894321,0.7152674626662585,0.7070782109438346,0.2096532693141175,0.10658490653375598,21.0,0.024390243902439025,59.0,0.06852497096399536,0.42
y_any,4,val,2023-04-01,lightgbm,22533,2023-04-01,1391,861,0.6189791516894321,0.8914800900183297,0.8508338263975631,0.15289453188508248,0.04915194967297615,48.0,0.05574912891986063,93.0,0.10801393728222997,0.96
y_any,4,val,2023-04-01,lgbm_state,22533,2023-04-01,1391,861,0.6189791516894321,0.8987220690534656,0.8508995682948743,0.15240269859258962,0.042575261486105805,49.0,0.056910569105691054,96.0,0.11149825783972125,0.98
y_any,4,val,2023-04-01,lgbm_state_dyn,22533,2023-04-01,1391,861,0.6189791516894321,0.8974301097803646,0.8486643437862951,0.15373889664793766,0.0472510060785309,49.0,0.056910569105691054,95.0,0.11033681765389082,0.98
y_any,4,val,2023-04-01,lgbm_state_dyn_ctx,22533,2023-04-01,1391,861,0.6189791516894321,0.8923395444181732,0.8529748208533299,0.1516628396631849,0.04462780411489047,47.0,0.0545876887340302,93.0,0.10801393728222997,0.94
y_any,4,val,2023-07-01,naive,23619,2023-07-01,1448,842,0.5814917127071824,0.6090951833829676,0.5473452333356851,0.2400445152997,0.0009018340410405067,34.82758620689655,0.041362928986813,69.6551724137931,0.082725857973626,0.696551724137931
y_any,4,val,2023-07-01,rule,23619,2023-07-01,1448,842,0.5814917127071824,0.6499793009644643,0.6090010426220769,0.23996846673504196,0.01800486097843162,35.0,0.04156769596199525,70.0,0.0831353919239905,0.7
y_any,4,val,2023-07-01,logreg,23619,2023-07-01,1448,842,0.5814917127071824,0.7194333623126372,0.7130966659611329,0.21985108032777298,0.09868984006337007,28.0,0.0332541567695962,69.0,0.08194774346793349,0.56
y_any,4,val,2023-07-01,lightgbm,23619,2023-07-01,1448,842,0.5814917127071824,0.8154921692812621,0.7718382289535366,0.2046207047521598,0.11303448508040599,46.0,0.05463182897862233,93.0,0.11045130641330166,0.92
y_any,4,val,2023-07-01,lgbm_state,23619,2023-07-01,1448,842,0.5814917127071824,0.7837137104053272,0.7592464115770247,0.20054282073916405,0.08996357312167617,41.0,0.048693586698337295,86.0,0.1021377672209026,0.82
y_any,4,val,2023-07-01,lgbm_state_dyn,23619,2023-07-01,1448,842,0.5814917127071824,0.7967230523908378,0.7681753329727271,0.19881386743252016,0.09147461693669205,46.0,0.05463182897862233,87.0,0.10332541567695962,0.92
y_any,4,val,2023-07-01,lgbm_state_dyn_ctx,23619,2023-07-01,1448,842,0.5814917127071824,0.8202722254845407,0.7781400170895949,0.20271334653813702,0.11555815365447085,46.0,0.05463182897862233,93.0,0.11045130641330166,0.92
y_any,4,val,2023-10-01,naive,24694,2023-10-01,1536,897,0.583984375,0.6316251952175387,0.5702576663997362,0.23566364065616363,0.024122937337977796,40.7488986784141,0.045427980689424864,81.4977973568282,0.09085596137884973,0.814977973568282
y_any,4,val,2023-10-01,rule,24694,2023-10-01,1536,897,0.583984375,0.6635372304432221,0.6210852380478835,0.23916026521902556,0.019355087869983918,35.0,0.03901895206243032,74.0,0.08249721293199554,0.7
y_any,4,val,2023-10-01,logreg,24694,2023-10-01,1536,897,0.583984375,0.7291004462970004,0.7175177910021755,0.21665062279620304,0.08755793740206673,27.0,0.030100334448160536,69.0,0.07692307692307693,0.54
y_any,4,val,2023-10-01,lightgbm,24694,2023-10-01,1536,897,0.583984375,0.8056507674410468,0.770814033214523,0.20185271841686467,0.11562010232317188,46.0,0.05128205128205128,87.0,0.09698996655518395,0.92
y_any,4,val,2023-10-01,lgbm_state,24694,2023-10-01,1536,897,0.583984375,0.8066536313809212,0.776266916499617,0.195542256064435,0.09179799260996357,43.0,0.04793756967670011,86.0,0.09587513935340022,0.86
y_any,4,val,2023-10-01,lgbm_state_dyn,24694,2023-10-01,1536,897,0.583984375,0.8265882338285105,0.7870941741119328,0.1928717372848344,0.09036733236623266,48.0,0.05351170568561873,92.0,0.10256410256410256,0.96
y_any,4,val,2023-10-01,lgbm_state_dyn_ctx,24694,2023-10-01,1536,897,0.583984375,0.7994371405178768,0.7662657475884666,0.20433284110333053,0.12234532841145979,45.0,0.05016722408026756,88.0,0.09810479375696766,0.9
y_any,4,val,2024-01-01,naive,25821,2024-01-01,1547,874,0.5649644473173885,0.609632934750764,0.5685325789439682,0.23923626194636127,0.03154577472305484,37.455830388692576,0.042855641176993794,74.91166077738515,0.08571128235398759,0.7491166077738515
y_any,4,val,2024-01-01,rule,25821,2024-01-01,1547,874,0.5649644473173885,0.6614427969304835,0.6302486220720093,0.24194885412395808,0.0349264456060282,34.0,0.038901601830663615,72.0,0.08237986270022883,0.68
y_any,4,val,2024-01-01,logreg,25821,2024-01-01,1547,874,0.5649644473173885,0.7112986748218422,0.7233399410406629,0.22164152314216604,0.09634019814276186,24.0,0.02745995423340961,66.0,0.07551487414187644,0.48
y_any,4,val,2024-01-01,lightgbm,25821,2024-01-01,1547,874,0.5649644473173885,0.762006670038704,0.7581825631330734,0.21339629787839323,0.13446330357279224,40.0,0.04576659038901602,79.0,0.09038901601830664,0.8
y_any,4,val,2024-01-01,lgbm_state,25821,2024-01-01,1547,874,0.5649644473173885,0.8181839694597652,0.7918283174827696,0.19288740637231258,0.09187976746029615,45.0,0.05148741418764302,91.0,0.10411899313501144,0.9
y_any,4,val,2024-01-01,lgbm_state_dyn,25821,2024-01-01,1547,874,0.5649644473173885,0.8297051327848257,0.802799038425575,0.18987892272523765,0.1014625513540804,45.0,0.05148741418764302,93.0,0.10640732265446225,0.9
y_any,4,val,2024-01-01,lgbm_state_dyn_ctx,25821,2024-01-01,1547,874,0.5649644473173885,0.7664349153307959,0.7599872152763847,0.2112676545451059,0.1293434388332913,39.0,0.04462242562929062,82.0,0.09382151029748284,0.78
y_any,4,val,2024-04-01,naive,27212,2024-04-01,1520,766,0.5039473684210526,0.5748557097705098,0.606092138706706,0.24826511457368294,0.097124717148214,33.68421052631579,0.04397416517795795,67.36842105263158,0.0879483303559159,0.6736842105263158
y_any,4,val,2024-04-01,rule,27212,2024-04-01,1520,766,0.5039473684210526,0.5366040562554493,0.5301802051374392,0.2534656701626116,0.06659493842203454,26.0,0.033942558746736295,56.0,0.0731070496083551,0.52
y_any,4,val,2024-04-01,logreg,27212,2024-04-01,1520,766,0.5039473684210526,0.5858817043551423,0.6631282420649487,0.25528951837595654,0.16247437317180055,14.0,0.018276762402088774,49.0,0.0639686684073107,0.28
y_any,4,val,2024-04-01,lightgbm,27212,2024-04-01,1520,766,0.5039473684210526,0.7156939014606901,0.755495494871564,0.22431302740092343,0.1506939120386351,40.0,0.05221932114882506,78.0,0.10182767624020887,0.8
y_any,4,val,2024-04-01,lgbm_state,27212,2024-04-01,1520,766,0.5039473684210526,0.72298302437335,0.7592509228414513,0.22190337014931757,0.14918164389374303,42.0,0.05483028720626632,79.0,0.1031331592689295,0.84
y_any,4,val,2024-04-01,lgbm_state_dyn,27212,2024-04-01,1520,766,0.5039473684210526,0.740269211870678,0.7714608251206792,0.2230104717674261,0.15503891723811367,39.0,0.050913838120104436,83.0,0.10835509138381201,0.78
y_any,4,val,2024-04-01,lgbm_state_dyn_ctx,27212,2024-04-01,1520,766,0.5039473684210526,0.714949298852205,0.7524205109736757,0.22540366800686618,0.14877984941212177,39.0,0.050913838120104436,84.0,0.10966057441253264,0.78
y_any,4,val,2025-01-01,naive,31743,2025-01-01,945,763,0.8074074074074075,0.8128771268453399,0.517088416170985,0.20659189720198065,0.21989581937136488,41.54929577464789,0.054455171395344545,83.09859154929578,0.10891034279068909,0.8309859154929577
y_any,4,val,2025-01-01,rule,31743,2025-01-01,945,763,0.8074074074074075,0.7758589734682229,0.43127187360477004,0.21747096028729682,0.24133545224301955,33.0,0.04325032765399738,74.0,0.09698558322411534,0.66
y_any,4,val,2025-01-01,logreg,31743,2025-01-01,945,763,0.8074074074074075,0.899568228114516,0.7519047138968502,0.14748885733835246,0.13144356735613053,41.0,0.053735255570117955,89.0,0.11664482306684142,0.82
y_any,4,val,2025-01-01,lightgbm,31743,2025-01-01,945,763,0.8074074074074075,0.9592475723485392,0.8580718102343268,0.11706448766119688,0.08784071813826967,50.0,0.0655307994757536,99.0,0.12975098296199214,1.0
y_any,4,val,2025-01-01,lgbm_state,31743,2025-01-01,945,763,0.8074074074074075,0.9565518867053863,0.8507770080509267,0.12111817052553948,0.09458247522626378,50.0,0.0655307994757536,99.0,0.12975098296199214,1.0
y_any,4,val,2025-01-01,lgbm_state_dyn,31743,2025-01-01,945,763,0.8074074074074075,0.953270486074759,0.8518715884377746,0.11938514546896957,0.09371694939108478,48.0,0.06290956749672345,97.0,0.127129750982962,0.96
y_any,4,val,2025-01-01,lgbm_state_dyn_ctx,31743,2025-01-01,945,763,0.8074074074074075,0.9526987145281078,0.8458081891895785,0.11908506725508684,0.08740070527588581,49.0,0.06422018348623854,99.0,0.12975098296199214,0.98
y_any,4,test,2025-04-01,naive,33263,2025-04-01,989,802,0.8109201213346815,0.8236536823863053,0.5387800552095697,0.20701815537105597,0.2307407320601769,43.41463414634146,0.054132960282221275,86.82926829268293,0.10826592056444255,0.8682926829268293
y_any,4,test,2025-04-01,rule,33263,2025-04-01,989,802,0.8109201213346815,0.7689556911289434,0.4114679877845493,0.22163383659714575,0.254493648826546,35.0,0.043640897755610975,72.0,0.08977556109725686,0.7
y_any,4,test,2025-04-01,logreg,33263,2025-04-01,989,802,0.8109201213346815,0.8912249295611596,0.7138370650912826,0.19891763612102178,0.2356291314949413,46.0,0.057356608478802994,90.0,0.11221945137157108,0.92
y_any,4,test,2025-04-01,lightgbm,33263,2025-04-01,989,802,0.8109201213346815,0.9197271971029758,0.7584314614533185,0.177390443166026,0.1887759644023757,47.0,0.05860349127182045,96.0,0.11970074812967581,0.94
