sn,project,cause,extra_days_for_appointed_date,total_extra_days,source,retrieved
1,Aurangabad-Karodi,right of way alone,320.0,333,"CAG Report No. 19 of 2023 (Bharatmala Pariyojana Phase-I), para 6.1.1 and Annexure 9 https://cag.gov.in/webroot/uploads/download_audit_report/2023/Report-No.-19-of-203--Bharatmala-English-064d5db7bc63c20.06754442.pdf",2026-09-27
2,Dagmagpur-Lalganj (Pkg-II),right of way alone,-15.0,231,"CAG Report No. 19 of 2023 (Bharatmala Pariyojana Phase-I), para 6.1.1 and Annexure 9 https://cag.gov.in/webroot/uploads/download_audit_report/2023/Report-No.-19-of-203--Bharatmala-English-064d5db7bc63c20.06754442.pdf",2026-09-27
3,Gwalior-Shivpuri (Mohana town portion),right of way alone,36.0,42,"CAG Report No. 19 of 2023 (Bharatmala Pariyojana Phase-I), para 6.1.1 and Annexure 9 https://cag.gov.in/webroot/uploads/download_audit_report/2023/Report-No.-19-of-203--Bharatmala-English-064d5db7bc63c20.06754442.pdf",2026-09-27
4,Hapur bypass-Moradabad,right of way alone,184.0,217,"CAG Report No. 19 of 2023 (Bharatmala Pariyojana Phase-I), para 6.1.1 and Annexure 9 https://cag.gov.in/webroot/uploads/download_audit_report/2023/Report-No.-19-of-203--Bharatmala-English-064d5db7bc63c20.06754442.pdf",2026-09-27
5,Lalganj-Hanumanah (Pkg-III),right of way alone,6.0,272,"CAG Report No. 19 of 2023 (Bharatmala Pariyojana Phase-I), para 6.1.1 and Annexure 9 https://cag.gov.in/webroot/uploads/download_audit_report/2023/Report-No.-19-of-203--Bharatmala-English-064d5db7bc63c20.06754442.pdf",2026-09-27
6,Medshi-Washim,right of way alone,201.0,538,"CAG Report No. 19 of 2023 (Bharatmala Pariyojana Phase-I), para 6.1.1 and Annexure 9 https://cag.gov.in/webroot/uploads/download_audit_report/2023/Report-No.-19-of-203--Bharatmala-English-064d5db7bc63c20.06754442.pdf",2026-09-27
7,Mohol-Wakhri (Pkg-I),right of way alone,57.0,66,"CAG Report No. 19 of 2023 (Bharatmala Pariyojana Phase-I), para 6.1.1 and Annexure 9 https://cag.gov.in/webroot/uploads/download_audit_report/2023/Report-No.-19-of-203--Bharatmala-English-064d5db7bc63c20.06754442.pdf",2026-09-27
8,Ramsanpalle-Mangloor (Sangareddy-Nanded Pkg-II),right of way alone,208.0,208,"CAG Report No. 19 of 2023 (Bharatmala Pariyojana Phase-I), para 6.1.1 and Annexure 9 https://cag.gov.in/webroot/uploads/download_audit_report/2023/Report-No.-19-of-203--Bharatmala-English-064d5db7bc63c20.06754442.pdf",2026-09-27
9,Varanasi-Dagmagpur (Pkg-I),right of way alone,44.0,484,"CAG Report No. 19 of 2023 (Bharatmala Pariyojana Phase-I), para 6.1.1 and Annexure 9 https://cag.gov.in/webroot/uploads/download_audit_report/2023/Report-No.-19-of-203--Bharatmala-English-064d5db7bc63c20.06754442.pdf",2026-09-27
10,Chettikulam-Natham,right of way alone,183.0,181,"CAG Report No. 19 of 2023 (Bharatmala Pariyojana Phase-I), para 6.1.1 and Annexure 9 https://cag.gov.in/webroot/uploads/download_audit_report/2023/Report-No.-19-of-203--Bharatmala-English-064d5db7bc63c20.06754442.pdf",2026-09-27
11,Shamli-Muzaffarnagar (Pkg-II),right of way alone,92.0,305,"CAG Report No. 19 of 2023 (Bharatmala Pariyojana Phase-I), para 6.1.1 and Annexure 9 https://cag.gov.in/webroot/uploads/download_audit_report/2023/Report-No.-19-of-203--Bharatmala-English-064d5db7bc63c20.06754442.pdf",2026-09-27
12,Suryapet-Khammam,right of way alone,46.0,100,"CAG Report No. 19 of 2023 (Bharatmala Pariyojana Phase-I), para 6.1.1 and Annexure 9 https://cag.gov.in/webroot/uploads/download_audit_report/2023/Report-No.-19-of-203--Bharatmala-English-064d5db7bc63c20.06754442.pdf",2026-09-27
13,Chakeri-Allahabad,right of way alone,112.0,231,"CAG Report No. 19 of 2023 (Bharatmala Pariyojana Phase-I), para 6.1.1 and Annexure 9 https://cag.gov.in/webroot/uploads/download_audit_report/2023/Report-No.-19-of-203--Bharatmala-English-064d5db7bc63c20.06754442.pdf",2026-09-27
14,Dwarka Expressway (Pkg-I),right of way alone,603.0,603,"CAG Report No. 19 of 2023 (Bharatmala Pariyojana Phase-I), para 6.1.1 and Annexure 9 https://cag.gov.in/webroot/uploads/download_audit_report/2023/Report-No.-19-of-203--Bharatmala-English-064d5db7bc63c20.06754442.pdf",2026-09-27
15,Dwarka Expressway (Pkg-III),right of way alone,7.0,7,"CAG Report No. 19 of 2023 (Bharatmala Pariyojana Phase-I), para 6.1.1 and Annexure 9 https://cag.gov.in/webroot/uploads/download_audit_report/2023/Report-No.-19-of-203--Bharatmala-English-064d5db7bc63c20.06754442.pdf",2026-09-27
16,Dwarka Expressway (Pkg-IV),right of way alone,13.0,231,"CAG Report No. 19 of 2023 (Bharatmala Pariyojana Phase-I), para 6.1.1 and Annexure 9 https://cag.gov.in/webroot/uploads/download_audit_report/2023/Report-No.-19-of-203--Bharatmala-English-064d5db7bc63c20.06754442.pdf",2026-09-27
17,Gundugolanu-Devarapalli-Kovvuru,right of way alone,29.0,29,"CAG Report No. 19 of 2023 (Bharatmala Pariyojana Phase-I), para 6.1.1 and Annexure 9 https://cag.gov.in/webroot/uploads/download_audit_report/2023/Report-No.-19-of-203--Bharatmala-English-064d5db7bc63c20.06754442.pdf",2026-09-27
18,Lucknow Ring Road (Pkg-II),right of way alone,65.0,217,"CAG Report No. 19 of 2023 (Bharatmala Pariyojana Phase-I), para 6.1.1 and Annexure 9 https://cag.gov.in/webroot/uploads/download_audit_report/2023/Report-No.-19-of-203--Bharatmala-English-064d5db7bc63c20.06754442.pdf",2026-09-27
19,Lucknow Ring Road (Pkg-III B),right of way alone,160.0,166,"CAG Report No. 19 of 2023 (Bharatmala Pariyojana Phase-I), para 6.1.1 and Annexure 9 https://cag.gov.in/webroot/uploads/download_audit_report/2023/Report-No.-19-of-203--Bharatmala-English-064d5db7bc63c20.06754442.pdf",2026-09-27
20,Paniyala-Narnaul-Pacheri Kalan (Pkg-I),right of way alone,53.0,53,"CAG Report No. 19 of 2023 (Bharatmala Pariyojana Phase-I), para 6.1.1 and Annexure 9 https://cag.gov.in/webroot/uploads/download_audit_report/2023/Report-No.-19-of-203--Bharatmala-English-064d5db7bc63c20.06754442.pdf",2026-09-27
21,Varanasi Ring Road (Pkg-I),right of way alone,360.0,549,"CAG Report No. 19 of 2023 (Bharatmala Pariyojana Phase-I), para 6.1.1 and Annexure 9 https://cag.gov.in/webroot/uploads/download_audit_report/2023/Report-No.-19-of-203--Bharatmala-English-064d5db7bc63c20.06754442.pdf",2026-09-27
22,Varanasi Ring Road (Pkg-II),right of way alone,145.0,323,"CAG Report No. 19 of 2023 (Bharatmala Pariyojana Phase-I), para 6.1.1 and Annexure 9 https://cag.gov.in/webroot/uploads/download_audit_report/2023/Report-No.-19-of-203--Bharatmala-English-064d5db7bc63c20.06754442.pdf",2026-09-27
23,Belekeri Port-Kumta-Sirsi Road,right of way alone,947.0,947,"CAG Report No. 19 of 2023 (Bharatmala Pariyojana Phase-I), para 6.1.1 and Annexure 9 https://cag.gov.in/webroot/uploads/download_audit_report/2023/Report-No.-19-of-203--Bharatmala-English-064d5db7bc63c20.06754442.pdf",2026-09-27
24,Delhi-Meerut Expressway (Pkg-IV),right of way alone,17.0,16,"CAG Report No. 19 of 2023 (Bharatmala Pariyojana Phase-I), para 6.1.1 and Annexure 9 https://cag.gov.in/webroot/uploads/download_audit_report/2023/Report-No.-19-of-203--Bharatmala-English-064d5db7bc63c20.06754442.pdf",2026-09-27
25,Delhi-Vadodara Expressway (Pkg-1),right of way alone,34.0,120,"CAG Report No. 19 of 2023 (Bharatmala Pariyojana Phase-I), para 6.1.1 and Annexure 9 https://cag.gov.in/webroot/uploads/download_audit_report/2023/Report-No.-19-of-203--Bharatmala-English-064d5db7bc63c20.06754442.pdf",2026-09-27
26,Delhi-Vadodara Expressway (Pkg-2),right of way alone,34.0,123,"CAG Report No. 19 of 2023 (Bharatmala Pariyojana Phase-I), para 6.1.1 and Annexure 9 https://cag.gov.in/webroot/uploads/download_audit_report/2023/Report-No.-19-of-203--Bharatmala-English-064d5db7bc63c20.06754442.pdf",2026-09-27
27,Delhi-Vadodara Expressway (Pkg-9),right of way alone,119.0,227,"CAG Report No. 19 of 2023 (Bharatmala Pariyojana Phase-I), para 6.1.1 and Annexure 9 https://cag.gov.in/webroot/uploads/download_audit_report/2023/Report-No.-19-of-203--Bharatmala-English-064d5db7bc63c20.06754442.pdf",2026-09-27
28,Delhi-Vadodara Expressway (Pkg-18),right of way alone,56.0,60,"CAG Report No. 19 of 2023 (Bharatmala Pariyojana Phase-I), para 6.1.1 and Annexure 9 https://cag.gov.in/webroot/uploads/download_audit_report/2023/Report-No.-19-of-203--Bharatmala-English-064d5db7bc63c20.06754442.pdf",2026-09-27
29,Vadodara-Mumbai Expressway (Phase IA Pkg-I),right of way alone,104.0,110,"CAG Report No. 19 of 2023 (Bharatmala Pariyojana Phase-I), para 6.1.1 and Annexure 9 https://cag.gov.in/webroot/uploads/download_audit_report/2023/Report-No.-19-of-203--Bharatmala-English-064d5db7bc63c20.06754442.pdf",2026-09-27
30,Vadodara-Mumbai Expressway (Phase IA Pkg-II),right of way alone,101.0,115,"CAG Report No. 19 of 2023 (Bharatmala Pariyojana Phase-I), para 6.1.1 and Annexure 9 https://cag.gov.in/webroot/uploads/download_audit_report/2023/Report-No.-19-of-203--Bharatmala-English-064d5db7bc63c20.06754442.pdf",2026-09-27
31,Barasat-Krishnagar (balance work),right of way alone,73.0,252,"CAG Report No. 19 of 2023 (Bharatmala Pariyojana Phase-I), para 6.1.1 and Annexure 9 https://cag.gov.in/webroot/uploads/download_audit_report/2023/Report-No.-19-of-203--Bharatmala-English-064d5db7bc63c20.06754442.pdf",2026-09-27
32,Bareli-Goharganj,right of way alone,386.0,392,"CAG Report No. 19 of 2023 (Bharatmala Pariyojana Phase-I), para 6.1.1 and Annexure 9 https://cag.gov.in/webroot/uploads/download_audit_report/2023/Report-No.-19-of-203--Bharatmala-English-064d5db7bc63c20.06754442.pdf",2026-09-27
33,Barhi-Koderma,right of way alone,235.0,617,"CAG Report No. 19 of 2023 (Bharatmala Pariyojana Phase-I), para 6.1.1 and Annexure 9 https://cag.gov.in/webroot/uploads/download_audit_report/2023/Report-No.-19-of-203--Bharatmala-English-064d5db7bc63c20.06754442.pdf",2026-09-27
34,Salsalabari-Ghospukur (Pkg-IIA),right of way alone,254.0,255,"CAG Report No. 19 of 2023 (Bharatmala Pariyojana Phase-I), para 6.1.1 and Annexure 9 https://cag.gov.in/webroot/uploads/download_audit_report/2023/Report-No.-19-of-203--Bharatmala-English-064d5db7bc63c20.06754442.pdf",2026-09-27
35,Goharganj-Bhopal,right of way alone,32.0,25,"CAG Report No. 19 of 2023 (Bharatmala Pariyojana Phase-I), para 6.1.1 and Annexure 9 https://cag.gov.in/webroot/uploads/download_audit_report/2023/Report-No.-19-of-203--Bharatmala-English-064d5db7bc63c20.06754442.pdf",2026-09-27
36,Koida-Rajamunda (Pkg-II),right of way alone,47.0,53,"CAG Report No. 19 of 2023 (Bharatmala Pariyojana Phase-I), para 6.1.1 and Annexure 9 https://cag.gov.in/webroot/uploads/download_audit_report/2023/Report-No.-19-of-203--Bharatmala-English-064d5db7bc63c20.06754442.pdf",2026-09-27
37,Maheshkhunt-Saharsa-Purnea (Pkg-I),right of way alone,666.0,670,"CAG Report No. 19 of 2023 (Bharatmala Pariyojana Phase-I), para 6.1.1 and Annexure 9 https://cag.gov.in/webroot/uploads/download_audit_report/2023/Report-No.-19-of-203--Bharatmala-English-064d5db7bc63c20.06754442.pdf",2026-09-27
38,Majhauli-Charout,right of way alone,313.0,548,"CAG Report No. 19 of 2023 (Bharatmala Pariyojana Phase-I), para 6.1.1 and Annexure 9 https://cag.gov.in/webroot/uploads/download_audit_report/2023/Report-No.-19-of-203--Bharatmala-English-064d5db7bc63c20.06754442.pdf",2026-09-27
39,Chandil-Balrampur-Purulia (Jharkhand/West Bengal border),right of way alone,252.0,577,"CAG Report No. 19 of 2023 (Bharatmala Pariyojana Phase-I), para 6.1.1 and Annexure 9 https://cag.gov.in/webroot/uploads/download_audit_report/2023/Report-No.-19-of-203--Bharatmala-English-064d5db7bc63c20.06754442.pdf",2026-09-27
40,Bangalore-Nidagatta (Pkg-I),right of way and contractor conditions,239.0,246,"CAG Report No. 19 of 2023 (Bharatmala Pariyojana Phase-I), para 6.1.1 and Annexure 9 https://cag.gov.in/webroot/uploads/download_audit_report/2023/Report-No.-19-of-203--Bharatmala-English-064d5db7bc63c20.06754442.pdf",2026-09-27
41,Bellary-Byrapura,right of way and contractor conditions,315.0,316,"CAG Report No. 19 of 2023 (Bharatmala Pariyojana Phase-I), para 6.1.1 and Annexure 9 https://cag.gov.in/webroot/uploads/download_audit_report/2023/Report-No.-19-of-203--Bharatmala-English-064d5db7bc63c20.06754442.pdf",2026-09-27
42,Chittoor-Mallavaram,right of way and contractor conditions,94.0,94,"CAG Report No. 19 of 2023 (Bharatmala Pariyojana Phase-I), para 6.1.1 and Annexure 9 https://cag.gov.in/webroot/uploads/download_audit_report/2023/Report-No.-19-of-203--Bharatmala-English-064d5db7bc63c20.06754442.pdf",2026-09-27
43,Kohima-Jessami (Pkg-II),right of way and contractor conditions,0.0,36,"CAG Report No. 19 of 2023 (Bharatmala Pariyojana Phase-I), para 6.1.1 and Annexure 9 https://cag.gov.in/webroot/uploads/download_audit_report/2023/Report-No.-19-of-203--Bharatmala-English-064d5db7bc63c20.06754442.pdf",2026-09-27
44,Kohima-Jessami (Pkg-III),right of way and contractor conditions,3.0,31,"CAG Report No. 19 of 2023 (Bharatmala Pariyojana Phase-I), para 6.1.1 and Annexure 9 https://cag.gov.in/webroot/uploads/download_audit_report/2023/Report-No.-19-of-203--Bharatmala-English-064d5db7bc63c20.06754442.pdf",2026-09-27
45,Mangloor-Telangana/Maharashtra border,right of way and contractor conditions,188.0,188,"CAG Report No. 19 of 2023 (Bharatmala Pariyojana Phase-I), para 6.1.1 and Annexure 9 https://cag.gov.in/webroot/uploads/download_audit_report/2023/Report-No.-19-of-203--Bharatmala-English-064d5db7bc63c20.06754442.pdf",2026-09-27
46,Manu-Simlung (Manu-Lalchara Pkg-I),right of way and contractor conditions,19.0,63,"CAG Report No. 19 of 2023 (Bharatmala Pariyojana Phase-I), para 6.1.1 and Annexure 9 https://cag.gov.in/webroot/uploads/download_audit_report/2023/Report-No.-19-of-203--Bharatmala-English-064d5db7bc63c20.06754442.pdf",2026-09-27
47,Nidagatta-Mysore (Pkg-II),right of way and contractor conditions,449.0,456,"CAG Report No. 19 of 2023 (Bharatmala Pariyojana Phase-I), para 6.1.1 and Annexure 9 https://cag.gov.in/webroot/uploads/download_audit_report/2023/Report-No.-19-of-203--Bharatmala-English-064d5db7bc63c20.06754442.pdf",2026-09-27
48,Gorhar-Chordaha (Bihar/Jharkhand border),right of way and contractor conditions,443.0,449,"CAG Report No. 19 of 2023 (Bharatmala Pariyojana Phase-I), para 6.1.1 and Annexure 9 https://cag.gov.in/webroot/uploads/download_audit_report/2023/Report-No.-19-of-203--Bharatmala-English-064d5db7bc63c20.06754442.pdf",2026-09-27
49,Gorhar-Khairatunda (Pkg-I),right of way and contractor conditions,298.0,307,"CAG Report No. 19 of 2023 (Bharatmala Pariyojana Phase-I), para 6.1.1 and Annexure 9 https://cag.gov.in/webroot/uploads/download_audit_report/2023/Report-No.-19-of-203--Bharatmala-English-064d5db7bc63c20.06754442.pdf",2026-09-27
50,Bap-Khajuwala-Poogal,right of way and contractor conditions,86.0,227,"CAG Report No. 19 of 2023 (Bharatmala Pariyojana Phase-I), para 6.1.1 and Annexure 9 https://cag.gov.in/webroot/uploads/download_audit_report/2023/Report-No.-19-of-203--Bharatmala-English-064d5db7bc63c20.06754442.pdf",2026-09-27
51,Munabao-Tanot,right of way and contractor conditions,57.0,87,"CAG Report No. 19 of 2023 (Bharatmala Pariyojana Phase-I), para 6.1.1 and Annexure 9 https://cag.gov.in/webroot/uploads/download_audit_report/2023/Report-No.-19-of-203--Bharatmala-English-064d5db7bc63c20.06754442.pdf",2026-09-27
52,Vadodara-Mumbai Expressway (Phase IA Pkg-V),right of way and contractor conditions,390.0,389,"CAG Report No. 19 of 2023 (Bharatmala Pariyojana Phase-I), para 6.1.1 and Annexure 9 https://cag.gov.in/webroot/uploads/download_audit_report/2023/Report-No.-19-of-203--Bharatmala-English-064d5db7bc63c20.06754442.pdf",2026-09-27
53,Duburi-Chandikhole (Pkg-III),right of way and contractor conditions,374.0,697,"CAG Report No. 19 of 2023 (Bharatmala Pariyojana Phase-I), para 6.1.1 and Annexure 9 https://cag.gov.in/webroot/uploads/download_audit_report/2023/Report-No.-19-of-203--Bharatmala-English-064d5db7bc63c20.06754442.pdf",2026-09-27
54,Jabalpur-Hiran River (Pkg-I),right of way and contractor conditions,5.0,10,"CAG Report No. 19 of 2023 (Bharatmala Pariyojana Phase-I), para 6.1.1 and Annexure 9 https://cag.gov.in/webroot/uploads/download_audit_report/2023/Report-No.-19-of-203--Bharatmala-English-064d5db7bc63c20.06754442.pdf",2026-09-27
55,Kallagam-Meensurutti,right of way and contractor conditions,214.0,209,"CAG Report No. 19 of 2023 (Bharatmala Pariyojana Phase-I), para 6.1.1 and Annexure 9 https://cag.gov.in/webroot/uploads/download_audit_report/2023/Report-No.-19-of-203--Bharatmala-English-064d5db7bc63c20.06754442.pdf",2026-09-27
56,Solapur-Bijapur,right of way and contractor conditions,136.0,135,"CAG Report No. 19 of 2023 (Bharatmala Pariyojana Phase-I), para 6.1.1 and Annexure 9 https://cag.gov.in/webroot/uploads/download_audit_report/2023/Report-No.-19-of-203--Bharatmala-English-064d5db7bc63c20.06754442.pdf",2026-09-27
57,Tumkur-Shivamogga (Pkg-I),right of way and contractor conditions,393.0,393,"CAG Report No. 19 of 2023 (Bharatmala Pariyojana Phase-I), para 6.1.1 and Annexure 9 https://cag.gov.in/webroot/uploads/download_audit_report/2023/Report-No.-19-of-203--Bharatmala-English-064d5db7bc63c20.06754442.pdf",2026-09-27
58,Tumkur-Shivamogga (Pkg-II),right of way and contractor conditions,393.0,393,"CAG Report No. 19 of 2023 (Bharatmala Pariyojana Phase-I), para 6.1.1 and Annexure 9 https://cag.gov.in/webroot/uploads/download_audit_report/2023/Report-No.-19-of-203--Bharatmala-English-064d5db7bc63c20.06754442.pdf",2026-09-27
59,Churachandpur-Tuivai (Pkg-IB),contractor conditions only,,22,"CAG Report No. 19 of 2023 (Bharatmala Pariyojana Phase-I), para 6.1.1 and Annexure 9 https://cag.gov.in/webroot/uploads/download_audit_report/2023/Report-No.-19-of-203--Bharatmala-English-064d5db7bc63c20.06754442.pdf",2026-09-27
60,Kozhikode bypass,contractor conditions only,891.0,898,"CAG Report No. 19 of 2023 (Bharatmala Pariyojana Phase-I), para 6.1.1 and Annexure 9 https://cag.gov.in/webroot/uploads/download_audit_report/2023/Report-No.-19-of-203--Bharatmala-English-064d5db7bc63c20.06754442.pdf",2026-09-27
61,Anandapuram-Pendurthi-Anakapalli,contractor conditions only,116.0,116,"CAG Report No. 19 of 2023 (Bharatmala Pariyojana Phase-I), para 6.1.1 and Annexure 9 https://cag.gov.in/webroot/uploads/download_audit_report/2023/Report-No.-19-of-203--Bharatmala-English-064d5db7bc63c20.06754442.pdf",2026-09-27
62,Lucknow Ring Road (Pkg-1),contractor conditions only,51.0,46,"CAG Report No. 19 of 2023 (Bharatmala Pariyojana Phase-I), para 6.1.1 and Annexure 9 https://cag.gov.in/webroot/uploads/download_audit_report/2023/Report-No.-19-of-203--Bharatmala-English-064d5db7bc63c20.06754442.pdf",2026-09-27
