rules,in_force_from,in_force_to,route,area_band_ha,stage,days,day_type,note,source,retrieved
"Forest (Conservation) Rules 2003 as amended 2004 (G.S.R. 94(E), 3 Feb 2004)",2004-02-03,2022-06-28,regional office / REC,<=40 (not mining),state processing,210,calendar,"rule 6(3)(a): state forwards within 210 days incl. transit (nodal 10, DFO/CF 90, nodal/PCCF 30, state govt 60)",https://faolex.fao.org/docs/pdf/ind61558.pdf,2026-09-27
"Forest (Conservation) Rules 2003 as amended 2004 (G.S.R. 94(E), 3 Feb 2004)",2004-02-03,2022-06-28,regional office / REC,<=40 (not mining),central decision,45,calendar,RO decides up to 5 ha; the REC decides up to 40 ha other than mining,https://faolex.fao.org/docs/pdf/ind61558.pdf,2026-09-27
"Forest (Conservation) Rules 2003 as amended 2004 (G.S.R. 94(E), 3 Feb 2004)",2004-02-03,2022-06-28,regional office / REC,<=40 (not mining),to Stage-I (sum),255,calendar,sum of the two steps above,https://faolex.fao.org/docs/pdf/ind61558.pdf,2026-09-27
"Forest (Conservation) Rules 2003 as amended 2004 (G.S.R. 94(E), 3 Feb 2004)",2004-02-03,2022-06-28,MoEF / FAC,">40, or any mining",state processing,210,calendar,"rule 6(3)(a): state forwards within 210 days incl. transit (nodal 10, DFO/CF 90, nodal/PCCF 30, state govt 60)",https://faolex.fao.org/docs/pdf/ind61558.pdf,2026-09-27
"Forest (Conservation) Rules 2003 as amended 2004 (G.S.R. 94(E), 3 Feb 2004)",2004-02-03,2022-06-28,MoEF / FAC,">40, or any mining",central decision,90,calendar,FAC recommendation to the Central Government,https://faolex.fao.org/docs/pdf/ind61558.pdf,2026-09-27
"Forest (Conservation) Rules 2003 as amended 2004 (G.S.R. 94(E), 3 Feb 2004)",2004-02-03,2022-06-28,MoEF / FAC,">40, or any mining",to Stage-I (sum),300,calendar,sum of the two steps above,https://faolex.fao.org/docs/pdf/ind61558.pdf,2026-09-27
"Forest (Conservation) Rules 2022 (28 Jun 2022), Schedule II",2022-06-28,2023-11-30,project screening committee,>5 to 40,screening (not mining),60,working,counted from final submission accepted by the PSC,https://cpc.parivesh.nic.in/writereaddata/FCRule2022Notificationdated28062022.pdf,2026-09-27
"Forest (Conservation) Rules 2022 (28 Jun 2022), Schedule II",2022-06-28,2023-11-30,project screening committee,>5 to 40,screening (mining),75,working,counted from final submission accepted by the PSC,https://cpc.parivesh.nic.in/writereaddata/FCRule2022Notificationdated28062022.pdf,2026-09-27
"Forest (Conservation) Rules 2022 (28 Jun 2022), Schedule II",2022-06-28,2023-11-30,project screening committee,>40 to 100,screening (not mining),75,working,counted from final submission accepted by the PSC,https://cpc.parivesh.nic.in/writereaddata/FCRule2022Notificationdated28062022.pdf,2026-09-27
"Forest (Conservation) Rules 2022 (28 Jun 2022), Schedule II",2022-06-28,2023-11-30,project screening committee,>40 to 100,screening (mining),90,working,counted from final submission accepted by the PSC,https://cpc.parivesh.nic.in/writereaddata/FCRule2022Notificationdated28062022.pdf,2026-09-27
"Forest (Conservation) Rules 2022 (28 Jun 2022), Schedule II",2022-06-28,2023-11-30,project screening committee,>100,screening (not mining),120,working,counted from final submission accepted by the PSC,https://cpc.parivesh.nic.in/writereaddata/FCRule2022Notificationdated28062022.pdf,2026-09-27
"Forest (Conservation) Rules 2022 (28 Jun 2022), Schedule II",2022-06-28,2023-11-30,project screening committee,>100,screening (mining),150,working,counted from final submission accepted by the PSC,https://cpc.parivesh.nic.in/writereaddata/FCRule2022Notificationdated28062022.pdf,2026-09-27
"Forest (Conservation) Rules 2022 (28 Jun 2022), Schedule II",2022-06-28,2023-11-30,project screening committee,<=5,screening (rule 9(4)(j) cases),30,working,Note 3: 45 working days for mining and 30 for other proposals up to 5 ha,https://cpc.parivesh.nic.in/writereaddata/FCRule2022Notificationdated28062022.pdf,2026-09-27
"Van (Sanrakshan Evam Samvardhan) Rules 2023 (G.S.R. 869(E)), Schedule I",2023-12-01,,state level,<=5,state processing,30,working,proposals complete in all respects; excludes time spent seeking additional details,"https://thc.nic.in/Central%20Governmental%20Rules/Van%20(Sanrakshan%20Evam%20Samvardhan)%20Rules,%202023.pdf",2026-09-27
"Van (Sanrakshan Evam Samvardhan) Rules 2023 (G.S.R. 869(E)), Schedule I",2023-12-01,,regional office,<=5,to in-principle (Stage-I),45,working,state level plus regional office (Total A+B),"https://thc.nic.in/Central%20Governmental%20Rules/Van%20(Sanrakshan%20Evam%20Samvardhan)%20Rules,%202023.pdf",2026-09-27
"Van (Sanrakshan Evam Samvardhan) Rules 2023 (G.S.R. 869(E)), Schedule I",2023-12-01,,MoEFCC,<=5,to in-principle (Stage-I),85,working,"state level plus MoEFCC (Total A+C); the 2025 amendment (G.S.R. 593(E), 31 Aug 2025) sets 80","https://thc.nic.in/Central%20Governmental%20Rules/Van%20(Sanrakshan%20Evam%20Samvardhan)%20Rules,%202023.pdf",2026-09-27
"Van (Sanrakshan Evam Samvardhan) Rules 2023 (G.S.R. 869(E)), Schedule I",2023-12-01,,state level,>5 to 40,state processing,70,working,proposals complete in all respects; excludes time spent seeking additional details,"https://thc.nic.in/Central%20Governmental%20Rules/Van%20(Sanrakshan%20Evam%20Samvardhan)%20Rules,%202023.pdf",2026-09-27
"Van (Sanrakshan Evam Samvardhan) Rules 2023 (G.S.R. 869(E)), Schedule I",2023-12-01,,regional office,>5 to 40,to in-principle (Stage-I),105,working,state level plus regional office (Total A+B),"https://thc.nic.in/Central%20Governmental%20Rules/Van%20(Sanrakshan%20Evam%20Samvardhan)%20Rules,%202023.pdf",2026-09-27
"Van (Sanrakshan Evam Samvardhan) Rules 2023 (G.S.R. 869(E)), Schedule I",2023-12-01,,MoEFCC,>5 to 40,to in-principle (Stage-I),120,working,state level plus MoEFCC (Total A+C),"https://thc.nic.in/Central%20Governmental%20Rules/Van%20(Sanrakshan%20Evam%20Samvardhan)%20Rules,%202023.pdf",2026-09-27
"Van (Sanrakshan Evam Samvardhan) Rules 2023 (G.S.R. 869(E)), Schedule I",2023-12-01,,state level,>40 to 100,state processing,70,working,proposals complete in all respects; excludes time spent seeking additional details,"https://thc.nic.in/Central%20Governmental%20Rules/Van%20(Sanrakshan%20Evam%20Samvardhan)%20Rules,%202023.pdf",2026-09-27
"Van (Sanrakshan Evam Samvardhan) Rules 2023 (G.S.R. 869(E)), Schedule I",2023-12-01,,regional office,>40 to 100,to in-principle (Stage-I),120,working,state level plus regional office (Total A+B),"https://thc.nic.in/Central%20Governmental%20Rules/Van%20(Sanrakshan%20Evam%20Samvardhan)%20Rules,%202023.pdf",2026-09-27
"Van (Sanrakshan Evam Samvardhan) Rules 2023 (G.S.R. 869(E)), Schedule I",2023-12-01,,MoEFCC,>40 to 100,to in-principle (Stage-I),160,working,"state level plus MoEFCC (Total A+C); the 2025 amendment (G.S.R. 593(E), 31 Aug 2025) sets 130","https://thc.nic.in/Central%20Governmental%20Rules/Van%20(Sanrakshan%20Evam%20Samvardhan)%20Rules,%202023.pdf",2026-09-27
"Van (Sanrakshan Evam Samvardhan) Rules 2023 (G.S.R. 869(E)), Schedule I",2023-12-01,,state level,>100,state processing,100,working,proposals complete in all respects; excludes time spent seeking additional details,"https://thc.nic.in/Central%20Governmental%20Rules/Van%20(Sanrakshan%20Evam%20Samvardhan)%20Rules,%202023.pdf",2026-09-27
"Van (Sanrakshan Evam Samvardhan) Rules 2023 (G.S.R. 869(E)), Schedule I",2023-12-01,,regional office,>100,to in-principle (Stage-I),150,working,state level plus regional office (Total A+B),"https://thc.nic.in/Central%20Governmental%20Rules/Van%20(Sanrakshan%20Evam%20Samvardhan)%20Rules,%202023.pdf",2026-09-27
"Van (Sanrakshan Evam Samvardhan) Rules 2023 (G.S.R. 869(E)), Schedule I",2023-12-01,,MoEFCC,>100,to in-principle (Stage-I),160,working,state level plus MoEFCC (Total A+C),"https://thc.nic.in/Central%20Governmental%20Rules/Van%20(Sanrakshan%20Evam%20Samvardhan)%20Rules,%202023.pdf",2026-09-27
"Van (Sanrakshan Evam Samvardhan) Rules 2023 (G.S.R. 869(E)), Schedule I",2023-12-01,,state and central,any,final approval (Stage-II),45,working,state level 25 plus regional office / MoEFCC 20,"https://thc.nic.in/Central%20Governmental%20Rules/Van%20(Sanrakshan%20Evam%20Samvardhan)%20Rules,%202023.pdf",2026-09-27
"Van (Sanrakshan Evam Samvardhan) Rules 2023 (G.S.R. 869(E)), Schedule I",2023-12-01,,project screening committee,any,user agency reply to a shortcoming,90,calendar,rule 9: a proposal not re-submitted within ninety days stands de-listed,"https://thc.nic.in/Central%20Governmental%20Rules/Van%20(Sanrakshan%20Evam%20Samvardhan)%20Rules,%202023.pdf",2026-09-27
"Van (Sanrakshan Evam Samvardhan) Rules 2023 (G.S.R. 869(E)), rule 11(10)",2023-12-01,2025-08-30,state compliance,any,Stage-I validity while compliance is awaited,730,calendar,rule 11(10): an in-principle approval whose compliance the state has not sent for more than two years is deemed null and void,"https://thc.nic.in/Central%20Governmental%20Rules/Van%20(Sanrakshan%20Evam%20Samvardhan)%20Rules,%202023.pdf",2026-09-27
"Van (Sanrakshan Evam Samvardhan) Rules 2023 (G.S.R. 869(E)), rule 11(10)",2025-08-31,,state compliance,any,Stage-I validity while compliance is awaited,1826,calendar,rule 11(10) as amended by G.S.R. 593(E) of 31 Aug 2025: after five years the in-principle (Stage-I) approval may be revoked,"https://thc.nic.in/Central%20Governmental%20Rules/Van%20(Sanrakshan%20Evam%20Samvardhan)%20Rules,%202023.pdf",2026-09-27
