project_key,proposal_no,reason,candidate_rule,reviewed_on,reviewed_by
PRJ-000059,FP/KA/RAIL/19023/2016,same named rail line and work (Hubli-Ankola new line),name tokens,2026-09-28,"hand review of 1,312 automatic candidates (name, place, NH, km, category, state)"
PRJ-000164,FP/OR/RAIL/18705/2016,"same named rail line and work (Khurda Road-Bolangir, km 36-112)",name tokens,2026-09-28,"hand review of 1,312 automatic candidates (name, place, NH, km, category, state)"
PRJ-000164,FP/OR/RAIL/29907/2017,"same named rail line and work (Khurda Road-Bolangir, km 238-289)",name tokens,2026-09-28,"hand review of 1,312 automatic candidates (name, place, NH, km, category, state)"
PRJ-000164,FP/OR/RAIL/32565/2018,"same named rail line and work (Khurda Road-Bolangir, km 180-238)",name tokens,2026-09-28,"hand review of 1,312 automatic candidates (name, place, NH, km, category, state)"
PRJ-000164,FP/OR/RAIL/45694/2020,"same named rail line and work (Khurda Road-Bolangir, km 112-180)",name tokens,2026-09-28,"hand review of 1,312 automatic candidates (name, place, NH, km, category, state)"
PRJ-000298,FP/MH/RAIL/155446/2022,same named rail line and work (Lonand-Baramati new line),name tokens,2026-09-28,"hand review of 1,312 automatic candidates (name, place, NH, km, category, state)"
PRJ-000366,FP/OR/RAIL/23845/2017,same named rail line and work (Talcher-Bimlagarh new line),name tokens,2026-09-28,"hand review of 1,312 automatic candidates (name, place, NH, km, category, state)"
PRJ-000647,FP/OR/MIN/155017/2022 View for Rediversion,same named mine (Bhubaneswari OCP; the proposal names no phase),name tokens,2026-09-28,"hand review of 1,312 automatic candidates (name, place, NH, km, category, state)"
PRJ-000726,FP/BR/RAIL/153523/2022,same named rail line and work (Araria-Galgalia new line),name tokens,2026-09-28,"hand review of 1,312 automatic candidates (name, place, NH, km, category, state)"
PRJ-000763,FP/OR/MIN/50293/2020,same named mine (Kulda expansion OCP),name tokens,2026-09-28,"hand review of 1,312 automatic candidates (name, place, NH, km, category, state)"
PRJ-001205,FP/JH/MIN/13371/2015,same named mine (Purnadih OCP),name tokens,2026-09-28,"hand review of 1,312 automatic candidates (name, place, NH, km, category, state)"
PRJ-001227,FP/HR/ROAD/12513/2015,same six-laning (Panipat-Jalandhar NH-1),name tokens,2026-09-28,"hand review of 1,312 automatic candidates (name, place, NH, km, category, state)"
PRJ-001588,FP/MH/RAIL/29809/2017,same named rail line and work (Wardha-Yavatmal-Pusad-Nanded),name tokens,2026-09-28,"hand review of 1,312 automatic candidates (name, place, NH, km, category, state)"
PRJ-001588,FP/MH/RAIL/49628/2020,same named rail line and work (Wardha-Yavatmal-Pusad-Nanded),name tokens,2026-09-28,"hand review of 1,312 automatic candidates (name, place, NH, km, category, state)"
PRJ-001588,FP/MH/RAIL/6560/2014,same named rail line and work (Wardha-Nanded new line),name tokens,2026-09-28,"hand review of 1,312 automatic candidates (name, place, NH, km, category, state)"
PRJ-001589,FP/MH/RAIL/41780/2019,same named rail line and work (Kalyan-Kasara 3rd line),name tokens,2026-09-28,"hand review of 1,312 automatic candidates (name, place, NH, km, category, state)"
PRJ-001618,FP/KA/RAIL/37496/2018,same named rail line and work (Bagalkot-Kudachi new line),name tokens,2026-09-28,"hand review of 1,312 automatic candidates (name, place, NH, km, category, state)"
PRJ-001630,FP/HR/RAIL/154976/2022,same named rail line and work (Rohtak-Meham-Hansi new line),name tokens,2026-09-28,"hand review of 1,312 automatic candidates (name, place, NH, km, category, state)"
PRJ-001630,FP/HR/RAIL/29117/2017,same named rail line and work (Rohtak-Meham-Hansi new line),name tokens,2026-09-28,"hand review of 1,312 automatic candidates (name, place, NH, km, category, state)"
PRJ-001639,FP/DL/RAIL/120077/2021,same named rail line and work (Tilak Bridge-Anand Vihar 3rd/4th line),name tokens,2026-09-28,"hand review of 1,312 automatic candidates (name, place, NH, km, category, state)"
PRJ-001655,FP/KA/RAIL/30650/2017,same named rail line and work (Gadag-Wadi new line),name tokens,2026-09-28,"hand review of 1,312 automatic candidates (name, place, NH, km, category, state)"
PRJ-001680,FP/CG/MIN/16237/2015,"same named mine and capacity (Chhal OC Seam III 6 MTY), phase 1 area",name tokens,2026-09-28,"hand review of 1,312 automatic candidates (name, place, NH, km, category, state)"
PRJ-001680,FP/CG/MIN/39334/2019,"same named mine and capacity (Chhal OC Seam III 6 MTY), 2019 area",name tokens,2026-09-28,"hand review of 1,312 automatic candidates (name, place, NH, km, category, state)"
PRJ-001706,FP/OR/RAIL/22426/2016,same named rail line and work (Talcher-Sambalpur doubling),name tokens,2026-09-28,"hand review of 1,312 automatic candidates (name, place, NH, km, category, state)"
PRJ-001732,FP/OR/MIN/32796/2018,same named mine (Siarmal OCP),name tokens,2026-09-28,"hand review of 1,312 automatic candidates (name, place, NH, km, category, state)"
PRJ-001816,FP/BR/SubStation/44175/2020,ancillary works of the same plant (BRBCL Nabinagar TPP make-up water),name tokens,2026-09-28,"hand review of 1,312 automatic candidates (name, place, NH, km, category, state)"
PRJ-001840,FP/HR/RAIL/14973/2015,"same corridor (Rohtak-Bhiwani rail line, 2015; the proposal does not say doubling)",name tokens,2026-09-28,"hand review of 1,312 automatic candidates (name, place, NH, km, category, state)"
PRJ-001840,FP/HR/RAIL/14987/2015,"same corridor (Rohtak-Bhiwani rail line, 2015; the proposal does not say doubling)",name tokens,2026-09-28,"hand review of 1,312 automatic candidates (name, place, NH, km, category, state)"
PRJ-001868,FP/TG/ROAD/12328/2015,a stretch (km 25.8-26.4) inside the same section (Hyderabad-Dindi NH-765 km 23-108),name tokens,2026-09-28,"hand review of 1,312 automatic candidates (name, place, NH, km, category, state)"
PRJ-001868,FP/TG/ROAD/12613/2015,a stretch (km 52.5-55.6) inside the same section (Hyderabad-Dindi NH-765 km 23-108),name tokens,2026-09-28,"hand review of 1,312 automatic candidates (name, place, NH, km, category, state)"
PRJ-001890,FP/AP/ROAD/26324/2017,same NH and km section (NH-67 km 589-641 Mydukur-Dornala),NH and name tokens,2026-09-28,"hand review of 1,312 automatic candidates (name, place, NH, km, category, state)"
PRJ-001891,FP/AP/ROAD/19123/2016,same NH and km section (NH-67 km 695-742 Atmakur-Nellore),NH and name tokens,2026-09-28,"hand review of 1,312 automatic candidates (name, place, NH, km, category, state)"
PRJ-001899,FP/AP/ROAD/17950/2016,same NH and km section (NH-565 km 294-361 Vaggampalle-Dornala),NH and name tokens,2026-09-28,"hand review of 1,312 automatic candidates (name, place, NH, km, category, state)"
PRJ-001899,FP/AP/ROAD/18708/2016,same NH and km section (NH-565 km 294-361 Vaggampalle-Dornala),NH and name tokens,2026-09-28,"hand review of 1,312 automatic candidates (name, place, NH, km, category, state)"
PRJ-001900,FP/AP/ROAD/22943/2016,same NH and km section (NH-67 km 641-695 Dornala-Atmakur),NH and name tokens,2026-09-28,"hand review of 1,312 automatic candidates (name, place, NH, km, category, state)"
PRJ-001936,FP/AP/ROAD/17576/2016,same NH and km section (NH-565 km 425-509 Penchalakona-Yerpedu),NH and name tokens,2026-09-28,"hand review of 1,312 automatic candidates (name, place, NH, km, category, state)"
PRJ-001937,FP/AP/ROAD/19123/2016,same NH and km section (NH-67 km 695-742 Atmakur-Nellore),NH and name tokens,2026-09-28,"hand review of 1,312 automatic candidates (name, place, NH, km, category, state)"
PRJ-001938,FP/AP/ROAD/19123/2016,same NH and km section (NH-67 km 695-742 Atmakur-Nellore),NH and name tokens,2026-09-28,"hand review of 1,312 automatic candidates (name, place, NH, km, category, state)"
PRJ-001952,FP/AP/ROAD/19123/2016,same NH and km section (NH-67 km 695-742 Atmakur-Nellore),NH and name tokens,2026-09-28,"hand review of 1,312 automatic candidates (name, place, NH, km, category, state)"
PRJ-001956,FP/PB/ROAD/18634/2016,same widening (Zirakpur-Patiala NH-64),NH and name tokens,2026-09-28,"hand review of 1,312 automatic candidates (name, place, NH, km, category, state)"
PRJ-001979,FP/SK/ROAD/12773/2015,same road (Melli-Manpur-Namchi),name tokens,2026-09-28,"hand review of 1,312 automatic candidates (name, place, NH, km, category, state)"
PRJ-001979,FP/SK/ROAD/19156/2016,"same road (Melli-Manpur-Namchi, 32 km)",name tokens,2026-09-28,"hand review of 1,312 automatic candidates (name, place, NH, km, category, state)"
PRJ-001979,FP/SK/ROAD/31274/2018,muck-disposal land along the same road (Melli-Manpur-Namchi),name tokens,2026-09-28,"hand review of 1,312 automatic candidates (name, place, NH, km, category, state)"
PRJ-001987,FP/AS/ROAD/16713/2015,same four-laning (Gohpur-Holongi),NH and name tokens,2026-09-28,"hand review of 1,312 automatic candidates (name, place, NH, km, category, state)"
PRJ-001994,FP/TR/ROAD/16112/2015,same NH and km section (Udaipur-Sabroom NH-44 from km 55; dropped),name tokens,2026-09-28,"hand review of 1,312 automatic candidates (name, place, NH, km, category, state)"
PRJ-001997,FP/MH/ROAD/27029/2017,same NH and km section (end of Ahmednagar bypass to Kharwandi Kasar NH-222 km 232-284; dropped),NH and name tokens,2026-09-28,"hand review of 1,312 automatic candidates (name, place, NH, km, category, state)"
PRJ-002001,FP/UP/ROAD/19199/2016,the toll plaza (km 12.6) of the same strengthening project (NH-96/330),NH and name tokens,2026-09-28,"hand review of 1,312 automatic candidates (name, place, NH, km, category, state)"
PRJ-002004,FP/TN/ROAD/43112/2019,same section (Karaikudi-Ramanathapuram),name tokens,2026-09-28,"hand review of 1,312 automatic candidates (name, place, NH, km, category, state)"
PRJ-002009,FP/HR/ROAD/18568/2016,corridor-wide proposal for the same four-laning (Hisar-Dabwali NH-10 km 170-314.7),name tokens,2026-09-28,"hand review of 1,312 automatic candidates (name, place, NH, km, category, state)"
PRJ-002025,FP/OR/ROAD/14654/2015,same section (Talcher-Dubari-Chandikhole NH-200),NH and name tokens,2026-09-28,"hand review of 1,312 automatic candidates (name, place, NH, km, category, state)"
PRJ-002025,FP/OR/ROAD/24576/2017,same section (Talcher-Dubari-Chandikhole NH-200),NH and name tokens,2026-09-28,"hand review of 1,312 automatic candidates (name, place, NH, km, category, state)"
PRJ-002038,FP/BR/ROAD/28585/2017,same section (Birpur-Bihpur NH-106),NH and name tokens,2026-09-28,"hand review of 1,312 automatic candidates (name, place, NH, km, category, state)"
PRJ-002041,FP/PB/ROAD/29454/2017,the toll plaza of the same four-laning (Shahkot-Moga NH-71/703),NH and name tokens,2026-09-28,"hand review of 1,312 automatic candidates (name, place, NH, km, category, state)"
PRJ-002045,FP/ML/ROAD/23177/2016,same section (Shillong-Nongstoin NH-44E and Nongstoin-Tura road),NH and name tokens,2026-09-28,"hand review of 1,312 automatic candidates (name, place, NH, km, category, state)"
PRJ-002052,FP/UP/ROAD/23394/2016,same NH and km section (Barabanki-Jarwal NH-28C km 0-43),NH and name tokens,2026-09-28,"hand review of 1,312 automatic candidates (name, place, NH, km, category, state)"
PRJ-002054,FP/MP/ROAD/121373/2021,same four-laning (Sidhi-Singrauli NH-75E),NH and name tokens,2026-09-28,"hand review of 1,312 automatic candidates (name, place, NH, km, category, state)"
PRJ-002069,FP/OR/ROAD/17128/2015,same section (NH-149 Pallahara-Pitri),NH and name tokens,2026-09-28,"hand review of 1,312 automatic candidates (name, place, NH, km, category, state)"
PRJ-002070,FP/UP/ROAD/138464/2021,same NH and km section (Sonauli-Gorakhpur NH-29E km 0-81.2),NH and name tokens,2026-09-28,"hand review of 1,312 automatic candidates (name, place, NH, km, category, state)"
PRJ-002073,FP/AR/ROAD/28950/2017,ancillary muck-disposal area of the same road section (Pasighat-Pangin km 0-20),name tokens,2026-09-28,"hand review of 1,312 automatic candidates (name, place, NH, km, category, state)"
PRJ-002077,FP/OR/ROAD/148087/2021,"a stretch (km 229-236.6, Similipal buffer) of the same four-laning (Baharagora-Singhara)",name tokens,2026-09-28,"hand review of 1,312 automatic candidates (name, place, NH, km, category, state)"
PRJ-002080,FP/AS/ROAD/16713/2015,same four-laning (Gohpur-Holongi),NH and name tokens,2026-09-28,"hand review of 1,312 automatic candidates (name, place, NH, km, category, state)"
PRJ-002093,FP/HR/ROAD/31508/2018,"same package (Ambala-Kaithal section 1, NH-65)",name tokens,2026-09-28,"hand review of 1,312 automatic candidates (name, place, NH, km, category, state)"
PRJ-002098,FP/HR/ROAD/21222/2016,"same package (Ambala-Kaithal NH-65 km 50.9-95.4, Pehowa-Kaithal = package 2)",name tokens,2026-09-28,"hand review of 1,312 automatic candidates (name, place, NH, km, category, state)"
PRJ-002098,FP/HR/ROAD/21228/2016,"same package (Ambala-Kaithal NH-65 km 50.9-95.4, Pehowa-Kaithal = package 2)",name tokens,2026-09-28,"hand review of 1,312 automatic candidates (name, place, NH, km, category, state)"
PRJ-002106,FP/HR/ROAD/7906/2014,same four-laning (Rohtak-Hisar NH-10 km 87-170),name tokens,2026-09-28,"hand review of 1,312 automatic candidates (name, place, NH, km, category, state)"
PRJ-002106,FP/HR/ROAD/7913/2014,same four-laning (Rohtak-Hisar NH-10 km 87-170),name tokens,2026-09-28,"hand review of 1,312 automatic candidates (name, place, NH, km, category, state)"
PRJ-002106,FP/HR/ROAD/7932/2014,same four-laning (Rohtak-Hisar NH-10 km 87-170),name tokens,2026-09-28,"hand review of 1,312 automatic candidates (name, place, NH, km, category, state)"
PRJ-002107,FP/MP/ROAD/36342/2018,a stretch (km 8.3-20.7) of the same four-laning (Obedullaganj-Betul NH-69),name tokens,2026-09-28,"hand review of 1,312 automatic candidates (name, place, NH, km, category, state)"
PRJ-002112,FP/KA/ROAD/33150/2018,same four-laning (Goa/Karnataka border-Kundapur NH-66),name tokens,2026-09-28,"hand review of 1,312 automatic candidates (name, place, NH, km, category, state)"
PRJ-002112,FP/KA/ROAD/34601/2018,same four-laning (Goa/Karnataka border-Kundapur NH-66),name tokens,2026-09-28,"hand review of 1,312 automatic candidates (name, place, NH, km, category, state)"
PRJ-002112,FP/KA/ROAD/45169/2020,a bypass inside the project's section (Kumta bypass km 172.8-180.5 of NH-66),name tokens,2026-09-28,"hand review of 1,312 automatic candidates (name, place, NH, km, category, state)"
PRJ-002125,FP/PB/ROAD/15445/2015,"same work (Amritsar bypass structures and service roads, km 448.5-473.1)",NH and name tokens,2026-09-28,"hand review of 1,312 automatic candidates (name, place, NH, km, category, state)"
PRJ-002128,FP/HP/ROAD/35837/2018,ancillary muck-disposal land of the same four-laning (Parwanoo-Solan NH-5),name tokens,2026-09-28,"hand review of 1,312 automatic candidates (name, place, NH, km, category, state)"
PRJ-002133,FP/PB/ROAD/9516/2015,same four-laning (Kharar-Kurali NH-21/205),NH and name tokens,2026-09-28,"hand review of 1,312 automatic candidates (name, place, NH, km, category, state)"
PRJ-002136,FP/HR/ROAD/17398/2016,same four-laning (Kaithal-Rajasthan border NH-65/152),name tokens,2026-09-28,"hand review of 1,312 automatic candidates (name, place, NH, km, category, state)"
PRJ-002141,FP/HR/ROAD/18568/2016,corridor-wide proposal for the same four-laning (Hisar-Dabwali NH-10 km 170-314.7),name tokens,2026-09-28,"hand review of 1,312 automatic candidates (name, place, NH, km, category, state)"
PRJ-002143,FP/MP/ROAD/29516/2017,same widening (Gwalior-Shivpuri NH-3; the proposal was dropped),name tokens,2026-09-28,"hand review of 1,312 automatic candidates (name, place, NH, km, category, state)"
PRJ-002147,FP/UP/ROAD/32361/2018,corridor-wide proposal for the same four-laning (Ghaghra bridge-Varanasi NH-233; dropped),name tokens,2026-09-28,"hand review of 1,312 automatic candidates (name, place, NH, km, category, state)"
PRJ-002148,FP/UP/ROAD/32361/2018,corridor-wide proposal for the same four-laning (Ghaghra bridge-Varanasi NH-233; dropped),name tokens,2026-09-28,"hand review of 1,312 automatic candidates (name, place, NH, km, category, state)"
PRJ-002152,FP/PB/ROAD/11670/2015,same four-laning (Chandigarh-Kharar NH-21/5),name tokens,2026-09-28,"hand review of 1,312 automatic candidates (name, place, NH, km, category, state)"
PRJ-002220,FP/MH/MIN/17443/2016,same named mine (Bhatadi expansion),name tokens,2026-09-28,"hand review of 1,312 automatic candidates (name, place, NH, km, category, state)"
PRJ-002234,FP/MP/RAIL/39172/2019,same named rail line and work (Katni-Singrauli doubling; also named in the report remarks),name tokens,2026-09-28,"hand review of 1,312 automatic candidates (name, place, NH, km, category, state)"
PRJ-002240,FP/MH/RAIL/143194/2021,same named rail line and work (Pune-Miraj doubling),name tokens,2026-09-28,"hand review of 1,312 automatic candidates (name, place, NH, km, category, state)"
PRJ-002241,FP/MH/RAIL/147694/2021,a named part of the same doubling (Ranjangaon-Ukhalgaon of Daund-Manmad),name tokens,2026-09-28,"hand review of 1,312 automatic candidates (name, place, NH, km, category, state)"
PRJ-002249,FP/AP/RAIL/147706/2021,"same named rail line and work (Guntur-Guntakal doubling, Nandyal/Giddalur divisions)",name tokens,2026-09-28,"hand review of 1,312 automatic candidates (name, place, NH, km, category, state)"
PRJ-002249,FP/AP/RAIL/149334/2021,"same named rail line and work (Guntur-Guntakal doubling, Dhone)",name tokens,2026-09-28,"hand review of 1,312 automatic candidates (name, place, NH, km, category, state)"
PRJ-002249,FP/AP/RAIL/154617/2022,"same named rail line and work (Guntur-Guntakal doubling, Konidedu/Panyam)",name tokens,2026-09-28,"hand review of 1,312 automatic candidates (name, place, NH, km, category, state)"
PRJ-002273,FP/UP/ROAD/34548/2018,"same four-laning (Meerut-Bulandshahr NH-235 km 8.8-66.5, left-out portion)",name tokens,2026-09-28,"hand review of 1,312 automatic candidates (name, place, NH, km, category, state)"
PRJ-002277,FP/UP/ROAD/33387/2018,same section (Aligarh-Moradabad NH-93),name tokens,2026-09-28,"hand review of 1,312 automatic candidates (name, place, NH, km, category, state)"
PRJ-002296,FP/UP/ROAD/17752/2016,the proposal's Roorkee-Chutmalpur-Saharanpur-UP/Haryana border NH-73 contains the project's section,NH and name tokens,2026-09-28,"hand review of 1,312 automatic candidates (name, place, NH, km, category, state)"
PRJ-002297,FP/UP/ROAD/41186/2019,same four-laning (Haridwar-Nagina-Kashipur NH-74),NH and name tokens,2026-09-28,"hand review of 1,312 automatic candidates (name, place, NH, km, category, state)"
PRJ-002298,FP/UP/ROAD/41186/2019,same four-laning (Haridwar-Nagina-Kashipur NH-74),NH and name tokens,2026-09-28,"hand review of 1,312 automatic candidates (name, place, NH, km, category, state)"
PRJ-002313,FP/BR/ROAD/26383/2017,same NH and km section (Bhagalpur bypass NH-80 km 124.2-140),NH and name tokens,2026-09-28,"hand review of 1,312 automatic candidates (name, place, NH, km, category, state)"
PRJ-002367,FP/UK/RAIL/14375/2015,"same named rail line and work (Rishikesh-Karnaprayag, part I)",name tokens,2026-09-28,"hand review of 1,312 automatic candidates (name, place, NH, km, category, state)"
PRJ-002367,FP/UK/RAIL/16947/2015,"same named rail line and work (Rishikesh-Karnaprayag, part II)",name tokens,2026-09-28,"hand review of 1,312 automatic candidates (name, place, NH, km, category, state)"
PRJ-002371,FP/OR/RAIL/37351/2018,same named rail line and work (Sambalpur-Titlagarh doubling),name tokens,2026-09-28,"hand review of 1,312 automatic candidates (name, place, NH, km, category, state)"
PRJ-002392,FP/KA/ROAD/21030/2016,same four/six-laning (Hubli-Hospet NH-63),NH and name tokens,2026-09-28,"hand review of 1,312 automatic candidates (name, place, NH, km, category, state)"
PRJ-002407,FP/OR/ROAD/9955/2015,same NH and km section (Angul-Sambalpur NH-42 km 112-265),name tokens,2026-09-28,"hand review of 1,312 automatic candidates (name, place, NH, km, category, state)"
PRJ-002459,FP/OR/ROAD/17128/2015,same section (NH-149 Pallahara-Pitri),NH and name tokens,2026-09-28,"hand review of 1,312 automatic candidates (name, place, NH, km, category, state)"
PRJ-002510,FP/MH/ROAD/34842/2018,same NH and km section (Bodhre-Dhule NH-211 km 390-452.8),name tokens,2026-09-28,"hand review of 1,312 automatic candidates (name, place, NH, km, category, state)"
PRJ-002526,FP/UP/ROAD/21705/2016,same six-laning (Handia-Rajatalab/Varanasi NH-2),NH and name tokens,2026-09-28,"hand review of 1,312 automatic candidates (name, place, NH, km, category, state)"
PRJ-002548,FP/AR/ROAD/43898/2020,the proposal's Hunli-Anini km 23.8-138 covers the project's km 106-120,name tokens,2026-09-28,"hand review of 1,312 automatic candidates (name, place, NH, km, category, state)"
PRJ-002554,FP/AR/ROAD/21619/2016,Joram-Koloriang NH-713 existing km 50-70 covers the project's design km 44-59,NH and name tokens,2026-09-28,"hand review of 1,312 automatic candidates (name, place, NH, km, category, state)"
PRJ-002555,FP/AR/ROAD/21621/2016,Joram-Koloriang NH-713 km 138-158 covers the project's design km 138-154,NH and name tokens,2026-09-28,"hand review of 1,312 automatic candidates (name, place, NH, km, category, state)"
PRJ-002565,FP/GJ/ROAD/33385/2018,same section (Porbandar-Dwarka NH-8E),name tokens,2026-09-28,"hand review of 1,312 automatic candidates (name, place, NH, km, category, state)"
PRJ-002565,FP/GJ/ROAD/34092/2018,same section (Porbandar-Dwarka NH-8E),name tokens,2026-09-28,"hand review of 1,312 automatic candidates (name, place, NH, km, category, state)"
PRJ-002594,FP/TN/ROAD/9818/2015,same four-laning (Nagercoil-Kavalkinaru NH-47B),name tokens,2026-09-28,"hand review of 1,312 automatic candidates (name, place, NH, km, category, state)"
PRJ-002644,FP/OR/ROAD/9123/2015,corridor-wide proposal for the same four-laning (Cuttack-Angul NH-42/55),NH and name tokens,2026-09-28,"hand review of 1,312 automatic candidates (name, place, NH, km, category, state)"
PRJ-002650,FP/UP/ROAD/39712/2019,the same additional facilities (km 103-113.5) on the Meerut-Muzaffarnagar NH-58 four-lane,NH and name tokens,2026-09-28,"hand review of 1,312 automatic candidates (name, place, NH, km, category, state)"
PRJ-002695,FP/MP/RAIL/16724/2015,same named rail line and work (Chhindwara-Nainpur-Mandla Fort gauge conversion),name tokens,2026-09-28,"hand review of 1,312 automatic candidates (name, place, NH, km, category, state)"
PRJ-002696,FP/BR/ROAD/28636/2017,the proposal's NH-107 packages I-II (km 0-178) contain the project's package I (km 0-90),NH and name tokens,2026-09-28,"hand review of 1,312 automatic candidates (name, place, NH, km, category, state)"
PRJ-002698,FP/JH/ROAD/16883/2015,same NH and km section (Barhi-Koderma NH-31 km 0-27.7),NH and name tokens,2026-09-28,"hand review of 1,312 automatic candidates (name, place, NH, km, category, state)"
PRJ-002700,FP/MP/ROAD/30503/2017,"same NH and km section (delinked NH-7 km 624.5-653.2, Mohgaon-Khawasa)",NH and name tokens,2026-09-28,"hand review of 1,312 automatic candidates (name, place, NH, km, category, state)"
PRJ-002702,FP/MH/ROAD/16793/2015,same four-laning (Aurangabad-Karodi NH-211),name tokens,2026-09-28,"hand review of 1,312 automatic candidates (name, place, NH, km, category, state)"
PRJ-002709,FP/OR/ROAD/9123/2015,corridor-wide proposal for the same four-laning (Cuttack-Angul NH-42/55),name tokens,2026-09-28,"hand review of 1,312 automatic candidates (name, place, NH, km, category, state)"
PRJ-002771,FP/MP/MIN/39881/2019,same named mine and capacity (Jhiria West 1.5 MTY),name tokens,2026-09-28,"hand review of 1,312 automatic candidates (name, place, NH, km, category, state)"
PRJ-002772,FP/OR/MIN/39355/2019,same named mine (Integrated Lakhanpur-Belpahar-Lilari),name tokens,2026-09-28,"hand review of 1,312 automatic candidates (name, place, NH, km, category, state)"
PRJ-002773,FP/JH/MIN/150657/2021,same named mine (Chitra East OCP),name tokens,2026-09-28,"hand review of 1,312 automatic candidates (name, place, NH, km, category, state)"
PRJ-002779,FP/MP/MIN/123539/2021,same named mine (Vishnupuri UG to OC),name tokens,2026-09-28,"hand review of 1,312 automatic candidates (name, place, NH, km, category, state)"
PRJ-002835,FP/OR/Pipeline/38008/2019,same pipeline (Paradip-Somnathpur-Haldia),name tokens,2026-09-28,"hand review of 1,312 automatic candidates (name, place, NH, km, category, state)"
PRJ-002884,FP/BR/Pipeline/50917/2020,same pipeline (Muzaffarpur-Motihari LPG),name tokens,2026-09-28,"hand review of 1,312 automatic candidates (name, place, NH, km, category, state)"
PRJ-002953,FP/UP/RAIL/146900/2021,"same named rail line and work (3rd line in Gonda/Bahraich, Burhwal-Gonda)",name tokens,2026-09-28,"hand review of 1,312 automatic candidates (name, place, NH, km, category, state)"
PRJ-002960,FP/MH/RAIL/26520/2017,same named rail line and work (Wadsa-Gadchiroli new line),name tokens,2026-09-28,"hand review of 1,312 automatic candidates (name, place, NH, km, category, state)"
PRJ-002963,FP/MP/RAIL/112436/2020,same named rail line and work (Anuppur-Katni 3rd line),name tokens,2026-09-28,"hand review of 1,312 automatic candidates (name, place, NH, km, category, state)"
PRJ-002963,FP/MP/RAIL/39965/2019,same named rail line and work (Anuppur-Katni 3rd line),name tokens,2026-09-28,"hand review of 1,312 automatic candidates (name, place, NH, km, category, state)"
PRJ-002963,FP/MP/RAIL/59180/2020,same named rail line and work (Anuppur-Katni 3rd line),name tokens,2026-09-28,"hand review of 1,312 automatic candidates (name, place, NH, km, category, state)"
PRJ-002969,FP/GJ/RAIL/48342/2020,tree felling in the alignment of the same gauge conversion (Dabhoi-Chandod),name tokens,2026-09-28,"hand review of 1,312 automatic candidates (name, place, NH, km, category, state)"
PRJ-002992,FP/SK/ROAD/42492/2019,same NH and km section (Singtam-Tar... km 0-16),name tokens,2026-09-28,"hand review of 1,312 automatic candidates (name, place, NH, km, category, state)"
PRJ-003014,FP/PB/ROAD/33671/2018,same NH and km section (Talwandi Bhai-Ferozpur NH-5 km 170.4-194),name tokens,2026-09-28,"hand review of 1,312 automatic candidates (name, place, NH, km, category, state)"
PRJ-003019,FP/UP/ROAD/45306/2020,"package 2 of the proposal is the same bypass (NH-24 extension, Behta road to Sitapur road)",NH and name tokens,2026-09-28,"hand review of 1,312 automatic candidates (name, place, NH, km, category, state)"
PRJ-003020,FP/UP/ROAD/26021/2017,same six-laning (Hapur bypass-Moradabad NH-24),name tokens,2026-09-28,"hand review of 1,312 automatic candidates (name, place, NH, km, category, state)"
PRJ-003052,FP/HR/ROAD/32807/2018,same work (Bhiwani-Mundal-Jind NH-709A design km 6.9-68.9),name tokens,2026-09-28,"hand review of 1,312 automatic candidates (name, place, NH, km, category, state)"
PRJ-003052,FP/HR/ROAD/32814/2018,same work (Bhiwani-Mundal-Jind NH-709A design km 6.9-68.9),name tokens,2026-09-28,"hand review of 1,312 automatic candidates (name, place, NH, km, category, state)"
PRJ-003052,FP/HR/ROAD/32815/2018,same work (Bhiwani-Mundal-Jind NH-709A design km 6.9-68.9),name tokens,2026-09-28,"hand review of 1,312 automatic candidates (name, place, NH, km, category, state)"
PRJ-003066,FP/MH/ROAD/148827/2021,same NH and km section (Vadape-Thane km 539.2-563),name tokens,2026-09-28,"hand review of 1,312 automatic candidates (name, place, NH, km, category, state)"
PRJ-003066,FP/MH/ROAD/36965/2018,same eight-laning (Vadape-Thane NH-3),name tokens,2026-09-28,"hand review of 1,312 automatic candidates (name, place, NH, km, category, state)"
PRJ-003067,FP/HP/ROAD/120302/2021,"same four-laning (Solan-Kaithlighat NH-5, RD km 127.5-128.3)",NH and name tokens,2026-09-28,"hand review of 1,312 automatic candidates (name, place, NH, km, category, state)"
PRJ-003067,FP/HP/ROAD/145994/2021,"same four-laning (Solan-Kaithlighat NH-5, RD km 117 and 127)",NH and name tokens,2026-09-28,"hand review of 1,312 automatic candidates (name, place, NH, km, category, state)"
PRJ-003067,FP/HP/ROAD/45384/2020,"same four-laning (Solan-Kaithlighat NH-5, RD km 112)",NH and name tokens,2026-09-28,"hand review of 1,312 automatic candidates (name, place, NH, km, category, state)"
PRJ-003071,FP/MZ/ROAD/23969/2017,the JICA NH-54 package 2 proposal (km 125-250) covers the project's km 125-166,NH and name tokens,2026-09-28,"hand review of 1,312 automatic candidates (name, place, NH, km, category, state)"
PRJ-003071,FP/MZ/ROAD/41893/2019,the JICA NH-54 package 2 proposal (km 125-250) covers the project's km 125-166,NH and name tokens,2026-09-28,"hand review of 1,312 automatic candidates (name, place, NH, km, category, state)"
PRJ-003071,FP/MZ/ROAD/43622/2019,the JICA NH-54 package 2 proposal (km 125-250) covers the project's km 125-166,NH and name tokens,2026-09-28,"hand review of 1,312 automatic candidates (name, place, NH, km, category, state)"
PRJ-003074,FP/MZ/ROAD/23969/2017,the JICA NH-54 package 2 proposal (km 125-250) covers the project's km 208-250,NH and name tokens,2026-09-28,"hand review of 1,312 automatic candidates (name, place, NH, km, category, state)"
PRJ-003074,FP/MZ/ROAD/41893/2019,the JICA NH-54 package 2 proposal (km 125-250) covers the project's km 208-250,NH and name tokens,2026-09-28,"hand review of 1,312 automatic candidates (name, place, NH, km, category, state)"
PRJ-003074,FP/MZ/ROAD/43622/2019,the JICA NH-54 package 2 proposal (km 125-250) covers the project's km 208-250,NH and name tokens,2026-09-28,"hand review of 1,312 automatic candidates (name, place, NH, km, category, state)"
PRJ-003075,FP/MZ/ROAD/23969/2017,the JICA NH-54 package 2 proposal (km 125-250) covers the project's km 166-208,NH and name tokens,2026-09-28,"hand review of 1,312 automatic candidates (name, place, NH, km, category, state)"
PRJ-003075,FP/MZ/ROAD/41893/2019,the JICA NH-54 package 2 proposal (km 125-250) covers the project's km 166-208,NH and name tokens,2026-09-28,"hand review of 1,312 automatic candidates (name, place, NH, km, category, state)"
PRJ-003075,FP/MZ/ROAD/43622/2019,the JICA NH-54 package 2 proposal (km 125-250) covers the project's km 166-208,NH and name tokens,2026-09-28,"hand review of 1,312 automatic candidates (name, place, NH, km, category, state)"
PRJ-003096,FP/MP/ROAD/51236/2020,a stretch (km 92-110) of the same road (Bameetha-Satna NH-75),NH and name tokens,2026-09-28,"hand review of 1,312 automatic candidates (name, place, NH, km, category, state)"
PRJ-003106,FP/MP/ROAD/30614/2017,same road (Maksudangarh-Sironj),name tokens,2026-09-28,"hand review of 1,312 automatic candidates (name, place, NH, km, category, state)"
PRJ-003111,FP/AS/ROAD/22913/2016,same NH and km section (Balachera-Harangajao NH-54E km 244-275),NH and name tokens,2026-09-28,"hand review of 1,312 automatic candidates (name, place, NH, km, category, state)"
PRJ-003118,FP/PB/ROAD/16345/2015,same four-laning (Jalandhar-Hoshiarpur NH-70/3),NH and name tokens,2026-09-28,"hand review of 1,312 automatic candidates (name, place, NH, km, category, state)"
PRJ-003118,FP/PB/ROAD/16477/2015,"same four-laning (Jalandhar-Hoshiarpur NH-70/3, both forest divisions)",NH and name tokens,2026-09-28,"hand review of 1,312 automatic candidates (name, place, NH, km, category, state)"
PRJ-003163,FP/AR/ROAD/21615/2016,Joram-Koloriang NH-713 km 20-51 covers the project's design km 20-32,NH and name tokens,2026-09-28,"hand review of 1,312 automatic candidates (name, place, NH, km, category, state)"
PRJ-003164,FP/AR/ROAD/21615/2016,Joram-Koloriang NH-713 km 20-51 covers the project's design km 32-44,NH and name tokens,2026-09-28,"hand review of 1,312 automatic candidates (name, place, NH, km, category, state)"
PRJ-003177,FP/TG/ROAD/39631/2019,same NH and km section (NH-353C km 25-59.2),NH and name tokens,2026-09-28,"hand review of 1,312 automatic candidates (name, place, NH, km, category, state)"
PRJ-003182,FP/TG/ROAD/41992/2019,same NH and km section (Uppal elevated corridor NH-163 km 7.95-14.2),NH and name tokens,2026-09-28,"hand review of 1,312 automatic candidates (name, place, NH, km, category, state)"
PRJ-003186,FP/BR/ROAD/25145/2017,same NH and km section (NH-2C km 0-40),NH and name tokens,2026-09-28,"hand review of 1,312 automatic candidates (name, place, NH, km, category, state)"
PRJ-003191,FP/GA/ROAD/42943/2019,same NH and km section (Patradevi-Karaswada NH-66 km 475-502.5),name tokens,2026-09-28,"hand review of 1,312 automatic candidates (name, place, NH, km, category, state)"
PRJ-003201,FP/MH/ROAD/24710/2017,same section (Nandgaon to Morshi),name tokens,2026-09-28,"hand review of 1,312 automatic candidates (name, place, NH, km, category, state)"
PRJ-003202,FP/MH/ROAD/22287/2016,same section (Morshi-Chandurbazar-Achalpur),name tokens,2026-09-28,"hand review of 1,312 automatic candidates (name, place, NH, km, category, state)"
PRJ-003206,FP/MH/ROAD/115795/2020,same section (Katol bypass end to Warud NH-353J km 60.1-101.1),name tokens,2026-09-28,"hand review of 1,312 automatic candidates (name, place, NH, km, category, state)"
PRJ-003206,FP/MH/ROAD/23003/2016,"same section before it became an NH (Katol bypass to Warud, SH-248; dropped)",name tokens,2026-09-28,"hand review of 1,312 automatic candidates (name, place, NH, km, category, state)"
PRJ-003208,FP/MH/ROAD/26861/2017,same section (Wadi to Asola NH-353I),name tokens,2026-09-28,"hand review of 1,312 automatic candidates (name, place, NH, km, category, state)"
PRJ-003213,FP/MH/ROAD/39556/2019,same section (Shahpur-Patgaon sections 1-2; dropped),name tokens,2026-09-28,"hand review of 1,312 automatic candidates (name, place, NH, km, category, state)"
PRJ-003213,FP/MH/ROAD/39684/2019,same section (Shahpur-Patgaon sections 1-2),name tokens,2026-09-28,"hand review of 1,312 automatic candidates (name, place, NH, km, category, state)"
PRJ-003214,FP/MH/ROAD/40239/2019,same section (Patgaon-Khopoli section I),name tokens,2026-09-28,"hand review of 1,312 automatic candidates (name, place, NH, km, category, state)"
PRJ-003218,FP/MH/ROAD/24814/2017,the proposal's Korchi-Deori-Amgaon-Gondia road contains Deori-Amgaon (dropped),name tokens,2026-09-28,"hand review of 1,312 automatic candidates (name, place, NH, km, category, state)"
PRJ-003218,FP/MH/ROAD/26063/2017,the proposal's Korchi-Deori-Amgaon-Gondia road contains Deori-Amgaon (dropped),name tokens,2026-09-28,"hand review of 1,312 automatic candidates (name, place, NH, km, category, state)"
PRJ-003221,FP/MH/ROAD/141730/2021,same section (Mansar-Ramtek-Salaikhurd NH-753; dropped),name tokens,2026-09-28,"hand review of 1,312 automatic candidates (name, place, NH, km, category, state)"
PRJ-003254,FP/MH/ROAD/45456/2020,same road (Washim-Dastapur),name tokens,2026-09-28,"hand review of 1,312 automatic candidates (name, place, NH, km, category, state)"
PRJ-003255,FP/MH/ROAD/47104/2020,same section (Nanded-Jalkot NH-50),name tokens,2026-09-28,"hand review of 1,312 automatic candidates (name, place, NH, km, category, state)"
PRJ-003263,FP/MH/ROAD/47112/2020,the proposal's road runs through Kundral to Wazar and the state border,name tokens,2026-09-28,"hand review of 1,312 automatic candidates (name, place, NH, km, category, state)"
PRJ-003287,FP/MH/ROAD/32901/2018,same road (Pandharpur-Sangola NH-204; dropped),name tokens,2026-09-28,"hand review of 1,312 automatic candidates (name, place, NH, km, category, state)"
PRJ-003287,FP/MH/ROAD/53479/2020,same road (Pandharpur-Sangola NH-204; re-filed),name tokens,2026-09-28,"hand review of 1,312 automatic candidates (name, place, NH, km, category, state)"
PRJ-003298,FP/MH/ROAD/47068/2020,same section (Barasgaon-Rahatee NH-61),name tokens,2026-09-28,"hand review of 1,312 automatic candidates (name, place, NH, km, category, state)"
PRJ-003306,FP/MH/ROAD/20894/2016,same road (Nashik-Peth NH-848),name tokens,2026-09-28,"hand review of 1,312 automatic candidates (name, place, NH, km, category, state)"
PRJ-003309,FP/MH/ROAD/34626/2018,"same section (Aurangabad-Sillod, section 1 of Aurangabad-Jalgaon)",name tokens,2026-09-28,"hand review of 1,312 automatic candidates (name, place, NH, km, category, state)"
PRJ-003320,FP/MH/ROAD/29294/2017,same section (Talgaon-Kalmath NH-66),name tokens,2026-09-28,"hand review of 1,312 automatic candidates (name, place, NH, km, category, state)"
PRJ-003321,FP/MH/ROAD/29169/2017,same section (Kalmath-Zarap NH-66; dropped),name tokens,2026-09-28,"hand review of 1,312 automatic candidates (name, place, NH, km, category, state)"
PRJ-003321,FP/MH/ROAD/31292/2018,same section (Kalmath-Zarap NH-66),name tokens,2026-09-28,"hand review of 1,312 automatic candidates (name, place, NH, km, category, state)"
PRJ-003333,FP/MH/ROAD/25019/2017,same section (Wardha-Arvi; dropped),name tokens,2026-09-28,"hand review of 1,312 automatic candidates (name, place, NH, km, category, state)"
PRJ-003337,FP/KA/ROAD/33965/2018,the proposal's NH-50 km 0-101.4 (Bidar) covers the project's km 54.4-101.4,NH and name tokens,2026-09-28,"hand review of 1,312 automatic candidates (name, place, NH, km, category, state)"
PRJ-003340,FP/KA/ROAD/37024/2018,same NH and km section (Huliyar-Sira NH-234 km 243.2-290.2),name tokens,2026-09-28,"hand review of 1,312 automatic candidates (name, place, NH, km, category, state)"
PRJ-003344,FP/KA/ROAD/41019/2019,same NH and km section (Mudigere-Kadur km 24.6-70.1),name tokens,2026-09-28,"hand review of 1,312 automatic candidates (name, place, NH, km, category, state)"
PRJ-003347,FP/KA/ROAD/33965/2018,the proposal's NH-50 km 0-101.4 (Bidar) covers the project's km 0-54,NH and name tokens,2026-09-28,"hand review of 1,312 automatic candidates (name, place, NH, km, category, state)"
PRJ-003348,FP/KA/ROAD/36272/2018,same NH and km section (Gulbarga-Wadi-Yadgir NH-150 km 34-70.9),NH and name tokens,2026-09-28,"hand review of 1,312 automatic candidates (name, place, NH, km, category, state)"
PRJ-003363,FP/AP/ROAD/22943/2016,same NH and km section (NH-67 km 641-695 Dornala-Atmakur),NH and name tokens,2026-09-28,"hand review of 1,312 automatic candidates (name, place, NH, km, category, state)"
PRJ-003365,FP/UP/ROAD/48751/2020,"same six-laning (Chakeri-Allahabad NH-2, additional widening)",NH and name tokens,2026-09-28,"hand review of 1,312 automatic candidates (name, place, NH, km, category, state)"
PRJ-003384,FP/UP/ROAD/27165/2017,same NH and km section (Sultanpur-Pratapgarh NH-96 km 60-90.9),NH and name tokens,2026-09-28,"hand review of 1,312 automatic candidates (name, place, NH, km, category, state)"
PRJ-003388,FP/UP/ROAD/22559/2016,same NH and km section (Lakhimpur-Sisiya NH-730 km 140-188.8),NH and name tokens,2026-09-28,"hand review of 1,312 automatic candidates (name, place, NH, km, category, state)"
PRJ-003397,FP/CG/ROAD/12117/2015,same section (Ambikapur-Pathalgaon NH-78),NH and name tokens,2026-09-28,"hand review of 1,312 automatic candidates (name, place, NH, km, category, state)"
PRJ-003412,FP/RJ/ROAD/23867/2017,the proposal's Nagaur-Bikaner NH-89 km 161-278 covers the project's km 177-267.3,NH and name tokens,2026-09-28,"hand review of 1,312 automatic candidates (name, place, NH, km, category, state)"
PRJ-003417,FP/AR/ROAD/48840/2020,same NH and km section (Demwe-Brahmakund NH-13 km 0-18.5),NH and name tokens,2026-09-28,"hand review of 1,312 automatic candidates (name, place, NH, km, category, state)"
PRJ-003423,FP/WB/ROAD/37617/2018,same alternative highway to Gangtok (Bagrakot-Kafer-Reshi),NH and name tokens,2026-09-28,"hand review of 1,312 automatic candidates (name, place, NH, km, category, state)"
PRJ-003424,FP/WB/ROAD/37617/2018,same alternative highway to Gangtok (Bagrakot-Kafer-Reshi),NH and name tokens,2026-09-28,"hand review of 1,312 automatic candidates (name, place, NH, km, category, state)"
PRJ-003434,FP/WB/ROAD/37617/2018,the proposal's Kafer-Reshi border section contains the project's Pedong bypass-Reshi border km 79.7-96.2,NH and name tokens,2026-09-28,"hand review of 1,312 automatic candidates (name, place, NH, km, category, state)"
PRJ-003435,FP/TR/ROAD/40991/2019,same NH and km section (Kumarghat-Kailashahar NH-208 km 0-18.6),NH and name tokens,2026-09-28,"hand review of 1,312 automatic candidates (name, place, NH, km, category, state)"
PRJ-003440,FP/MN/ROAD/22952/2016,same section (Khongsang-Tamenglong NH-137),NH and name tokens,2026-09-28,"hand review of 1,312 automatic candidates (name, place, NH, km, category, state)"
PRJ-003441,FP/MN/ROAD/49923/2020,the proposal's existing km 7.5-34.8 (Buallian-Singngat) covers the project's km 13.7-32.8 (NH-102B),NH and name tokens,2026-09-28,"hand review of 1,312 automatic candidates (name, place, NH, km, category, state)"
PRJ-003442,FP/MN/ROAD/47507/2020,the proposal's existing km 34.8-73 covers the project's km 32.8-48.6 (NH-102B),NH and name tokens,2026-09-28,"hand review of 1,312 automatic candidates (name, place, NH, km, category, state)"
PRJ-003444,FP/MN/ROAD/53226/2020,package 4A (km 118.9-130) lies in the proposal's km 73-134.3 (NH-102B),NH and name tokens,2026-09-28,"hand review of 1,312 automatic candidates (name, place, NH, km, category, state)"
PRJ-003445,FP/MN/ROAD/49098/2020,package 4B (km 130-141) continues into the proposal's km 134.3 onwards (NH-102B),NH and name tokens,2026-09-28,"hand review of 1,312 automatic candidates (name, place, NH, km, category, state)"
PRJ-003445,FP/MN/ROAD/53226/2020,package 4B (km 130-141) overlaps the proposal's km 73-134.3 (NH-102B),NH and name tokens,2026-09-28,"hand review of 1,312 automatic candidates (name, place, NH, km, category, state)"
PRJ-003446,FP/MN/ROAD/71976/2020,the proposal's Taphukuki-Kuraopokpi km 262.2-287 starts at the project's Taphukuki km 262.2 (NH-2),NH and name tokens,2026-09-28,"hand review of 1,312 automatic candidates (name, place, NH, km, category, state)"
PRJ-003449,FP/MZ/ROAD/52947/2020,"same package (Chhiathlang and Serchhip bypasses, package 1, NH-54)",NH and name tokens,2026-09-28,"hand review of 1,312 automatic candidates (name, place, NH, km, category, state)"
PRJ-003475,FP/BR/ROAD/21782/2016,flyover and VUP works of the same corridor (Patna-Gaya-Dobhi NH-83 km 0-127),NH and name tokens,2026-09-28,"hand review of 1,312 automatic candidates (name, place, NH, km, category, state)"
PRJ-003479,FP/TR/ROAD/39275/2019,same NH and km section (25 km stretch from km 397),name tokens,2026-09-28,"hand review of 1,312 automatic candidates (name, place, NH, km, category, state)"
PRJ-003489,FP/TR/ROAD/31270/2018,same road (Jolaibari-Belonia NH-108A; dropped),name tokens,2026-09-28,"hand review of 1,312 automatic candidates (name, place, NH, km, category, state)"
PRJ-003489,FP/TR/ROAD/33134/2018,same road (Jolaibari-Belonia NH-108A),name tokens,2026-09-28,"hand review of 1,312 automatic candidates (name, place, NH, km, category, state)"
PRJ-003492,FP/AR/ROAD/36490/2018,"same road (Doginala-Gau, km 0-15.3)",name tokens,2026-09-28,"hand review of 1,312 automatic candidates (name, place, NH, km, category, state)"
PRJ-003503,FP/MN/ROAD/154423/2022,the proposal's NH-202 km 0-31 (Laikot-Finch Corner) covers the project's km 0-16.9,NH and name tokens,2026-09-28,"hand review of 1,312 automatic candidates (name, place, NH, km, category, state)"
PRJ-003503,FP/MN/ROAD/34066/2018,the proposal's NH-202 km 0-48.3 (Laikot-Hungpung) covers the project's km 0-16.9,NH and name tokens,2026-09-28,"hand review of 1,312 automatic candidates (name, place, NH, km, category, state)"
PRJ-003504,FP/MN/ROAD/154423/2022,the proposal's NH-202 km 0-31 (Laikot-Finch Corner) covers the project's km 16.9-31,NH and name tokens,2026-09-28,"hand review of 1,312 automatic candidates (name, place, NH, km, category, state)"
PRJ-003504,FP/MN/ROAD/34066/2018,the proposal's NH-202 km 0-48.3 (Laikot-Hungpung) covers the project's km 16.9-31,NH and name tokens,2026-09-28,"hand review of 1,312 automatic candidates (name, place, NH, km, category, state)"
PRJ-003644,FP/RJ/ROAD/39767/2019,same section (Raisinghnagar-Poogal),name tokens,2026-09-28,"hand review of 1,312 automatic candidates (name, place, NH, km, category, state)"
PRJ-003655,FP/MN/ROAD/44881/2020,the proposal's Maram-Peren NH-129A km 0-40.9 covers package 1A (km 0-22.3),NH and name tokens,2026-09-28,"hand review of 1,312 automatic candidates (name, place, NH, km, category, state)"
PRJ-003656,FP/MN/ROAD/44881/2020,the proposal's Maram-Peren NH-129A km 0-40.9 covers package 1B (km 22.3-40),NH and name tokens,2026-09-28,"hand review of 1,312 automatic candidates (name, place, NH, km, category, state)"
PRJ-003664,FP/MZ/ROAD/139992/2021,"corridor-wide proposal for the same road (Lunglei-Tlabung NH-302, package A is its first 37 km)",NH and name tokens,2026-09-28,"hand review of 1,312 automatic candidates (name, place, NH, km, category, state)"
PRJ-003665,FP/MZ/ROAD/139992/2021,"corridor-wide proposal for the same road (Lunglei-Tlabung NH-302, package B is its second half)",NH and name tokens,2026-09-28,"hand review of 1,312 automatic candidates (name, place, NH, km, category, state)"
PRJ-003684,FP/MH/ROAD/144308/2021,same NH and km section (Wakhari-Khudus NH-965 km 44.7-77.8),NH and name tokens,2026-09-28,"hand review of 1,312 automatic candidates (name, place, NH, km, category, state)"
PRJ-003684,FP/MH/ROAD/42329/2019,"same package (Wakhari-Khudus, Palkhi Marg NH-965)",NH and name tokens,2026-09-28,"hand review of 1,312 automatic candidates (name, place, NH, km, category, state)"
PRJ-003692,FP/AP/ROAD/153799/2022,the proposal's Paderu-Araku section contains Paderu-Gundiguda (NH-516E),NH and name tokens,2026-09-28,"hand review of 1,312 automatic candidates (name, place, NH, km, category, state)"
PRJ-003696,FP/AR/ROAD/21619/2016,Joram-Koloriang NH-713 km 50-70 = the project's existing km 50-70,NH and name tokens,2026-09-28,"hand review of 1,312 automatic candidates (name, place, NH, km, category, state)"
PRJ-003706,FP/MN/ROAD/121002/2021,the proposal's Kuraopokpi-Nilakuthi km 287-308.7 covers the project's km 297.7-308.7 (NH-2),NH and name tokens,2026-09-28,"hand review of 1,312 automatic candidates (name, place, NH, km, category, state)"
PRJ-003730,FP/RJ/ROAD/45257/2020,same NH and km section (Ras-Beawar NH-158 km 0-30),NH and name tokens,2026-09-28,"hand review of 1,312 automatic candidates (name, place, NH, km, category, state)"
PRJ-003731,FP/RJ/ROAD/45258/2020,same NH and km section (Beawar-Asind NH-158 km 30-74),NH and name tokens,2026-09-28,"hand review of 1,312 automatic candidates (name, place, NH, km, category, state)"
PRJ-003734,FP/RJ/ROAD/36366/2018,same NH and km section (NH-927A km 148.2-211.1 Deval-Sagwara; dropped),NH and name tokens,2026-09-28,"hand review of 1,312 automatic candidates (name, place, NH, km, category, state)"
PRJ-003760,FP/JH/MIN/17211/2015,same named mine (Amrapali OCP),name tokens,2026-09-28,"hand review of 1,312 automatic candidates (name, place, NH, km, category, state)"
PRJ-003769,FP/OR/MIN/155017/2022 View for Rediversion,same named mine (Bhubaneswari OCP; the proposal names no phase),name tokens,2026-09-28,"hand review of 1,312 automatic candidates (name, place, NH, km, category, state)"
PRJ-003775,FP/MP/MIN/18959/2016 View for Rediversion,same named mine and capacity (Rampur Batura 4 MTY),name tokens,2026-09-28,"hand review of 1,312 automatic candidates (name, place, NH, km, category, state)"
PRJ-003779,FP/JH/MIN/38247/2019,same named mine (Kotre Basantpur Pachmo OCP),name tokens,2026-09-28,"hand review of 1,312 automatic candidates (name, place, NH, km, category, state)"
PRJ-003779,FP/JH/MIN/39338/2019,same named mine (Kotre Basantpur Pachmo OCP),name tokens,2026-09-28,"hand review of 1,312 automatic candidates (name, place, NH, km, category, state)"
PRJ-003780,FP/JH/MIN/140599/2021,same named mine (Chandragupt OCP),name tokens,2026-09-28,"hand review of 1,312 automatic candidates (name, place, NH, km, category, state)"
PRJ-003784,FP/JH/MIN/149394/2021,same named mine (Pundi OCP),name tokens,2026-09-28,"hand review of 1,312 automatic candidates (name, place, NH, km, category, state)"
PRJ-003790,FP/OR/MIN/50293/2020,same named mine (Kulda expansion OCP),name tokens,2026-09-28,"hand review of 1,312 automatic candidates (name, place, NH, km, category, state)"
PRJ-003791,FP/OR/MIN/150133/2021,same named mine (Subhadra OCP),name tokens,2026-09-28,"hand review of 1,312 automatic candidates (name, place, NH, km, category, state)"
PRJ-003863,FP/KA/ROAD/120467/2021,package I of the same four-laning (Addahole-Bantwal cross NH-75),name tokens,2026-09-28,"hand review of 1,312 automatic candidates (name, place, NH, km, category, state)"
PRJ-003900,FP/OR/MIN/29981/2017,same named mine (Pottangi bauxite),name tokens,2026-09-28,"hand review of 1,312 automatic candidates (name, place, NH, km, category, state)"
PRJ-003922,FP/UP/ROAD/49626/2020,same NH and km section (Radhaita-Pilibhit NH-731K km 137.3-183.4),name tokens,2026-09-28,"hand review of 1,312 automatic candidates (name, place, NH, km, category, state)"
PRJ-003924,FP/GA/ROAD/141103/2021,the Roads-sector project named Mopa Airport is its approach expressway,name tokens,2026-09-28,"hand review of 1,312 automatic candidates (name, place, NH, km, category, state)"
PRJ-003927,FP/UP/ROAD/53919/2020,"same NH and km section (Bewar-Karri NH-92 km 0-30, package I)",NH and name tokens,2026-09-28,"hand review of 1,312 automatic candidates (name, place, NH, km, category, state)"
PRJ-003928,FP/UP/ROAD/57961/2020,same NH and km section (Karri-Etawah NH-92 km 30-57.3),NH and name tokens,2026-09-28,"hand review of 1,312 automatic candidates (name, place, NH, km, category, state)"
PRJ-003929,FP/UP/ROAD/49621/2020,same NH and km section (Allahganj-Miranpur Katra NH-730C km 52.8-114),NH and name tokens,2026-09-28,"hand review of 1,312 automatic candidates (name, place, NH, km, category, state)"
PRJ-003990,FP/PB/Pipeline/156144/2022,same CGD network (Rupnagar),name tokens,2026-09-28,"hand review of 1,312 automatic candidates (name, place, NH, km, category, state)"
PRJ-003998,FP/UP/ROAD/49579/2020,"same NH and km section (Bewar-Allahganj NH-730C km 0-52.8, package I)",NH and name tokens,2026-09-28,"hand review of 1,312 automatic candidates (name, place, NH, km, category, state)"
PRJ-004000,FP/MN/ROAD/26522/2017,"corridor-wide proposal for the same road (Ukhrul-Tolloi-Tadubi NH-102A, 115 km)",NH and name tokens,2026-09-28,"hand review of 1,312 automatic candidates (name, place, NH, km, category, state)"
PRJ-004006,FP/UP/ROAD/141411/2021,same NH and km section (Bhadohi-Jaunpur NH-135A km 34.9-73.1),NH and name tokens,2026-09-28,"hand review of 1,312 automatic candidates (name, place, NH, km, category, state)"
PRJ-004007,FP/UP/ROAD/40150/2019,same road (Laksar-Purkaji NH-334A from km 0),NH and name tokens,2026-09-28,"hand review of 1,312 automatic candidates (name, place, NH, km, category, state)"
PRJ-004013,FP/KA/ROAD/36350/2018,the proposal's Hoskote-Dabaspet NH-648 widening contains the Dodaballapur-Hoskote section,NH and name tokens,2026-09-28,"hand review of 1,312 automatic candidates (name, place, NH, km, category, state)"
PRJ-004034,FP/HP/HYD/31019/2017,same hydro project (Sunni Dam),name tokens,2026-09-28,"hand review of 1,312 automatic candidates (name, place, NH, km, category, state)"
PRJ-004052,FP/MH/ROAD/36105/2018,same NH and km section (Ahmednagar bypass NH-222 km 0-40.2),name tokens,2026-09-28,"hand review of 1,312 automatic candidates (name, place, NH, km, category, state)"
PRJ-004057,FP/MH/ROAD/33534/2018,same four-laning (Baramati-Indapur NH-965G; dropped),NH and name tokens,2026-09-28,"hand review of 1,312 automatic candidates (name, place, NH, km, category, state)"
PRJ-004057,FP/MH/ROAD/55164/2020,same four-laning (Baramati-Indapur NH-965G),NH and name tokens,2026-09-28,"hand review of 1,312 automatic candidates (name, place, NH, km, category, state)"
PRJ-004066,FP/PB/ROAD/143471/2021,forest land in Gumjal for the same four-laning (Malout-Abohar-Sadhuwali),NH and name tokens,2026-09-28,"hand review of 1,312 automatic candidates (name, place, NH, km, category, state)"
PRJ-004066,FP/PB/ROAD/147246/2021,"same four-laning (Malout, existing km 80.2, via Abohar to Sadhuwali)",NH and name tokens,2026-09-28,"hand review of 1,312 automatic candidates (name, place, NH, km, category, state)"
PRJ-004120,FP/RJ/ROAD/36597/2018,the proposal's Delhi-Vadodara NH-148N Rajasthan chainage overlaps the package's (Ch 392.8-452.4 vs 388.4-419),NH and name tokens,2026-09-28,"hand review of 1,312 automatic candidates (name, place, NH, km, category, state)"
PRJ-004122,FP/RJ/ROAD/36597/2018,the proposal's Delhi-Vadodara NH-148N Rajasthan chainage overlaps the package's (Ch 392.8-452.4 vs 427.3-452.4),NH and name tokens,2026-09-28,"hand review of 1,312 automatic candidates (name, place, NH, km, category, state)"
PRJ-004123,FP/RJ/ROAD/36182/2018,the proposal's Delhi-Vadodara NH-148N Rajasthan chainage overlaps the package's (Ch 79.4-284 vs 247.3-293),NH and name tokens,2026-09-28,"hand review of 1,312 automatic candidates (name, place, NH, km, category, state)"
PRJ-004127,FP/RJ/ROAD/36182/2018,the proposal's Delhi-Vadodara NH-148N Rajasthan chainage overlaps the package's (Ch 79.4-284 vs 214.3-247.3),NH and name tokens,2026-09-28,"hand review of 1,312 automatic candidates (name, place, NH, km, category, state)"
PRJ-004140,FP/JH/ROAD/35395/2018,"same bypass (NH-75 section IV, Rehla/Garhwa bypass)",NH and name tokens,2026-09-28,"hand review of 1,312 automatic candidates (name, place, NH, km, category, state)"
PRJ-004141,FP/CG/ROAD/37444/2018,same section (Champa-Korba-Chhuri-Katghora NH-149B),NH and name tokens,2026-09-28,"hand review of 1,312 automatic candidates (name, place, NH, km, category, state)"
PRJ-004142,FP/CG/ROAD/38519/2019,"same NH and km section (Pathrapali-Katghora NH-111 km 53.3-92.5, package II)",name tokens,2026-09-28,"hand review of 1,312 automatic candidates (name, place, NH, km, category, state)"
PRJ-004145,FP/JH/ROAD/47626/2020,same NH and km section (Palma-Gumla NH-23 km 26-89.2),NH and name tokens,2026-09-28,"hand review of 1,312 automatic candidates (name, place, NH, km, category, state)"
PRJ-004147,FP/JH/ROAD/38065/2019,"same NH and km section (Ranchi-Rargaon NH-33 km 113.7-140, package I)",NH and name tokens,2026-09-28,"hand review of 1,312 automatic candidates (name, place, NH, km, category, state)"
PRJ-004217,FP/TN/ROAD/32148/2018,"same ring road (Madurai ring road, Vadipatti-Thamaraipatti)",name tokens,2026-09-28,"hand review of 1,312 automatic candidates (name, place, NH, km, category, state)"
PRJ-004222,FP/CG/ROAD/34338/2018,"same section (Bilaspur-Urga, Lot-3)",name tokens,2026-09-28,"hand review of 1,312 automatic candidates (name, place, NH, km, category, state)"
PRJ-004223,FP/RJ/ROAD/36597/2018,the proposal's Delhi-Vadodara NH-148N Rajasthan chainage overlaps the package's (Ch 392.8-452.4 vs 419-427.3),NH and name tokens,2026-09-28,"hand review of 1,312 automatic candidates (name, place, NH, km, category, state)"
PRJ-004240,FP/PB/ROAD/120446/2021,the same new highway (Ludhiana-Rupnagar NH-205K; the proposal names no package),NH and name tokens,2026-09-28,"hand review of 1,312 automatic candidates (name, place, NH, km, category, state)"
PRJ-004241,FP/PB/ROAD/118598/2021,"same road (IT City Chowk-Kurali, Ch 0-31.2)",name tokens,2026-09-28,"hand review of 1,312 automatic candidates (name, place, NH, km, category, state)"
PRJ-004246,FP/PB/ROAD/120446/2021,the same new highway (Ludhiana-Rupnagar NH-205K),NH and name tokens,2026-09-28,"hand review of 1,312 automatic candidates (name, place, NH, km, category, state)"
PRJ-004246,FP/PB/ROAD/120447/2021,"same new highway (Ludhiana-Rupnagar NH-205K, package 2)",NH and name tokens,2026-09-28,"hand review of 1,312 automatic candidates (name, place, NH, km, category, state)"
PRJ-004247,FP/PB/ROAD/120440/2021,"same bypass (6-lane Jalandhar bypass, Kahlwan to Kang Sahbu)",NH and name tokens,2026-09-28,"hand review of 1,312 automatic candidates (name, place, NH, km, category, state)"
PRJ-004306,FP/BR/ROAD/144718/2021,"same end points (Kalyanpur to Tal Dashraha, NH-119D; package numbers differ)",NH and name tokens,2026-09-28,"hand review of 1,312 automatic candidates (name, place, NH, km, category, state)"
PRJ-004307,FP/BR/ROAD/22352/2016,corridor-wide proposal for the same four-laning (Munger-Bhagalpur-Mirzachauki NH-80),NH and name tokens,2026-09-28,"hand review of 1,312 automatic candidates (name, place, NH, km, category, state)"
PRJ-004310,FP/BR/ROAD/22352/2016,corridor-wide proposal for the same four-laning (Munger-Bhagalpur-Mirzachauki NH-80),NH and name tokens,2026-09-28,"hand review of 1,312 automatic candidates (name, place, NH, km, category, state)"
PRJ-004313,FP/BR/ROAD/22352/2016,corridor-wide proposal for the same four-laning (Munger-Bhagalpur-Mirzachauki NH-80),NH and name tokens,2026-09-28,"hand review of 1,312 automatic candidates (name, place, NH, km, category, state)"
PRJ-004314,FP/BR/ROAD/22352/2016,corridor-wide proposal for the same four-laning (Munger-Bhagalpur-Mirzachauki NH-80),NH and name tokens,2026-09-28,"hand review of 1,312 automatic candidates (name, place, NH, km, category, state)"
PRJ-004315,FP/BR/ROAD/48921/2020,same NH and km section (Galgalia-Bahadurganj NH-327E km 0-49),NH and name tokens,2026-09-28,"hand review of 1,312 automatic candidates (name, place, NH, km, category, state)"
PRJ-004316,FP/BR/ROAD/48933/2020,same NH and km section (Bahadurganj-Araria NH-327E km 49-94),NH and name tokens,2026-09-28,"hand review of 1,312 automatic candidates (name, place, NH, km, category, state)"
PRJ-004324,FP/TN/ROAD/8238/2014,"corridor-wide proposal for the same expressway (Bangalore-Chennai, Tamil Nadu)",name tokens,2026-09-28,"hand review of 1,312 automatic candidates (name, place, NH, km, category, state)"
PRJ-004325,FP/TN/ROAD/8238/2014,"corridor-wide proposal for the same expressway (Bangalore-Chennai, Tamil Nadu)",name tokens,2026-09-28,"hand review of 1,312 automatic candidates (name, place, NH, km, category, state)"
PRJ-004326,FP/TN/ROAD/8238/2014,"corridor-wide proposal for the same expressway (Bangalore-Chennai, Tamil Nadu)",name tokens,2026-09-28,"hand review of 1,312 automatic candidates (name, place, NH, km, category, state)"
PRJ-004333,FP/UP/ROAD/155328/2022,"same spur (Muzaffarnagar bypass spur of NH-709AD, design km 0-10.1)",NH and name tokens,2026-09-28,"hand review of 1,312 automatic candidates (name, place, NH, km, category, state)"
PRJ-004344,FP/UP/ROAD/130304/2021,left-out stretch (km 112.7-117.5) of the same four-laning (Muzaffarnagar-Miranpur),NH and name tokens,2026-09-28,"hand review of 1,312 automatic candidates (name, place, NH, km, category, state)"
PRJ-004344,FP/UP/ROAD/37341/2018,same four-laning (Muzaffarnagar-Miranpur NH-709AD),NH and name tokens,2026-09-28,"hand review of 1,312 automatic candidates (name, place, NH, km, category, state)"
PRJ-004349,FP/UP/ROAD/144407/2021,additional land for the same four-laning (Shamli-Muzaffarnagar NH-709AD),NH and name tokens,2026-09-28,"hand review of 1,312 automatic candidates (name, place, NH, km, category, state)"
PRJ-004349,FP/UP/ROAD/37344/2018,"same package (Shamli-Muzaffarnagar NH-709AD, package II)",NH and name tokens,2026-09-28,"hand review of 1,312 automatic candidates (name, place, NH, km, category, state)"
PRJ-004350,FP/UP/ROAD/45306/2020,"package 1 of the proposal is the same bypass (NH-56 bypass to Behta road, Lucknow ring road package 1)",NH and name tokens,2026-09-28,"hand review of 1,312 automatic candidates (name, place, NH, km, category, state)"
PRJ-004353,FP/UP/ROAD/148526/2021,"same bypass (Rampur bypass, 2-lane to 4-lane)",name tokens,2026-09-28,"hand review of 1,312 automatic candidates (name, place, NH, km, category, state)"
PRJ-004359,FP/UP/ROAD/143833/2021,same bypass (Najibabad bypass NH-74 to NH-119),NH and name tokens,2026-09-28,"hand review of 1,312 automatic candidates (name, place, NH, km, category, state)"
PRJ-004360,FP/UP/ROAD/36507/2018,the proposal's NH-119 connector spur (km 0-12.1) is the project's spur,NH and name tokens,2026-09-28,"hand review of 1,312 automatic candidates (name, place, NH, km, category, state)"
PRJ-004368,FP/MP/ROAD/149883/2021,corridor-wide proposal for the same four-laning (Indore-Harda NH-59A/47),name tokens,2026-09-28,"hand review of 1,312 automatic candidates (name, place, NH, km, category, state)"
PRJ-004372,FP/MP/ROAD/149883/2021,corridor-wide proposal for the same four-laning (Indore-Harda NH-59A/47),name tokens,2026-09-28,"hand review of 1,312 automatic candidates (name, place, NH, km, category, state)"
PRJ-004375,FP/MP/ROAD/152561/2022,corridor-wide proposal for the same road (Indore-Edlabad NH-347BG/753L),name tokens,2026-09-28,"hand review of 1,312 automatic candidates (name, place, NH, km, category, state)"
PRJ-004379,FP/HR/ROAD/45506/2020,same work (Gurgaon-Pataudi-Rewari NH-352W),NH and name tokens,2026-09-28,"hand review of 1,312 automatic candidates (name, place, NH, km, category, state)"
PRJ-004380,FP/HR/ROAD/39598/2019,"same bypass (Rewari bypass, 14.4 km, package 4)",name tokens,2026-09-28,"hand review of 1,312 automatic candidates (name, place, NH, km, category, state)"
PRJ-004386,FP/DL/ROAD/37292/2018,"same expressway (Dwarka Expressway NH-248BB, corridor-wide proposal)",NH and name tokens,2026-09-28,"hand review of 1,312 automatic candidates (name, place, NH, km, category, state)"
PRJ-004390,FP/GJ/ROAD/22303/2016,"same NH and km section (NH-341 km 0-65.5, package I)",NH and name tokens,2026-09-28,"hand review of 1,312 automatic candidates (name, place, NH, km, category, state)"
PRJ-004395,FP/GJ/ROAD/34425/2018,the proposal's NH-754K km 13.5-130.1 covers the project's km 67-99,NH and name tokens,2026-09-28,"hand review of 1,312 automatic candidates (name, place, NH, km, category, state)"
PRJ-004396,FP/GJ/ROAD/34425/2018,the proposal's NH-754K km 13.5-130.1 covers the project's km 4.9-35,NH and name tokens,2026-09-28,"hand review of 1,312 automatic candidates (name, place, NH, km, category, state)"
PRJ-004399,FP/GJ/ROAD/34425/2018,the proposal's NH-754K km 13.5-130.1 covers the project's km 99-130,NH and name tokens,2026-09-28,"hand review of 1,312 automatic candidates (name, place, NH, km, category, state)"
PRJ-004404,FP/MH/ROAD/37601/2018,same NH and km section (Nagpur-Katol NH-353J km 13-62.9),name tokens,2026-09-28,"hand review of 1,312 automatic candidates (name, place, NH, km, category, state)"
PRJ-004408,FP/MH/ROAD/154157/2022,same NH and km section (Akola-Medshi NH-161 km 0-47.7),NH and name tokens,2026-09-28,"hand review of 1,312 automatic candidates (name, place, NH, km, category, state)"
PRJ-004413,FP/HP/ROAD/128591/2021,same section (Bhangbar-Kangra bypass NH-88/303/503),NH and name tokens,2026-09-28,"hand review of 1,312 automatic candidates (name, place, NH, km, category, state)"
PRJ-004417,FP/HP/ROAD/37748/2018,"overlapping km (Punjab/HP border-Sihuni NH-154 km 11-51, project km 11-42)",NH and name tokens,2026-09-28,"hand review of 1,312 automatic candidates (name, place, NH, km, category, state)"
PRJ-004418,FP/HP/ROAD/141689/2021,"overlapping km (Baddi-Nalagarh NH-21A km 17.5-35, project km 4.2-35.4)",NH and name tokens,2026-09-28,"hand review of 1,312 automatic candidates (name, place, NH, km, category, state)"
PRJ-004420,FP/UP/ROAD/33552/2018,same four-laning (Jagdishpur-Faizabad NH-330A km 47.8-108),NH and name tokens,2026-09-28,"hand review of 1,312 automatic candidates (name, place, NH, km, category, state)"
PRJ-004438,FP/MH/ROAD/31369/2018,"overlapping km (Ratnagiri-Kolhapur NH-166 Kerle-Paijarwadi km 74.3-111, package II)",NH and name tokens,2026-09-28,"hand review of 1,312 automatic candidates (name, place, NH, km, category, state)"
PRJ-004439,FP/MH/ROAD/155073/2022,"same NH and km section (Ratnagiri-Kolhapur NH-166 package III, design km 112.3-145.3)",NH and name tokens,2026-09-28,"hand review of 1,312 automatic candidates (name, place, NH, km, category, state)"
PRJ-004463,FP/OR/RAIL/156513/2022,same named rail line and work (Jeypore-Malkangiri new line),name tokens,2026-09-28,"hand review of 1,312 automatic candidates (name, place, NH, km, category, state)"
PRJ-004528,FP/UP/RAIL/43121/2019,same named rail line and work (doubling through Jaunpur/Pratapgarh/Amethi),name tokens,2026-09-28,"hand review of 1,312 automatic candidates (name, place, NH, km, category, state)"
PRJ-004533,FP/MP/RAIL/16682/2015,same named rail line and work (Budni-Barkhera 3rd line),name tokens,2026-09-28,"hand review of 1,312 automatic candidates (name, place, NH, km, category, state)"
PRJ-004534,FP/PB/RAIL/49268/2020,same named rail line and work (Ludhiana-Mullanpur doubling),name tokens,2026-09-28,"hand review of 1,312 automatic candidates (name, place, NH, km, category, state)"
PRJ-004535,FP/UP/RAIL/47348/2020,same named rail line and work (Barabanki-Malhaur 3rd/4th line),name tokens,2026-09-28,"hand review of 1,312 automatic candidates (name, place, NH, km, category, state)"
PRJ-004569,FP/DL/ROAD/142829/2021,"same section (DND Maharani Bagh-Jaitpur-Pushta Road NH-148NA, package I)",name tokens,2026-09-28,"hand review of 1,312 automatic candidates (name, place, NH, km, category, state)"
PRJ-004569,FP/DL/ROAD/154223/2022,"same section (DND Maharani Bagh-Jaitpur-Pushta Road NH-148NA, design km 2.9-6.7)",name tokens,2026-09-28,"hand review of 1,312 automatic candidates (name, place, NH, km, category, state)"
PRJ-004582,FP/UP/ROAD/149391/2021,"same bypass (Agra northern bypass, NH-19 km 174.5 to Yamuna Expressway km 141)",NH and name tokens,2026-09-28,"hand review of 1,312 automatic candidates (name, place, NH, km, category, state)"
PRJ-004583,FP/UP/ROAD/148788/2021,"same road (left-out portion of Agra inner ring road, Ch 0-7.8)",NH and name tokens,2026-09-28,"hand review of 1,312 automatic candidates (name, place, NH, km, category, state)"
PRJ-004600,FP/BR/ROAD/129597/2021,same two-lane work on NH-80 from km 69.4 (project km 70.2-121),NH and name tokens,2026-09-28,"hand review of 1,312 automatic candidates (name, place, NH, km, category, state)"
PRJ-004603,FP/BR/ROAD/144807/2021,"overlapping km (NH-319A km 0-30.7, project km 0-45)",NH and name tokens,2026-09-28,"hand review of 1,312 automatic candidates (name, place, NH, km, category, state)"
PRJ-004603,FP/BR/ROAD/146793/2021,"overlapping km (NH-319A km 30.7-65.9, project km 0-45)",NH and name tokens,2026-09-28,"hand review of 1,312 automatic candidates (name, place, NH, km, category, state)"
PRJ-004609,FP/MH/ROAD/152830/2022,same road (Satana-Mangrul NH-752G),name tokens,2026-09-28,"hand review of 1,312 automatic candidates (name, place, NH, km, category, state)"
PRJ-004635,FP/MH/ROAD/152831/2022,same road (Jamkhed-Sautada NH-548D),name tokens,2026-09-28,"hand review of 1,312 automatic candidates (name, place, NH, km, category, state)"
PRJ-004682,FP/JH/ROAD/148629/2021,"same design km (package I, design km 0-42.25)",NH and name tokens,2026-09-28,"hand review of 1,312 automatic candidates (name, place, NH, km, category, state)"
PRJ-004684,FP/RJ/ROAD/17192/2015,same NH and km section (Charbhuja-Neechli Oden NH-162E design km 0-88.8),NH and name tokens,2026-09-28,"hand review of 1,312 automatic candidates (name, place, NH, km, category, state)"
PRJ-004686,FP/UP/ROAD/153173/2022,same NH and km section (NH-731A km 35-49.2),NH and name tokens,2026-09-28,"hand review of 1,312 automatic candidates (name, place, NH, km, category, state)"
PRJ-004691,FP/AP/ROAD/150396/2021,"same NH and km section (Rayachoti-Vempalli km 0-53.6, NH-440)",NH and name tokens,2026-09-28,"hand review of 1,312 automatic candidates (name, place, NH, km, category, state)"
PRJ-004707,FP/AP/ROAD/29874/2017,"overlapping km on NH-167B (proposal km 99-191, project km 143-189)",NH and name tokens,2026-09-28,"hand review of 1,312 automatic candidates (name, place, NH, km, category, state)"
PRJ-004710,FP/AP/ROAD/28853/2017,same NH and km section (NH-30 km 170-236 Bhadrachalam-Konta),NH and name tokens,2026-09-28,"hand review of 1,312 automatic candidates (name, place, NH, km, category, state)"
PRJ-004713,FP/AP/ROAD/153799/2022,the proposal's Paderu-Araku section contains Gondiguda-Araku (NH-516E),NH and name tokens,2026-09-28,"hand review of 1,312 automatic candidates (name, place, NH, km, category, state)"
PRJ-004714,FP/AP/ROAD/49639/2020,"overlapping km on NH-516E (proposal km 120-260, project km 120-165.5)",NH and name tokens,2026-09-28,"hand review of 1,312 automatic candidates (name, place, NH, km, category, state)"
PRJ-004715,FP/AP/ROAD/49639/2020,"overlapping km on NH-516E (proposal km 120-260, project km 165.5-205)",NH and name tokens,2026-09-28,"hand review of 1,312 automatic candidates (name, place, NH, km, category, state)"
PRJ-004717,FP/PB/ROAD/144279/2021,same NH and km section (NH-354 km 201.5-212.5 and 229.7-270),NH and name tokens,2026-09-28,"hand review of 1,312 automatic candidates (name, place, NH, km, category, state)"
PRJ-004718,FP/PB/ROAD/156634/2022,same NH and km section (Sri Muktsar Sahib-Malout NH-354 km 279.4-307.1),NH and name tokens,2026-09-28,"hand review of 1,312 automatic candidates (name, place, NH, km, category, state)"
PRJ-004723,FP/MP/ROAD/121373/2021,same four-laning (Sidhi-Singrauli NH-75E),name tokens,2026-09-28,"hand review of 1,312 automatic candidates (name, place, NH, km, category, state)"
PRJ-004731,FP/MN/ROAD/26522/2017,"corridor-wide proposal for the same road (Ukhrul-Tolloi-Tadubi NH-102A, 115 km)",NH and name tokens,2026-09-28,"hand review of 1,312 automatic candidates (name, place, NH, km, category, state)"
PRJ-004743,FP/AP/ROAD/155825/2022,same NH and km section (NH-71 km 55.9-95.7 Pileru-Kalur),name tokens,2026-09-28,"hand review of 1,312 automatic candidates (name, place, NH, km, category, state)"
PRJ-004748,FP/UK/ROAD/122382/2021,same access road and bridge (NH-9 km 40 near Jagbuda bridge to the border),NH and name tokens,2026-09-28,"hand review of 1,312 automatic candidates (name, place, NH, km, category, state)"
PRJ-004765,FP/TG/ROAD/150041/2021,same NH and km section (Siddipet-Elkathurthy NH-765DG km 70-133.6),NH and name tokens,2026-09-28,"hand review of 1,312 automatic candidates (name, place, NH, km, category, state)"
PRJ-004775,FP/UP/ROAD/148569/2021,the proposal's Ghazipur-Ballia greenfield NH-31 km 0-117.1 contains package I (km 0-42.5),NH and name tokens,2026-09-28,"hand review of 1,312 automatic candidates (name, place, NH, km, category, state)"
PRJ-004826,FP/HR/ROAD/152807/2022,same four-laning (Bhiwani-Bawani Khera-Hansi NH-148B),NH and name tokens,2026-09-28,"hand review of 1,312 automatic candidates (name, place, NH, km, category, state)"
PRJ-004834,FP/HP/ROAD/152261/2022,"same NH and km section (Sihuni-Rajol NH-154 km 51-72, package IIA)",NH and name tokens,2026-09-28,"hand review of 1,312 automatic candidates (name, place, NH, km, category, state)"
PRJ-004835,FP/HP/ROAD/151932/2022,same NH and km section (Hamirpur bypass km 121.2-138.3),NH and name tokens,2026-09-28,"hand review of 1,312 automatic candidates (name, place, NH, km, category, state)"
PRJ-004836,FP/HP/ROAD/148886/2021,"same NH and km section (Chilbahal-Bhangbar NH-88 km 138.3-175.3, package IV)",NH and name tokens,2026-09-28,"hand review of 1,312 automatic candidates (name, place, NH, km, category, state)"
PRJ-004851,FP/MP/ROAD/26325/2017,"same NH and km section (NH-12 km 66-130 Hiran-Sindoor, the de-scoped Nauradehi stretch)",NH and name tokens,2026-09-28,"hand review of 1,312 automatic candidates (name, place, NH, km, category, state)"
PRJ-004851,FP/MP/ROAD/30476/2017,"same NH and km section (NH-12 km 66-130 Hiran-Sindoor, the de-scoped Nauradehi stretch)",NH and name tokens,2026-09-28,"hand review of 1,312 automatic candidates (name, place, NH, km, category, state)"
PRJ-004854,FP/MP/ROAD/152561/2022,corridor-wide proposal for the same road (Indore-Edlabad NH-347BG/753L),name tokens,2026-09-28,"hand review of 1,312 automatic candidates (name, place, NH, km, category, state)"
PRJ-004857,FP/UP/ROAD/36507/2018,same section (Garhmukteshwar-Meerut with the NH-119 connector),NH and name tokens,2026-09-28,"hand review of 1,312 automatic candidates (name, place, NH, km, category, state)"
PRJ-004859,FP/PB/ROAD/48797/2020,same six-laning (Jodhpur Romana-Mandi Dabwali NH-54),NH and name tokens,2026-09-28,"hand review of 1,312 automatic candidates (name, place, NH, km, category, state)"
PRJ-004861,FP/MP/ROAD/149399/2021,"same NH and km section (Vidisha-Mehulwa-Talbehat NH-346 package 1, km 0-26.5)",NH and name tokens,2026-09-28,"hand review of 1,312 automatic candidates (name, place, NH, km, category, state)"
PRJ-004869,FP/UP/ROAD/148569/2021,the proposal's Ghazipur-Ballia greenfield NH-31 km 0-117.1 contains package II (km 42.5-78.2),NH and name tokens,2026-09-28,"hand review of 1,312 automatic candidates (name, place, NH, km, category, state)"
PRJ-004871,FP/UP/ROAD/148569/2021,the proposal includes the same Buxar spur (package IV),NH and name tokens,2026-09-28,"hand review of 1,312 automatic candidates (name, place, NH, km, category, state)"
PRJ-004872,FP/UP/ROAD/147362/2021,same spur (western side spur of Rampur-Rudrapur),NH and name tokens,2026-09-28,"hand review of 1,312 automatic candidates (name, place, NH, km, category, state)"
PRJ-004876,FP/UP/ROAD/152126/2022,"same NH and km section (NH-731 km 123.7-175.1, Shahabad bypass to Hardoi bypass)",NH and name tokens,2026-09-28,"hand review of 1,312 automatic candidates (name, place, NH, km, category, state)"
PRJ-004877,FP/UP/ROAD/138464/2021,same NH and km section (Sonauli-Gorakhpur NH-29E km 0-81.2),name tokens,2026-09-28,"hand review of 1,312 automatic candidates (name, place, NH, km, category, state)"
PRJ-004878,FP/UP/ROAD/148672/2021,"same bypass (north-east Gorakhpur bypass, NH-29E ch 83.3 to NH-28 ch 285.1)",NH and name tokens,2026-09-28,"hand review of 1,312 automatic candidates (name, place, NH, km, category, state)"
PRJ-004881,FP/PB/ROAD/149035/2021,corridor-wide proposal for the same four-laning (Beas-Batala-Dera Baba Nanak NH-503D),NH and name tokens,2026-09-28,"hand review of 1,312 automatic candidates (name, place, NH, km, category, state)"
PRJ-004882,FP/PB/ROAD/149035/2021,corridor-wide proposal for the same four-laning (Beas-Batala-Dera Baba Nanak NH-503D),NH and name tokens,2026-09-28,"hand review of 1,312 automatic candidates (name, place, NH, km, category, state)"
PRJ-004894,FP/UP/ROAD/141411/2021,the bypass (km 53.5-59.2) lies inside the proposal's NH-135A widening km 34.9-73.1,NH and name tokens,2026-09-28,"hand review of 1,312 automatic candidates (name, place, NH, km, category, state)"
PRJ-004895,FP/UP/ROAD/156552/2022,the proposal's NH-321G km 0-75.7 covers the project's km 51.6-75.7,NH and name tokens,2026-09-28,"hand review of 1,312 automatic candidates (name, place, NH, km, category, state)"
PRJ-004896,FP/GJ/ROAD/23139/2016,same section (Dhoraji-Jamkandorna-Kalavad NH-927D),NH and name tokens,2026-09-28,"hand review of 1,312 automatic candidates (name, place, NH, km, category, state)"
PRJ-004896,FP/GJ/ROAD/23428/2017,same section (Dhoraji-Jamkandorna-Kalavad NH-927D),NH and name tokens,2026-09-28,"hand review of 1,312 automatic candidates (name, place, NH, km, category, state)"
PRJ-004897,FP/GJ/ROAD/25954/2017,the proposal's Mahuva-Jetpur NH-351 section starts with the project's Mahuva-Badhada km 0-47,NH and name tokens,2026-09-28,"hand review of 1,312 automatic candidates (name, place, NH, km, category, state)"
PRJ-004937,FP/MN/ROAD/26522/2017,"corridor-wide proposal for the same road (Ukhrul-Tolloi-Tadubi NH-102A, 115 km)",NH and name tokens,2026-09-28,"hand review of 1,312 automatic candidates (name, place, NH, km, category, state)"
PRJ-004990,FP/TR/ROAD/125152/2021,the proposal's Kailashahar-Kurti bridge NH-208A km 0-36.5 covers the project's km 25.3-36.5,NH and name tokens,2026-09-28,"hand review of 1,312 automatic candidates (name, place, NH, km, category, state)"
PRJ-004991,FP/TR/ROAD/33689/2018,the proposal's NH-208 ch 21.1-127.3 (Kailashahar-Teliamura via Khowai) contains the project's km 101.3-127.3,NH and name tokens,2026-09-28,"hand review of 1,312 automatic candidates (name, place, NH, km, category, state)"
PRJ-005028,FP/GJ/ROAD/142348/2021,same NH and km section (NH-58 km 92.3-115.3 Vav-Kheralu),NH and name tokens,2026-09-28,"hand review of 1,312 automatic candidates (name, place, NH, km, category, state)"
PRJ-005042,FP/BR/ROAD/129045/2021,same section (Hajipur to Bachhwara via Mahnar),NH and name tokens,2026-09-28,"hand review of 1,312 automatic candidates (name, place, NH, km, category, state)"
PRJ-005047,FP/MN/ROAD/34057/2018,the proposal's NH-202 km 129.1-169.4 overlaps the project's design km 95.7-140.2,NH and name tokens,2026-09-28,"hand review of 1,312 automatic candidates (name, place, NH, km, category, state)"
PRJ-005047,FP/MN/ROAD/34133/2018,the proposal's NH-202 km 94.6-129.1 lies in the project's design km 95.7-140.2,NH and name tokens,2026-09-28,"hand review of 1,312 automatic candidates (name, place, NH, km, category, state)"
PRJ-005057,FP/OR/MIN/155017/2022 View for Rediversion,same named mine (Bhubaneswari OCP; the proposal names no phase),name tokens,2026-09-28,"hand review of 1,312 automatic candidates (name, place, NH, km, category, state)"
PRJ-005077,FP/UP/ROAD/150997/2022,same NH and km section (NH-92/719 km 70.5-78.6),NH and name tokens,2026-09-28,"hand review of 1,312 automatic candidates (name, place, NH, km, category, state)"
PRJ-005113,FP/AS/ROAD/156208/2022,"overlapping km (proposal design km 95.7-107.2, project 87.7-106.5, Badarpur-Churaibari NH-8)",NH and name tokens,2026-09-28,"hand review of 1,312 automatic candidates (name, place, NH, km, category, state)"
PRJ-005132,FP/MN/ROAD/34131/2018,the proposal's NH-202 km 48.3-94.6 covers most of the project's design km 53.1-95.7,NH and name tokens,2026-09-28,"hand review of 1,312 automatic candidates (name, place, NH, km, category, state)"
PRJ-005134,FP/MN/ROAD/151400/2022,"same NH and km section (Imphal-Jiribam NH-37 package II, existing km 15.9-33.4)",NH and name tokens,2026-09-28,"hand review of 1,312 automatic candidates (name, place, NH, km, category, state)"
PRJ-005140,FP/UP/Pipeline/42646/2019,"same pipeline (Kandla-Gorakhpur LPG, UP section)",name tokens,2026-09-28,"hand review of 1,312 automatic candidates (name, place, NH, km, category, state)"
PRJ-005164,FP/CG/MIN/16237/2015,"same named mine and capacity (Chhal OC Seam III 6 MTY), phase 1 area",name tokens,2026-09-28,"hand review of 1,312 automatic candidates (name, place, NH, km, category, state)"
PRJ-005164,FP/CG/MIN/39334/2019,"same named mine and capacity (Chhal OC Seam III 6 MTY), 2019 area",name tokens,2026-09-28,"hand review of 1,312 automatic candidates (name, place, NH, km, category, state)"
PRJ-005168,FP/OR/MIN/155017/2022 View for Rediversion,same named mine (Bhubaneswari OCP; the proposal names no phase),name tokens,2026-09-28,"hand review of 1,312 automatic candidates (name, place, NH, km, category, state)"
PRJ-005180,FP/HP/HYD/31019/2017,same hydro project (Sunni Dam),name tokens,2026-09-28,"hand review of 1,312 automatic candidates (name, place, NH, km, category, state)"
PRJ-005247,FP/PB/Pipeline/148157/2021,same pipeline (Bathinda-Sangrur),name tokens,2026-09-28,"hand review of 1,312 automatic candidates (name, place, NH, km, category, state)"
PRJ-005306,FP/BR/Pipeline/45173/2020,"same CGD network and districts (Khagaria, Saharsa, Madhepura)",name tokens,2026-09-28,"hand review of 1,312 automatic candidates (name, place, NH, km, category, state)"
PRJ-005317,FP/GJ/IRRIG/10623/2015,canal works of the same project (Sardar Sarovar),name tokens,2026-09-28,"hand review of 1,312 automatic candidates (name, place, NH, km, category, state)"
PRJ-005317,FP/GJ/IRRIG/12321/2015,canal works of the same project (Sardar Sarovar),name tokens,2026-09-28,"hand review of 1,312 automatic candidates (name, place, NH, km, category, state)"
PRJ-005317,FP/GJ/IRRIG/12465/2015,canal works of the same project (Sardar Sarovar),name tokens,2026-09-28,"hand review of 1,312 automatic candidates (name, place, NH, km, category, state)"
PRJ-005317,FP/GJ/IRRIG/14141/2015,canal works of the same project (Sardar Sarovar),name tokens,2026-09-28,"hand review of 1,312 automatic candidates (name, place, NH, km, category, state)"
PRJ-005317,FP/GJ/IRRIG/14657/2015,canal works of the same project (Sardar Sarovar),name tokens,2026-09-28,"hand review of 1,312 automatic candidates (name, place, NH, km, category, state)"
PRJ-005317,FP/GJ/IRRIG/28996/2017,canal works of the same project (Sardar Sarovar),name tokens,2026-09-28,"hand review of 1,312 automatic candidates (name, place, NH, km, category, state)"
PRJ-005561,FP/MH/ROAD/152831/2022,same road (Jamkhed-Sautada NH-548D),name tokens,2026-09-28,"hand review of 1,312 automatic candidates (name, place, NH, km, category, state)"
PRJ-005565,FP/UP/ROAD/153349/2022,same NH and km section (NH-731A km 49.2-74.7),NH and name tokens,2026-09-28,"hand review of 1,312 automatic candidates (name, place, NH, km, category, state)"
PRJ-005566,FP/UP/ROAD/153173/2022,same NH and km section (NH-731A km 35-49.2),NH and name tokens,2026-09-28,"hand review of 1,312 automatic candidates (name, place, NH, km, category, state)"
PRJ-005578,FP/MN/ROAD/150856/2022,the proposal's package VII from Nungkao (km 175.1-214.3) matches the project's Nungkao start (NH-37),NH and name tokens,2026-09-28,"hand review of 1,312 automatic candidates (name, place, NH, km, category, state)"
PRJ-005578,FP/MN/ROAD/20773/2016,"one of the proposal's two bridges (Makru, km 189.8) is in the project's km 169.6-206 (NH-37)",NH and name tokens,2026-09-28,"hand review of 1,312 automatic candidates (name, place, NH, km, category, state)"
PRJ-005579,FP/MN/ROAD/20773/2016,"one of the proposal's two bridges (Barak, km 145.1) is in the project's km 131.3-169.6 (NH-37)",NH and name tokens,2026-09-28,"hand review of 1,312 automatic candidates (name, place, NH, km, category, state)"
PRJ-005580,FP/MN/ROAD/146146/2021,"the proposal's package V (km 103.6-134.8) matches the project's package 5 (km 101.3-131.3, NH-37)",NH and name tokens,2026-09-28,"hand review of 1,312 automatic candidates (name, place, NH, km, category, state)"
PRJ-005581,FP/MN/ROAD/35012/2018,the proposal's Irang bridge (existing km 95.5) is in the project's existing km 67.5-103.6 (NH-37),NH and name tokens,2026-09-28,"hand review of 1,312 automatic candidates (name, place, NH, km, category, state)"
PRJ-005582,FP/MN/ROAD/149525/2021,"same NH and km section (Imphal-Jiribam NH-37 package III, existing km 33.4-67.5)",NH and name tokens,2026-09-28,"hand review of 1,312 automatic candidates (name, place, NH, km, category, state)"
PRJ-005585,FP/MZ/ROAD/117867/2020,the proposal's Seling-Dulte NH-6 economic corridor km 0-69 covers package 1 (km 0-13.5),NH and name tokens,2026-09-28,"hand review of 1,312 automatic candidates (name, place, NH, km, category, state)"
PRJ-005586,FP/MN/ROAD/53226/2020,the proposal's NH-102B km 73-134.3 covers the project's package 3 km 69.9-121.8,NH and name tokens,2026-09-28,"hand review of 1,312 automatic candidates (name, place, NH, km, category, state)"
PRJ-005590,FP/TN/ROAD/32148/2018,same ring road (Madurai ring road phase 1),name tokens,2026-09-28,"hand review of 1,312 automatic candidates (name, place, NH, km, category, state)"
PRJ-005620,FP/GJ/ROAD/23139/2016,same section (Dhoraji-Jamkandorna-Kalavad NH-927D),NH and name tokens,2026-09-28,"hand review of 1,312 automatic candidates (name, place, NH, km, category, state)"
PRJ-005620,FP/GJ/ROAD/23428/2017,same section (Dhoraji-Jamkandorna-Kalavad NH-927D),NH and name tokens,2026-09-28,"hand review of 1,312 automatic candidates (name, place, NH, km, category, state)"
PRJ-005625,FP/GJ/ROAD/155211/2022,road widening to connect the same Sabarmati bridge near Dharoi (NH-58),NH and name tokens,2026-09-28,"hand review of 1,312 automatic candidates (name, place, NH, km, category, state)"
PRJ-005626,FP/GJ/ROAD/44919/2020,same section (Khokhra border-Vijaynagar-Mathasur NH-58),NH and name tokens,2026-09-28,"hand review of 1,312 automatic candidates (name, place, NH, km, category, state)"
PRJ-005626,FP/GJ/ROAD/45072/2020,same NH and km section (NH-58 km 0-56.6 Khokhra-Mathasur),NH and name tokens,2026-09-28,"hand review of 1,312 automatic candidates (name, place, NH, km, category, state)"
PRJ-005626,FP/GJ/ROAD/50927/2020,same NH and km section (NH-58 km 0-56.6 Khokhra-Mathasur),NH and name tokens,2026-09-28,"hand review of 1,312 automatic candidates (name, place, NH, km, category, state)"
PRJ-005648,FP/MH/ROAD/119248/2021,the proposal's Ashti-Sironcha NH-353C upgrade contains the project's Lagam-Alapalli km,NH and name tokens,2026-09-28,"hand review of 1,312 automatic candidates (name, place, NH, km, category, state)"
PRJ-005654,FP/KA/ROAD/156224/2022,same NH and km section (NH-766C km 55.6-90.7 Adagodi-Mavinakoppa),NH and name tokens,2026-09-28,"hand review of 1,312 automatic candidates (name, place, NH, km, category, state)"
PRJ-005676,FP/MN/ROAD/49098/2020,package 4B (km 130-141) continues into the proposal's km 134.3 onwards (NH-102B),NH and name tokens,2026-09-28,"hand review of 1,312 automatic candidates (name, place, NH, km, category, state)"
PRJ-005676,FP/MN/ROAD/53226/2020,package 4B (km 130-141) overlaps the proposal's km 73-134.3 (NH-102B),NH and name tokens,2026-09-28,"hand review of 1,312 automatic candidates (name, place, NH, km, category, state)"
PRJ-005677,FP/MN/ROAD/53226/2020,package 4A (km 118.9-130) lies in the proposal's km 73-134.3 (NH-102B),NH and name tokens,2026-09-28,"hand review of 1,312 automatic candidates (name, place, NH, km, category, state)"
PRJ-005694,FP/GJ/ROAD/154153/2022,"road widening at Dhrol on NH-151A, the project's Dhrol section",NH and name tokens,2026-09-28,"hand review of 1,312 automatic candidates (name, place, NH, km, category, state)"
PRJ-005695,FP/MP/ROAD/149532/2021,same bypass (western side of Gwalior city),name tokens,2026-09-28,"hand review of 1,312 automatic candidates (name, place, NH, km, category, state)"
PRJ-005716,FP/BR/ROAD/149507/2021,same NH and km section (Manikpur-Sahebganj NH-139W km 0-42.8),NH and name tokens,2026-09-28,"hand review of 1,312 automatic candidates (name, place, NH, km, category, state)"
PRJ-005738,FP/JH/ROAD/18233/2016,same named bypass (Deoghar bypass; the 2016 proposal was dropped),name tokens,2026-09-28,"hand review of 1,312 automatic candidates (name, place, NH, km, category, state)"
PRJ-005745,FP/JH/ROAD/146786/2021,"same bypass (Chatra town, NH-22)",NH and name tokens,2026-09-28,"hand review of 1,312 automatic candidates (name, place, NH, km, category, state)"
PRJ-005769,FP/KA/ROAD/36350/2018,the proposal's Hoskote-Dabaspet NH-648 widening contains the Dodaballapur-Hoskote section,NH and name tokens,2026-09-28,"hand review of 1,312 automatic candidates (name, place, NH, km, category, state)"
PRJ-005782,FP/MP/ROAD/152561/2022,corridor-wide proposal for the same road (Indore-Edlabad NH-347BG/753L),name tokens,2026-09-28,"hand review of 1,312 automatic candidates (name, place, NH, km, category, state)"
PRJ-005791,FP/MP/ROAD/149883/2021,corridor-wide proposal for the same four-laning (Indore-Harda NH-59A/47),name tokens,2026-09-28,"hand review of 1,312 automatic candidates (name, place, NH, km, category, state)"
PRJ-005795,FP/KA/ROAD/21030/2016,same four/six-laning (Hubli-Hospet NH-63),NH and name tokens,2026-09-28,"hand review of 1,312 automatic candidates (name, place, NH, km, category, state)"
PRJ-005796,FP/BR/ROAD/155194/2022,same NH and km section (Balbhadrapur-Bela Nawada NH-119D km 47-89),NH and name tokens,2026-09-28,"hand review of 1,312 automatic candidates (name, place, NH, km, category, state)"
PRJ-005801,FP/UK/ROAD/122382/2021,"same connectivity (NH-9 km 40 near Jagbuda bridge to the Mahakali bridge, Banbasa ICP)",NH and name tokens,2026-09-28,"hand review of 1,312 automatic candidates (name, place, NH, km, category, state)"
PRJ-005849,FP/TG/ROAD/32883/2018,same NH and km section (Manneguda-Ravulapalli NH-163 km 59.5-132),NH and name tokens,2026-09-28,"hand review of 1,312 automatic candidates (name, place, NH, km, category, state)"
PRJ-005855,FP/CG/ROAD/126719/2021,same section (Keonchi-Ratanpur NH-45),NH and name tokens,2026-09-28,"hand review of 1,312 automatic candidates (name, place, NH, km, category, state)"
PRJ-005857,FP/CG/ROAD/126719/2021,same section (Keonchi-Ratanpur NH-45),NH and name tokens,2026-09-28,"hand review of 1,312 automatic candidates (name, place, NH, km, category, state)"
PRJ-005863,FP/UK/ROAD/45326/2020,the proposal's NH-119 km 139-196.6 covers the project's km 175-196 (Gumkhal-Satpuli),NH and name tokens,2026-09-28,"hand review of 1,312 automatic candidates (name, place, NH, km, category, state)"
PRJ-005864,FP/MP/ROAD/51088/2020,same road (Dindori-Mandla NH-543),NH and name tokens,2026-09-28,"hand review of 1,312 automatic candidates (name, place, NH, km, category, state)"
PRJ-005870,FP/TG/ROAD/59453/2020,the proposal's NH-161B km 0-49 covers the project's km 0-45.9,NH and name tokens,2026-09-28,"hand review of 1,312 automatic candidates (name, place, NH, km, category, state)"
PRJ-005879,FP/BR/ROAD/142675/2021,"the proposal's NH-333A upgrade runs through Banka to Panjwara, the project's section",NH and name tokens,2026-09-28,"hand review of 1,312 automatic candidates (name, place, NH, km, category, state)"
PRJ-005896,FP/MH/ROAD/23680/2017,the proposal's NH-753B Shevli-Nizampur-Chhadvel road contains the project's sections (dropped),NH and name tokens,2026-09-28,"hand review of 1,312 automatic candidates (name, place, NH, km, category, state)"
PRJ-005914,FP/RJ/ROAD/45257/2020,same NH and km section (Ras-Beawar NH-158 km 0-30),NH and name tokens,2026-09-28,"hand review of 1,312 automatic candidates (name, place, NH, km, category, state)"
PRJ-005918,FP/MN/ROAD/71976/2020,the proposal's Taphukuki-Kuraopokpi km 262.2-287 covers the project's Daili-Kuraopokpi km 274.6-287 (NH-2),NH and name tokens,2026-09-28,"hand review of 1,312 automatic candidates (name, place, NH, km, category, state)"
PRJ-005919,FP/MN/ROAD/121002/2021,the proposal's Kuraopokpi-Nilakuthi km 287-308.7 covers the project's km 287-297.7 (NH-2),NH and name tokens,2026-09-28,"hand review of 1,312 automatic candidates (name, place, NH, km, category, state)"
PRJ-005922,FP/SK/ROAD/26768/2017,same road (Ranipool-Pakyong airport road NH-717A),NH and name tokens,2026-09-28,"hand review of 1,312 automatic candidates (name, place, NH, km, category, state)"
PRJ-005924,FP/AR/ROAD/48840/2020,"same NH and km section (Demwe-Brahmakund NH-13 km 0-18.5, balance work)",NH and name tokens,2026-09-28,"hand review of 1,312 automatic candidates (name, place, NH, km, category, state)"
PRJ-005948,FP/BR/ROAD/48921/2020,same NH and km section (Galgalia-Bahadurganj NH-327E km 0-49),NH and name tokens,2026-09-28,"hand review of 1,312 automatic candidates (name, place, NH, km, category, state)"
PRJ-005949,FP/BR/ROAD/48933/2020,same NH and km section (Bahadurganj-Araria NH-327E km 49-94),NH and name tokens,2026-09-28,"hand review of 1,312 automatic candidates (name, place, NH, km, category, state)"
PRJ-005957,FP/MP/ROAD/156438/2022,the proposal's Boregaon Buzurg-Muktainagar NH-753L section starts with the project's package I,NH and name tokens,2026-09-28,"hand review of 1,312 automatic candidates (name, place, NH, km, category, state)"
PRJ-005966,FP/CG/ROAD/122482/2021,"same section (Urga-Pathalgaon, Lot-3 package 1)",name tokens,2026-09-28,"hand review of 1,312 automatic candidates (name, place, NH, km, category, state)"
PRJ-005973,FP/MP/ROAD/155297/2022,same NH and km section (Mohari-Satai Ghat NH-934 design km 50.3-89.9),NH and name tokens,2026-09-28,"hand review of 1,312 automatic candidates (name, place, NH, km, category, state)"
PRJ-005983,FP/GJ/ROAD/39664/2019,"same four-laning (Pipli-Bhavnagar NH-751 from Adhelai, km 136)",name tokens,2026-09-28,"hand review of 1,312 automatic candidates (name, place, NH, km, category, state)"
PRJ-005989,FP/MH/ROAD/40522/2019,overlapping section (Lonand-Satara on NH-965D/DD),NH and name tokens,2026-09-28,"hand review of 1,312 automatic candidates (name, place, NH, km, category, state)"
PRJ-005996,FP/PB/ROAD/150445/2021,"same road (Mohali-Sirhind, Ch 0-27.4)",name tokens,2026-09-28,"hand review of 1,312 automatic candidates (name, place, NH, km, category, state)"
PRJ-005997,FP/UP/ROAD/145964/2021,the proposal's NH-74/30 Bareilly-Pilibhit-Sitarganj ch 0-64.8 covers package 1 (km 0-32.5),NH and name tokens,2026-09-28,"hand review of 1,312 automatic candidates (name, place, NH, km, category, state)"
PRJ-006016,FP/HP/ROAD/21585/2016,the proposal's Ner Chowk-Bajaura NH-21 km 190-248.3 contains the project's km 221.3-242,NH and name tokens,2026-09-28,"hand review of 1,312 automatic candidates (name, place, NH, km, category, state)"
PRJ-006016,FP/HP/ROAD/42461/2019,ancillary muck-disposal land of the same four-laning (Pandoh bypass-Takoli NH-21),NH and name tokens,2026-09-28,"hand review of 1,312 automatic candidates (name, place, NH, km, category, state)"
PRJ-006016,FP/HP/ROAD/48593/2020,additional land (tunnel portal etc.) for the same four-laning (Pandoh bypass-Takoli km 221.3-242),NH and name tokens,2026-09-28,"hand review of 1,312 automatic candidates (name, place, NH, km, category, state)"
PRJ-006020,FP/JH/ROAD/16883/2015,same NH and km section (Barhi-Koderma NH-31 km 0-27.7),NH and name tokens,2026-09-28,"hand review of 1,312 automatic candidates (name, place, NH, km, category, state)"
PRJ-006028,FP/HP/ROAD/154466/2022,"same package (Padhar-Bijni NH-154, package VA)",NH and name tokens,2026-09-28,"hand review of 1,312 automatic candidates (name, place, NH, km, category, state)"
PRJ-006030,FP/HP/ROAD/156128/2022,the proposal's Kolaka-Nauni Chowk NH-205 design km 28.8-58.5 covers the project's km 41-58.5,NH and name tokens,2026-09-28,"hand review of 1,312 automatic candidates (name, place, NH, km, category, state)"
PRJ-006034,FP/GJ/ROAD/133716/2021,"same widening (Patan-Gojariya NH-68, Patan forest)",NH and name tokens,2026-09-28,"hand review of 1,312 automatic candidates (name, place, NH, km, category, state)"
PRJ-006034,FP/GJ/ROAD/134637/2021,"same widening (Patan-Gojariya NH-68, Mehsana forest)",NH and name tokens,2026-09-28,"hand review of 1,312 automatic candidates (name, place, NH, km, category, state)"
PRJ-006045,FP/UP/ROAD/150633/2021,"same package (Moradabad-Kashipur NH-734, package II)",NH and name tokens,2026-09-28,"hand review of 1,312 automatic candidates (name, place, NH, km, category, state)"
PRJ-006052,FP/CG/ROAD/37444/2018,same section (Champa-Korba NH-149B),name tokens,2026-09-28,"hand review of 1,312 automatic candidates (name, place, NH, km, category, state)"
PRJ-006075,FP/MH/ROAD/148827/2021,same NH and km section (Vadape-Thane km 539.2-563),NH and name tokens,2026-09-28,"hand review of 1,312 automatic candidates (name, place, NH, km, category, state)"
PRJ-006075,FP/MH/ROAD/36965/2018,same eight-laning (Vadape-Thane NH-3/848),NH and name tokens,2026-09-28,"hand review of 1,312 automatic candidates (name, place, NH, km, category, state)"
PRJ-006086,FP/OR/ROAD/9123/2015,corridor-wide proposal for the same four-laning (Cuttack-Angul NH-42/55),NH and name tokens,2026-09-28,"hand review of 1,312 automatic candidates (name, place, NH, km, category, state)"
PRJ-006089,FP/KA/ROAD/30938/2017,the proposal's Tumkur-Shimoga NH-206 km 12.3-217 covers package I,NH and name tokens,2026-09-28,"hand review of 1,312 automatic candidates (name, place, NH, km, category, state)"
PRJ-006090,FP/KA/ROAD/30938/2017,the proposal's Tumkur-Shimoga NH-206 km 12.3-217 covers package II,NH and name tokens,2026-09-28,"hand review of 1,312 automatic candidates (name, place, NH, km, category, state)"
PRJ-006091,FP/KA/ROAD/30938/2017,the proposal's Tumkur-Shimoga NH-206 km 12.3-217 covers package III,NH and name tokens,2026-09-28,"hand review of 1,312 automatic candidates (name, place, NH, km, category, state)"
PRJ-006103,FP/UK/ROAD/140350/2021,same greenfield road (Jhajra on NH-7 to Asharori on NH-307),NH and name tokens,2026-09-28,"hand review of 1,312 automatic candidates (name, place, NH, km, category, state)"
PRJ-006110,FP/UP/ROAD/45282/2020,the proposal's Ganeshpur-Dehradun NH-72A km 0-16.2 covers package 1 (km 0-8.3),NH and name tokens,2026-09-28,"hand review of 1,312 automatic candidates (name, place, NH, km, category, state)"
PRJ-006112,FP/PB/RAIL/49268/2020,same named rail line and work (Ludhiana-Mullanpur doubling),name tokens,2026-09-28,"hand review of 1,312 automatic candidates (name, place, NH, km, category, state)"
PRJ-006151,FP/PB/ROAD/120446/2021,the same new highway (Ludhiana-Rupnagar NH-205K; the proposal names no package),NH and name tokens,2026-09-28,"hand review of 1,312 automatic candidates (name, place, NH, km, category, state)"
PRJ-006159,FP/KA/RAIL/19023/2016,same named rail line and work (Hubli-Ankola new line),name tokens,2026-09-28,"hand review of 1,312 automatic candidates (name, place, NH, km, category, state)"
PRJ-006160,FP/MH/RAIL/29809/2017,same named rail line and work (Wardha-Yavatmal-Pusad-Nanded),name tokens,2026-09-28,"hand review of 1,312 automatic candidates (name, place, NH, km, category, state)"
PRJ-006160,FP/MH/RAIL/49628/2020,same named rail line and work (Wardha-Yavatmal-Pusad-Nanded),name tokens,2026-09-28,"hand review of 1,312 automatic candidates (name, place, NH, km, category, state)"
PRJ-006160,FP/MH/RAIL/6560/2014,same named rail line and work (Wardha-Nanded new line),name tokens,2026-09-28,"hand review of 1,312 automatic candidates (name, place, NH, km, category, state)"
PRJ-006207,FP/HP/ROAD/156128/2022,the proposal's Kolaka-Nauni Chowk NH-205 design km 28.8-58.5 covers the project's km 33.2-41,NH and name tokens,2026-09-28,"hand review of 1,312 automatic candidates (name, place, NH, km, category, state)"
