state,highway_name,chainage_raw,chainage_start_km,chainage_end_km,chainage_length_km,districts_touched,num_districts,num_subdistricts,num_villages,num_parcels,total_area_ha,avg_area_per_parcel_ha,parcels_per_km,area_ha_per_km,first_notif_date,last_notif_date,notif_span_days,acquisition_complexity_score
MAHARASHTRA,150E,70.682 - 106.526,70.682,106.526,35.844,SOLAPUR,1,1,9,72,10.86,0.1508,2.01,0.303,2018-09-28,2018-09-28,0,0
MAHARASHTRA,150E,99.400 - 138.352,99.4,138.352,38.952,SOLAPUR,1,3,9,187,24.3421,0.1302,4.8,0.6249,2018-11-29,2022-08-10,1350,3
MAHARASHTRA,160 Ext.,0.000 - 19.680,0.0,19.68,19.68,AHMEDNAGAR,1,1,7,41,1.2854,0.0314,2.08,0.0653,2020-09-01,2022-06-01,638,1
MAHARASHTRA,160 Ext.,19.680 - 69.500,19.68,69.5,49.82,AHMEDNAGAR,1,1,10,71,3.2572,0.0459,1.43,0.0654,2020-09-01,2022-02-11,528,1
MAHARASHTRA,160 Ext.,70.000 - 93.800,70.0,93.8,23.8,PUNE,1,1,5,51,4.705,0.0923,2.14,0.1977,2020-10-13,2021-06-30,260,0
MAHARASHTRA,160 New,57.500 - 98.250,57.5,98.25,40.75,NASHIK,1,1,20,349,48.7128,0.1396,8.56,1.1954,2018-03-16,2024-08-02,2331,4
MAHARASHTRA,160 New,98.250 - 116.000,98.25,116.0,17.75,AHMEDNAGAR,1,2,7,454,43.3702,0.0955,25.58,2.4434,2018-06-29,2023-03-20,1725,4
MAHARASHTRA,160C,14.260 - 26.160,14.26,26.16,11.9,AHMEDNAGAR,1,1,2,43,1.796,0.0418,3.61,0.1509,2019-12-30,2023-07-31,1309,2
MAHARASHTRA,160H,66.500 - 96.000,66.5,96.0,29.5,NASHIK,1,1,6,69,10.2808,0.149,2.34,0.3485,2019-11-29,2024-12-18,1846,2
MAHARASHTRA,161 (New),2.826 - 20.200,2.826,20.2,17.374,AKOLA,1,1,10,809,51.0419,0.0631,46.56,2.9378,2018-04-02,2024-07-12,2293,4
MAHARASHTRA,161 (New),14.100 - 17.400,14.1,17.4,3.3,AKOLA,1,1,1,15,1.513,0.1009,4.55,0.4585,2018-10-11,2021-04-15,917,1
MAHARASHTRA,161 (New),20.200 - 40.100,20.2,40.1,19.9,AKOLA,1,1,9,286,63.2294,0.2211,14.37,3.1774,2018-05-25,2023-06-06,1838,4
MAHARASHTRA,161 (New),40.100 - 97.700,40.1,97.7,57.6,WASHIM,1,2,33,1699,242.682,0.1428,29.5,4.2132,2018-05-24,2023-07-17,1880,4
MAHARASHTRA,161 (New),99.100 - 139.600,99.1,139.6,40.5,HINGOLI,1,1,21,1196,120.7966,0.101,29.53,2.9826,2018-05-25,2025-02-13,2456,4
MAHARASHTRA,161 (New),134.365 - 135.265,134.365,135.265,0.9,NANDED,1,1,1,7,2.7,0.3857,7.78,3.0,2019-06-13,2019-06-13,0,0
MAHARASHTRA,161 (New),139.600 - 180.600,139.6,180.6,41.0,HINGOLI,1,1,21,1487,142.6,0.0959,36.27,3.478,2018-05-11,2021-03-12,1036,3
MAHARASHTRA,161A,0.000 - 37.135,0.0,37.135,37.135,NANDED,1,1,7,74,4.933,0.0667,1.99,0.1328,2020-02-03,2023-07-26,1269,2
MAHARASHTRA,161A,0.000 - 8.000,0.0,8.0,8.0,YAVATMAL,1,1,1,2,0.0255,0.0127,0.25,0.0032,2020-07-29,2020-07-29,0,0
MAHARASHTRA,161A,0.000 - 9.400,0.0,9.4,9.4,NANDED,1,1,2,8,2.75,0.3438,0.85,0.2926,2020-11-03,2020-11-03,0,0
MAHARASHTRA,161A,8.000 - 32.500,8.0,32.5,24.5,YAVATMAL,1,1,2,17,0.5254,0.0309,0.69,0.0214,2020-12-31,2022-07-26,572,1
MAHARASHTRA,161A,9.400 - 33.000,9.4,33.0,23.6,NANDED,1,1,2,9,1.6984,0.1887,0.38,0.072,2020-07-29,2020-07-29,0,0
MAHARASHTRA,161A,32.500 - 40.000,32.5,40.0,7.5,WASHIM,1,1,1,2,0.27,0.135,0.27,0.036,2020-04-22,2020-04-22,0,0
MAHARASHTRA,161A,33.000 - 45.000,33.0,45.0,12.0,NANDED,1,1,1,24,1.0373,0.0432,2.0,0.0864,2022-02-15,2022-02-15,0,0
MAHARASHTRA,161A,37.135 - 52.730,37.135,52.73,15.595,NANDED,1,1,2,34,1.61,0.0474,2.18,0.1032,2020-02-03,2023-06-06,1219,2
MAHARASHTRA,161A,40.000 - 63.000,40.0,63.0,23.0,WASHIM,1,1,2,2,0.047,0.0235,0.09,0.002,2020-05-15,2020-05-15,0,0
MAHARASHTRA,161A,45.000 - 90.000,45.0,90.0,45.0,NANDED,1,1,5,31,2.5893,0.0835,0.69,0.0575,2021-02-23,2023-12-22,1032,1
MAHARASHTRA,161A,52.730 - 99.250,52.73,99.25,46.52,NANDED,1,2,11,240,9.8782,0.0412,5.16,0.2123,2020-02-03,2022-02-28,756,2
MAHARASHTRA,161A,63.000 - 75.000,63.0,75.0,12.0,WASHIM,1,1,2,3,0.25,0.0833,0.25,0.0208,2020-04-22,2020-04-22,0,0
MAHARASHTRA,161A,75.000 - 105.000,75.0,105.0,30.0,WASHIM,1,1,8,33,2.906,0.0881,1.1,0.0969,2021-04-09,2021-04-09,0,0
MAHARASHTRA,161A,90.000 - 146.258,90.0,146.258,56.258,NANDED,1,1,1,2,0.1715,0.0858,0.04,0.003,2022-02-15,2022-09-14,211,0
MAHARASHTRA,161A,105.000 - 107.500,105.0,107.5,2.5,AKOLA,1,1,1,15,0.89,0.0593,6.0,0.356,2021-04-07,2021-04-07,0,0
MAHARASHTRA,161A,146.258 - 147.758,146.258,147.758,1.5,YAVATMAL,1,1,1,2,0.73,0.365,1.33,0.4867,2022-02-15,2022-02-15,0,0
MAHARASHTRA,161A,372.000 - 382.000,372.0,382.0,10.0,NANDED,1,1,1,30,5.4772,0.1826,3.0,0.5477,2025-04-17,2025-04-17,0,0
MAHARASHTRA,161A,382.000 - 387.650,382.0,387.65,5.65,NANDED,1,1,1,25,2.6319,0.1053,4.42,0.4658,2025-01-09,2025-01-09,0,0
MAHARASHTRA,166,0.000 - 137.285,0.0,137.285,137.285,KOLHAPUR|RATNAGIRI,2,6,76,3618,422.1781,0.1167,26.35,3.0752,2018-02-05,2025-01-03,2524,5
MAHARASHTRA,166,67.140 - 145.300,67.14,145.3,78.16,KOLHAPUR,1,2,28,604,78.9397,0.1311,7.73,1.01,2018-02-05,2025-02-13,2565,4
MAHARASHTRA,166,181.100 - 182.556,181.1,182.556,1.456,SANGLI,1,1,1,21,3.664,0.1745,14.42,2.5165,2024-11-07,2024-11-07,0,0
MAHARASHTRA,166,182.200 - 248.600,182.2,248.6,66.4,SANGLI,1,2,26,946,127.0973,0.1344,14.25,1.9141,2017-11-17,2024-12-04,2574,4
MAHARASHTRA,166,248.600 - 331.200,248.6,331.2,82.6,SOLAPUR,1,2,25,1124,180.3179,0.1604,13.61,2.183,2018-06-18,2024-03-11,2093,4
MAHARASHTRA,166,331.200 - 357.650,331.2,357.65,26.45,SOLAPUR,1,1,9,198,45.5604,0.2301,7.49,1.7225,2017-10-17,2024-07-03,2451,3
MAHARASHTRA,166,357.650 - 369.000,357.65,369.0,11.35,SOLAPUR,1,1,3,12,3.9438,0.3286,1.06,0.3475,2020-02-26,2022-02-04,709,1
MAHARASHTRA,166D,0.000 - 14.350,0.0,14.35,14.35,RAIGAD,1,1,5,49,1.6886,0.0345,3.41,0.1177,2023-02-14,2023-02-14,0,0
MAHARASHTRA,166D,14.350 - 33.328,14.35,33.328,18.978,RAIGAD,1,1,1,2,0.193,0.0965,0.11,0.0102,2023-02-17,2023-02-17,0,0
MAHARASHTRA,166E,0.000 - 13.700,0.0,13.7,13.7,SANGLI,1,1,4,30,1.141,0.038,2.19,0.0833,2020-09-17,2022-09-20,733,1
MAHARASHTRA,166E,0.000 - 17.325,0.0,17.325,17.325,Satara,1,1,3,27,0.3956,0.0147,1.56,0.0228,2022-03-24,2022-03-24,0,0
MAHARASHTRA,166E,0.000 - 73.200,0.0,73.2,73.2,RATNAGIRI,1,2,13,358,9.5297,0.0266,4.89,0.1302,2023-07-04,2023-10-26,114,1
MAHARASHTRA,166E,13.070 - 49.381,13.07,49.381,36.311,SANGLI,1,1,4,82,7.9928,0.0975,2.26,0.2201,2020-09-17,2024-01-17,1217,2
MAHARASHTRA,166E,17.325 - 38.550,17.325,38.55,21.225,SANGLI,1,1,3,11,0.1865,0.017,0.52,0.0088,2021-03-10,2021-03-10,0,0
MAHARASHTRA,166E,38.550 - 76.550,38.55,76.55,38.0,SANGLI,1,1,10,107,1.2231,0.0114,2.82,0.0322,2021-04-07,2022-06-23,442,1
MAHARASHTRA,166E,76.750 - 93.770,76.75,93.77,17.02,SANGLI,1,2,4,258,11.9265,0.0462,15.16,0.7007,2021-05-24,2022-12-16,571,2
MAHARASHTRA,166E,85.000 - 133.417,85.0,133.417,48.417,Satara,1,1,25,403,6.7634,0.0168,8.32,0.1397,2020-08-25,2020-08-25,0,1
MAHARASHTRA,166E,120.800 - 133.417,120.8,133.417,12.617,Satara,1,1,6,99,0.7468,0.0075,7.85,0.0592,2020-06-19,2022-09-14,817,1
MAHARASHTRA,166F,0.000 - 23.447,0.0,23.447,23.447,RAIGAD,1,1,10,169,20.144,0.1192,7.21,0.8591,2020-02-03,2023-10-26,1361,3
MAHARASHTRA,166G,10.800 - 13.000,10.8,13.0,2.2,SINDHUDURG,1,1,2,24,1.966,0.0819,10.91,0.8936,2025-01-03,2025-01-03,0,0
MAHARASHTRA,166G,11.000 - 19.300,11.0,19.3,8.3,SINDHUDURG,1,1,1,31,1.731,0.0558,3.73,0.2086,2024-12-18,2024-12-18,0,0
MAHARASHTRA,166G,35.300 - 66.000,35.3,66.0,30.7,KOLHAPUR,1,1,3,43,0.5204,0.0121,1.4,0.017,2025-02-28,2025-02-28,0,0
MAHARASHTRA,166G,66.000 - 82.440,66.0,82.44,16.44,KOLHAPUR,1,1,4,17,1.4578,0.0858,1.03,0.0887,2024-07-02,2024-07-02,0,0
MAHARASHTRA,166H,0.000 - 29.600,0.0,29.6,29.6,SANGLI,1,1,3,87,1.7509,0.0201,2.94,0.0592,2024-09-19,2025-02-11,145,0
MAHARASHTRA,166H,29.600 - 39.250,29.6,39.25,9.65,SANGLI,1,1,2,43,2.0493,0.0477,4.46,0.2124,2024-09-03,2025-01-27,146,0
MAHARASHTRA,204,137.250 - 137.250,137.25,137.25,0.0,KOLHAPUR,1,1,1,3,0.13,0.0433,,,2020-02-03,2020-02-03,0,0
MAHARASHTRA,211,100.000 - 290.200,100.0,290.2,190.2,Jalna,1,1,9,58,1.9436,0.0335,0.3,0.0102,2019-03-22,2020-08-28,525,1
MAHARASHTRA,211,141.000 - 191.820,141.0,191.82,50.82,BEED,1,1,13,146,43.8888,0.3006,2.87,0.8636,2013-08-23,2020-12-22,2678,3
MAHARASHTRA,211,191.820 - 221.000,191.82,221.0,29.18,BEED,1,1,10,147,6.9343,0.0472,5.04,0.2376,2015-02-16,2020-07-31,1992,2
MAHARASHTRA,211,245.000 - 290.000,245.0,290.0,45.0,AURANGABAD,1,2,7,21,0.9026,0.043,0.47,0.0201,2019-01-31,2020-05-20,475,1
MAHARASHTRA,211,290.200 - 320.640,290.2,320.64,30.44,AURANGABAD,1,1,12,273,99.1199,0.3671,8.97,3.2562,2016-09-16,2021-03-02,1628,4
MAHARASHTRA,211,390.000 - 424.000,390.0,424.0,34.0,JALGAON,1,1,14,1104,134.0506,0.1218,32.47,3.9427,2014-05-08,2024-08-14,3751,4
MAHARASHTRA,211,390.000 - 457.231,390.0,457.231,67.231,DHULE,1,1,12,674,86.7619,0.1287,10.03,1.2905,2014-05-07,2024-09-25,3794,4
MAHARASHTRA,222,101.000 - 161.570,101.0,161.57,60.57,PUNE,1,1,2,69,6.3939,0.0927,1.14,0.1056,2018-12-07,2020-02-04,424,1
MAHARASHTRA,222,161.570 - 198.000,161.57,198.0,36.43,AHMEDNAGAR,1,1,9,147,9.34,0.0635,4.04,0.2564,2016-04-27,2016-04-27,0,0
MAHARASHTRA,222,198.000 - 211.000,198.0,211.0,13.0,AHMEDNAGAR,1,1,4,63,3.9757,0.0631,4.85,0.3058,2015-04-27,2016-04-27,366,1
MAHARASHTRA,222,211.000 - 232.000,211.0,232.0,21.0,AHMEDNAGAR,1,1,12,765,251.4931,0.3287,36.43,11.9759,2018-08-16,2024-02-06,2000,4
MAHARASHTRA,222,232.000 - 239.600,232.0,239.6,7.6,AHMEDNAGAR,1,1,1,2,0.0908,0.0454,0.26,0.0119,2019-10-10,2019-10-10,0,0
MAHARASHTRA,222,243.800 - 284.000,243.8,284.0,40.2,AHMEDNAGAR,1,1,10,50,1.837,0.0367,1.24,0.0457,2019-10-10,2019-10-10,0,0
MAHARASHTRA,222,444.000 - 494.000,444.0,494.0,50.0,PARBHANI,1,3,5,29,3.9927,0.1377,0.58,0.0799,2019-08-05,2019-08-05,0,0
MAHARASHTRA,222,494.000 - 514.000,494.0,514.0,20.0,HINGOLI,1,1,3,29,1.2708,0.0438,1.45,0.0635,2018-09-07,2020-12-04,819,1
MAHARASHTRA,222,514.000 - 518.600,514.0,518.6,4.6,HINGOLI,1,1,1,20,0.8499,0.0425,4.35,0.1848,2025-02-28,2025-02-28,0,0
MAHARASHTRA,222,514.000 - 524.900,514.0,524.9,10.9,HINGOLI,1,1,3,16,4.482,0.2801,1.47,0.4112,2018-09-07,2020-12-04,819,1
MAHARASHTRA,222,524.900 - 558.200,524.9,558.2,33.3,NANDED,1,1,2,26,1.0457,0.0402,0.78,0.0314,2018-09-07,2020-07-02,664,1
MAHARASHTRA,222,558.200 - 562.000,558.2,562.0,3.8,NANDED,1,1,1,4,0.4545,0.1136,1.05,0.1196,2019-09-19,2019-09-19,0,0
MAHARASHTRA,222,562.000 - 615.000,562.0,615.0,53.0,NANDED,1,1,11,64,3.71,0.058,1.21,0.07,2020-06-29,2020-06-29,0,0
MAHARASHTRA,247,109.790 - 163.050,109.79,163.05,53.26,BHANDARA,1,2,2,14,2.3237,0.166,0.26,0.0436,2021-03-12,2021-03-12,0,0
MAHARASHTRA,247,166.640 - 205.214,166.64,205.214,38.574,NAGPUR,1,2,4,40,0.7751,0.0194,1.04,0.0201,2021-03-12,2021-03-12,0,0
MAHARASHTRA,266,13.200 - 25.550,13.2,25.55,12.35,SANGLI,1,1,5,155,1.6698,0.0108,12.55,0.1352,2020-02-14,2023-12-15,1400,2
MAHARASHTRA,266,25.550 - 43.300,25.55,43.3,17.75,SANGLI,1,1,3,83,1.078,0.013,4.68,0.0607,2020-02-17,2020-02-17,0,0
MAHARASHTRA,266,43.300 - 58.830,43.3,58.83,15.53,SANGLI,1,1,4,65,0.9285,0.0143,4.19,0.0598,2020-02-07,2020-02-07,0,0
MAHARASHTRA,266,58.830 - 81.829,58.83,81.829,22.999,SANGLI,1,2,4,116,10.7835,0.093,5.04,0.4689,2020-08-26,2022-09-14,749,1
MAHARASHTRA,3,168.500 - 265.000,168.5,265.0,96.5,DHULE,1,3,32,1023,245.3829,0.2399,10.6,2.5428,2009-02-23,2019-08-20,3830,4
MAHARASHTRA,3,265.000 - 287.500,265.0,287.5,22.5,DHULE,1,1,6,514,46.7104,0.0909,22.84,2.076,2007-07-02,2015-10-12,3024,4
MAHARASHTRA,3,287.500 - 380.000,287.5,380.0,92.5,NASHIK,1,4,36,1701,226.5742,0.1332,18.39,2.4495,2007-07-02,2021-02-16,4978,4
MAHARASHTRA,3,380.000 - 440.000,380.0,440.0,60.0,NASHIK,1,4,15,1187,104.7726,0.0883,19.78,1.7462,2009-07-10,2021-07-09,4382,4
MAHARASHTRA,3,440.000 - 470.800,440.0,470.8,30.8,NASHIK,1,1,13,642,39.467,0.0615,20.84,1.2814,2007-07-02,2016-06-09,3265,4
MAHARASHTRA,3,470.800 - 539.000,470.8,539.0,68.2,THANE,1,2,34,851,93.4519,0.1098,12.48,1.3703,2007-07-02,2022-04-05,5391,4
MAHARASHTRA,3,487.800 - 539.500,487.8,539.5,51.7,THANE,1,2,34,849,92.0015,0.1085,16.42,1.7795,2007-07-02,2007-07-02,0,2
MAHARASHTRA,347A,0.000 - 36.850,0.0,36.85,36.85,WARDHA,1,1,1,8,1.39,0.1738,0.22,0.0377,2020-07-29,2020-07-29,0,0
MAHARASHTRA,347A,0.000 - 60.703,0.0,60.703,60.703,WARDHA,1,1,1,1,0.003,0.003,0.02,0.0,2023-12-01,2023-12-01,0,0
MAHARASHTRA,347A,59.900 - 73.600,59.9,73.6,13.7,WARDHA,1,2,3,3,0.0165,0.0055,0.22,0.0012,2020-06-17,2020-06-17,0,0
MAHARASHTRA,353 C,113.650 - 132.000,113.65,132.0,18.35,GADCHIROLI,1,1,4,14,1.4217,0.1016,0.76,0.0775,2021-04-09,2021-04-09,0,0
MAHARASHTRA,353-I,0.000 - 39.200,0.0,39.2,39.2,NAGPUR,1,1,1,1,0.0985,0.0985,0.03,0.0025,2023-03-31,2023-03-31,0,0
MAHARASHTRA,353-I,38.000 - 48.000,38.0,48.0,10.0,WARDHA,1,1,4,68,12.2434,0.18,6.8,1.2243,2022-07-21,2022-12-09,141,0
MAHARASHTRA,353-I,39.200 - 88.620,39.2,88.62,49.42,WARDHA,1,3,23,586,26.0605,0.0445,11.86,0.5273,2022-06-10,2022-06-10,0,2
MAHARASHTRA,353B,32.500 - 89.491,32.5,89.491,56.991,CHANDRAPUR,1,2,31,918,147.5709,0.1608,16.11,2.5894,2019-04-29,2025-02-13,2117,4
MAHARASHTRA,353B,242.150 - 261.150,242.15,261.15,19.0,CHANDRAPUR,1,1,4,21,1.3185,0.0628,1.11,0.0694,2020-12-15,2020-12-15,0,0
MAHARASHTRA,353B,261.150 - 284.400,261.15,284.4,23.25,CHANDRAPUR,1,1,4,10,1.3323,0.1332,0.43,0.0573,2020-12-31,2020-12-31,0,0
MAHARASHTRA,353B,291.220 - 291.950,291.22,291.95,0.73,GADCHIROLI,1,1,1,3,0.36,0.12,4.11,0.4932,2022-11-29,2022-11-29,0,0
MAHARASHTRA,353C,132.000 - 182.000,132.0,182.0,50.0,GADCHIROLI,1,1,4,17,1.494,0.0879,0.34,0.0299,2021-04-09,2021-04-09,0,0
MAHARASHTRA,353D,7.300 - 54.385,7.3,54.385,47.085,NAGPUR,1,3,18,470,50.5088,0.1077,9.98,1.0727,2017-05-05,2020-10-14,1258,4
MAHARASHTRA,353D,97.487 - 137.250,97.487,137.25,39.763,CHANDRAPUR|GADCHIROLI,2,3,15,174,8.3884,0.0482,4.38,0.211,2020-07-29,2020-10-20,83,1
MAHARASHTRA,353E,20.700 - 47.700,20.7,47.7,27.0,CHANDRAPUR,1,1,8,71,7.1425,0.1006,2.63,0.2645,2021-03-10,2023-07-31,873,1
MAHARASHTRA,353E,47.700 - 68.600,47.7,68.6,20.9,CHANDRAPUR,1,1,2,4,0.23,0.0575,0.19,0.011,2023-03-10,2023-03-10,0,0
MAHARASHTRA,353E,68.600 - 98.350,68.6,98.35,29.75,CHANDRAPUR,1,1,2,5,0.19,0.038,0.17,0.0064,2022-07-28,2022-07-28,0,0
MAHARASHTRA,353J,0.000 - 53.719,0.0,53.719,53.719,AMRAVATI,1,3,7,73,6.3752,0.0873,1.36,0.1187,2019-12-30,2022-11-29,1065,1
MAHARASHTRA,353J,0.000 - 62.000,0.0,62.0,62.0,NAGPUR,1,3,28,834,164.6646,0.1974,13.45,2.6559,2018-11-15,2020-01-27,438,3
MAHARASHTRA,353J,13.000 - 15.730,13.0,15.73,2.73,NAGPUR,1,1,2,41,8.5274,0.208,15.02,3.1236,2018-11-15,2022-02-15,1188,2
MAHARASHTRA,353J,15.730 - 35.080,15.73,35.08,19.35,NAGPUR,1,1,9,359,54.9485,0.1531,18.55,2.8397,2018-03-15,2022-11-23,1714,4
MAHARASHTRA,353J,35.080 - 62.900,35.08,62.9,27.82,NAGPUR,1,1,17,528,107.6573,0.2039,18.98,3.8698,2018-11-15,2023-10-20,1800,4
MAHARASHTRA,353J,60.100 - 80.020,60.1,80.02,19.92,NAGPUR,1,2,3,22,3.94,0.1791,1.1,0.1978,2021-02-22,2021-02-22,0,0
MAHARASHTRA,353J,80.020 - 101.565,80.02,101.565,21.545,AMRAVATI,1,1,5,28,4.5,0.1607,1.3,0.2089,2021-02-22,2021-02-22,0,0
MAHARASHTRA,353K,0.000 - 16.000,0.0,16.0,16.0,AMRAVATI,1,1,1,2,0.0268,0.0134,0.12,0.0017,2021-06-16,2021-06-16,0,0
MAHARASHTRA,353K,17.000 - 43.000,17.0,43.0,26.0,AMRAVATI,1,1,2,9,0.93,0.1033,0.35,0.0358,2019-12-30,2020-01-09,10,0
MAHARASHTRA,353K,43.000 - 95.390,43.0,95.39,52.39,AMRAVATI,1,2,4,9,1.74,0.1933,0.17,0.0332,2020-04-22,2025-01-03,1717,2
MAHARASHTRA,361,0.000 - 55.835,0.0,55.835,55.835,Latur,1,1,8,75,4.8407,0.0645,1.34,0.0867,2016-07-22,2019-08-05,1109,2
MAHARASHTRA,361,55.835 - 114.345,55.835,114.345,58.51,Latur,1,2,14,1515,118.7544,0.0784,25.89,2.0296,2017-07-04,2023-05-25,2151,4
MAHARASHTRA,361,114.345 - 187.800,114.345,187.8,73.455,Latur|NANDED,2,3,37,2589,232.0086,0.0897,35.25,3.1585,2017-03-17,2024-02-12,2523,5
MAHARASHTRA,361,187.800 - 244.369,187.8,244.369,56.569,HINGOLI|NANDED,2,2,7,1015,58.0809,0.0572,17.94,1.0267,2016-12-30,2024-02-12,2600,5
MAHARASHTRA,361,195.360 - 233.100,195.36,233.1,37.74,NANDED,1,2,19,1358,95.0989,0.0703,35.98,2.5198,2017-04-06,2022-12-29,2093,4
MAHARASHTRA,361,253.700 - 320.580,253.7,320.58,66.88,NANDED,1,1,12,739,82.5203,0.1118,11.05,1.2339,2016-09-16,2022-02-04,1967,4
MAHARASHTRA,361 New,0.000 - 55.835,0.0,55.835,55.835,Dharashiv (OSMANABAD),1,1,2,20,1.6609,0.083,0.36,0.0297,2019-02-05,2025-03-26,2241,2
MAHARASHTRA,361 New,55.835 - 114.345,55.835,114.345,58.51,Latur,1,1,3,659,29.541,0.045,11.26,0.5049,2017-05-11,2022-11-17,2016,4
MAHARASHTRA,361 New,253.700 - 320.580,253.7,320.58,66.88,HINGOLI|YAVATMAL,2,3,16,446,54.9947,0.125,6.67,0.8223,2016-09-02,2022-11-17,2267,5
MAHARASHTRA,361 New,320.580 - 400.575,320.58,400.575,79.995,YAVATMAL,1,3,31,1925,279.8685,0.1454,24.06,3.4986,2016-08-23,2022-05-06,2082,4
MAHARASHTRA,361 New,400.575 - 465.500,400.575,465.5,64.925,WARDHA|YAVATMAL,2,4,28,1607,195.5707,0.1217,24.75,3.0123,2016-06-09,2025-05-09,3256,5
MAHARASHTRA,361 New,465.500 - 524.690,465.5,524.69,59.19,NAGPUR|WARDHA,2,4,35,1093,199.8553,0.1829,18.47,3.3765,2016-08-23,2022-12-29,2319,5
MAHARASHTRA,361B,0.000 - 50.275,0.0,50.275,50.275,YAVATMAL,1,2,11,81,16.315,0.2014,1.61,0.3245,2018-12-21,2018-12-21,0,0
MAHARASHTRA,361B,0.000 - 9.300,0.0,9.3,9.3,YAVATMAL,1,1,3,39,4.558,0.1169,4.19,0.4901,2020-09-17,2021-06-30,286,0
MAHARASHTRA,361C,16.000 - 46.000,16.0,46.0,30.0,YAVATMAL,1,1,5,32,4.01,0.1253,1.07,0.1337,2022-02-11,2022-02-11,0,0
MAHARASHTRA,361F,0.000 - 11.500,0.0,11.5,11.5,AHMEDNAGAR,1,1,5,270,6.7422,0.025,23.48,0.5863,2021-03-12,2022-07-22,497,2
MAHARASHTRA,361F,11.500 - 30.600,11.5,30.6,19.1,BEED,1,1,6,561,11.5623,0.0206,29.37,0.6054,2021-03-02,2023-08-07,888,2
MAHARASHTRA,361F,30.600 - 36.900,30.6,36.9,6.3,BEED,1,1,2,169,2.6934,0.0159,26.83,0.4275,2022-03-24,2024-01-31,678,1
MAHARASHTRA,361H,59.400 - 38.200,59.4,38.2,-21.2,Latur,1,1,1,7,0.9524,0.1361,-0.33,-0.0449,2020-02-07,2020-02-07,0,0
MAHARASHTRA,4,725.000 - 865.350,725.0,865.35,140.35,PUNE|Satara,2,6,13,51,1.7666,0.0346,0.36,0.0126,2017-09-15,2022-05-20,1708,3
MAHARASHTRA,4,771.730 - 782.000,771.73,782.0,10.27,Satara,1,2,4,113,22.8,0.2018,11.0,2.2201,2018-06-21,2024-12-06,2360,3
MAHARASHTRA,44,14.600 - 46.000,14.6,46.0,31.4,NAGPUR,1,1,1,2,0.0257,0.0128,0.06,0.0008,2019-08-09,2019-08-09,0,0
MAHARASHTRA,461B,0.000 - 44.220,0.0,44.22,44.22,WASHIM,1,2,5,37,3.45,0.0932,0.84,0.078,2020-10-29,2020-10-29,0,0
MAHARASHTRA,461B,44.220 - 94.740,44.22,94.74,50.52,HINGOLI,1,2,2,20,1.9743,0.0987,0.4,0.0391,2020-08-10,2020-08-10,0,0
MAHARASHTRA,47,3.000 - 59.000,3.0,59.0,56.0,NAGPUR,1,2,4,53,4.4437,0.0838,0.95,0.0794,2011-05-09,2018-03-01,2488,2
MAHARASHTRA,48,381.600 - 459.350,381.6,459.35,77.75,PALGHAR,1,1,2,6,0.4661,0.0777,0.08,0.006,2020-01-15,2020-01-15,0,0
MAHARASHTRA,48,496.100 - 498.350,496.1,498.35,2.25,PALGHAR|THANE,2,2,2,4,0.228,0.057,1.78,0.1013,2019-12-27,2019-12-27,0,1
MAHARASHTRA,48,592.240 - 658.000,592.24,658.0,65.76,KOLHAPUR|SANGLI,2,4,10,66,4.6253,0.0701,1.0,0.0703,2022-02-15,2025-01-30,1080,2
MAHARASHTRA,48,592.240 - 725.000,592.24,725.0,132.76,KOLHAPUR|SANGLI|Satara,3,6,53,791,25.8184,0.0326,5.96,0.1945,2021-03-10,2025-02-07,1430,5
MAHARASHTRA,50,0.000 - 65.952,0.0,65.952,65.952,NANDED,1,1,7,130,11.0773,0.0852,1.97,0.168,2020-02-03,2020-08-17,196,0
MAHARASHTRA,50,65.952 - 111.409,65.952,111.409,45.457,Latur,1,2,3,26,3.3801,0.13,0.57,0.0744,2021-03-12,2021-03-12,0,0
MAHARASHTRA,516A,0.000 - 27.970,0.0,27.97,27.97,AHMEDNAGAR,1,1,11,629,80.2356,0.1276,22.49,2.8686,2018-11-28,2024-11-22,2186,4
MAHARASHTRA,516A,0.000 - 36.190,0.0,36.19,36.19,SOLAPUR,1,1,1,1,0.0564,0.0564,0.03,0.0016,2020-07-02,2020-07-02,0,0
MAHARASHTRA,516A,27.970 - 38.350,27.97,38.35,10.38,AHMEDNAGAR,1,1,4,172,44.4251,0.2583,16.57,4.2799,2018-09-19,2023-03-13,1636,3
MAHARASHTRA,516A,38.350 - 80.600,38.35,80.6,42.25,AHMEDNAGAR,1,1,15,741,166.2599,0.2244,17.54,3.9351,2018-10-26,2023-03-13,1599,4
MAHARASHTRA,516A,40.800 - 55.450,40.8,55.45,14.65,SOLAPUR,1,1,1,4,0.275,0.0688,0.27,0.0188,2020-05-22,2020-12-31,223,0
MAHARASHTRA,516A,55.450 - 91.312,55.45,91.312,35.862,SOLAPUR,1,1,3,4,0.53,0.1325,0.11,0.0148,2021-06-09,2021-06-09,0,0
MAHARASHTRA,516A,80.600 - 139.700,80.6,139.7,59.1,SOLAPUR,1,1,12,328,48.2193,0.147,5.55,0.8159,2018-11-06,2025-03-05,2311,4
MAHARASHTRA,52,0.000 - 100.000,0.0,100.0,100.0,Dharashiv (OSMANABAD)|SOLAPUR,2,5,25,209,9.4729,0.0453,2.09,0.0947,2020-05-22,2022-06-30,769,3
MAHARASHTRA,52,0.000 - 39.000,0.0,39.0,39.0,SOLAPUR,1,2,6,13,3.82,0.2938,0.33,0.0979,2019-07-25,2022-02-04,925,1
MAHARASHTRA,52,100.000 - 141.000,100.0,141.0,41.0,Dharashiv (OSMANABAD),1,3,9,32,1.3393,0.0419,0.78,0.0327,2019-09-18,2022-04-04,929,1
MAHARASHTRA,52,320.640 - 376.000,320.64,376.0,55.36,AURANGABAD,1,3,15,89,6.6829,0.0759,1.61,0.1207,2015-09-15,2024-01-17,3046,2
MAHARASHTRA,543,0.000 - 38.200,0.0,38.2,38.2,GONDIA,1,3,13,136,8.8198,0.0649,3.56,0.2309,2020-11-13,2020-11-13,0,0
MAHARASHTRA,543,32.300 - 41.210,32.3,41.21,8.91,GONDIA,1,1,7,257,27.2822,0.1062,28.84,3.062,2023-03-10,2024-12-13,644,3
MAHARASHTRA,547E,4.700 - 33.575,4.7,33.575,28.875,NAGPUR,1,2,16,699,84.5287,0.1209,24.21,2.9274,2018-03-12,2022-04-11,1491,4
MAHARASHTRA,548A,0.000 - 20.130,0.0,20.13,20.13,THANE,1,1,7,25,1.9834,0.0793,1.24,0.0985,2020-09-15,2020-09-15,0,0
MAHARASHTRA,548A,18.000 - 20.130,18.0,20.13,2.13,THANE,1,1,1,1,0.051,0.051,0.47,0.0239,2020-09-04,2020-09-04,0,0
MAHARASHTRA,548A,20.130 - 43.653,20.13,43.653,23.523,THANE,1,1,4,34,3.176,0.0934,1.45,0.135,2020-09-04,2020-09-04,0,0
MAHARASHTRA,548A,27.200 - 33.270,27.2,33.27,6.07,RAIGAD,1,1,1,4,0.126,0.0315,0.66,0.0208,2020-01-27,2020-01-27,0,0
MAHARASHTRA,548A,33.270 - 41.180,33.27,41.18,7.91,RAIGAD,1,1,7,155,13.291,0.0857,19.6,1.6803,2019-07-26,2020-03-06,224,0
MAHARASHTRA,548A,43.783 - 69.508,43.783,69.508,25.725,RAIGAD,1,1,4,22,1.2665,0.0576,0.86,0.0492,2020-09-18,2022-02-28,528,1
MAHARASHTRA,548B,32.225 - 51.650,32.225,51.65,19.425,BEED,1,1,6,104,7.6642,0.0737,5.35,0.3946,2019-02-04,2020-06-12,494,1
MAHARASHTRA,548B,51.650 - 66.688,51.65,66.688,15.038,Latur,1,1,7,121,2.3335,0.0193,8.05,0.1552,2019-02-04,2020-02-18,379,1
MAHARASHTRA,548B,184.950 - 164.200,184.95,164.2,-20.75,Latur,1,1,1,39,0.3885,0.01,-1.88,-0.0187,2020-02-07,2020-02-07,0,0
MAHARASHTRA,548B,226.866 - 228.042,226.866,228.042,1.176,Latur,1,1,1,2,0.05,0.025,1.7,0.0425,2024-08-22,2024-08-22,0,0
MAHARASHTRA,548B,228.042 - 252.000,228.042,252.0,23.958,Dharashiv (OSMANABAD),1,1,1,13,2.16,0.1662,0.54,0.0902,2025-02-03,2025-02-03,0,0
MAHARASHTRA,548C,0.000 - 5.900,0.0,5.9,5.9,Satara,1,1,2,19,0.5148,0.0271,3.22,0.0873,2020-12-04,2020-12-04,0,0
MAHARASHTRA,548C,0.000 - 51.262,0.0,51.262,51.262,Jalna,1,2,11,93,6.516,0.0701,1.81,0.1271,2020-07-29,2024-05-21,1392,2
MAHARASHTRA,548C,4.900 - 18.000,4.9,18.0,13.1,AKOLA,1,1,3,14,4.76,0.34,1.07,0.3634,2020-07-29,2025-02-21,1668,2
MAHARASHTRA,548C,7.900 - 27.400,7.9,27.4,19.5,Satara,1,1,5,36,1.2083,0.0336,1.85,0.062,2020-09-17,2022-03-11,540,1
MAHARASHTRA,548C,43.700 - 97.200,43.7,97.2,53.5,Satara,1,1,4,52,2.031,0.0391,0.97,0.038,2020-12-15,2023-07-28,955,1
MAHARASHTRA,548C,51.262 - 101.740,51.262,101.74,50.478,BEED|Jalna,2,2,9,110,7.9156,0.072,2.18,0.1568,2020-05-22,2020-11-03,165,1
MAHARASHTRA,548C,85.686 - 97.200,85.686,97.2,11.514,Satara,1,1,2,10,0.53,0.053,0.87,0.046,2020-11-13,2023-07-28,987,1
MAHARASHTRA,548C,97.200 - 147.800,97.2,147.8,50.6,SOLAPUR,1,2,11,65,4.6471,0.0715,1.28,0.0918,2020-09-01,2023-03-31,941,1
MAHARASHTRA,548C,101.740 - 159.258,101.74,159.258,57.518,BEED,1,2,4,41,10.194,0.2486,0.71,0.1772,2020-06-12,2020-06-12,0,0
MAHARASHTRA,548C,159.258 - 219.986,159.258,219.986,60.728,BEED|Dharashiv (OSMANABAD)|SOLAPUR,3,3,8,83,10.593,0.1276,1.37,0.1744,2019-12-30,2020-11-23,329,1
MAHARASHTRA,548C,568.653 - 588.453,568.653,588.453,19.8,BULDHANA,1,1,3,10,2.3816,0.2382,0.51,0.1203,2020-05-20,2020-05-20,0,0
MAHARASHTRA,548CC,43.962 - 76.000,43.962,76.0,32.038,BULDHANA,1,1,5,27,1.4577,0.054,0.84,0.0455,2020-09-17,2020-09-17,0,0
MAHARASHTRA,548CC,76.000 - 100.065,76.0,100.065,24.065,BULDHANA,1,1,4,26,2.24,0.0862,1.08,0.0931,2020-08-17,2020-08-17,0,0
MAHARASHTRA,548D,0.000 - 25.600,0.0,25.6,25.6,Latur,1,1,3,5,1.15,0.23,0.2,0.0449,2020-10-19,2020-10-19,0,0
MAHARASHTRA,548D,25.600 - 42.600,25.6,42.6,17.0,BEED,1,1,1,2,0.99,0.495,0.12,0.0582,2020-09-18,2023-05-03,957,1
MAHARASHTRA,548D,42.600 - 55.615,42.6,55.615,13.015,BEED,1,1,1,123,1.4342,0.0117,9.45,0.1102,2020-10-19,2020-10-19,0,0
MAHARASHTRA,548D,55.623 - 119.900,55.623,119.9,64.277,BEED,1,2,4,41,3.8564,0.0941,0.64,0.06,2020-08-26,2020-08-26,0,0
MAHARASHTRA,548D,83.550 - 110.100,83.55,110.1,26.55,PUNE,1,1,2,16,0.963,0.0602,0.6,0.0363,2022-11-04,2022-11-04,0,0
MAHARASHTRA,548D,110.100 - 132.600,110.1,132.6,22.5,AHMEDNAGAR,1,1,1,2,0.06,0.03,0.09,0.0027,2022-09-20,2022-09-20,0,0
MAHARASHTRA,548D,115.700 - 117.700,115.7,117.7,2.0,AHMEDNAGAR,1,1,2,16,4.2,0.2625,8.0,2.1,2024-07-22,2024-12-06,137,0
MAHARASHTRA,548D,132.600 - 142.250,132.6,142.25,9.65,AHMEDNAGAR,1,1,2,5,0.38,0.076,0.52,0.0394,2023-06-12,2024-05-21,344,0
MAHARASHTRA,548D,142.250 - 177.750,142.25,177.75,35.5,AHMEDNAGAR,1,1,3,15,0.8365,0.0558,0.42,0.0236,2023-06-09,2023-12-22,196,0
MAHARASHTRA,548D,149.600 - 169.467,149.6,169.467,19.867,BEED,1,1,1,5,2.079,0.4158,0.25,0.1046,2020-09-17,2020-09-17,0,0
MAHARASHTRA,548D,177.750 - 195.375,177.75,195.375,17.625,AHMEDNAGAR,1,1,2,5,0.4175,0.0835,0.28,0.0237,2023-06-09,2023-12-22,196,0
MAHARASHTRA,548D,195.375 - 204.500,195.375,204.5,9.125,AHMEDNAGAR,1,1,1,9,0.2773,0.0308,0.99,0.0304,2023-09-13,2024-02-02,142,0
MAHARASHTRA,548D,204.500 - 208.774,204.5,208.774,4.274,BEED,1,1,1,8,0.568,0.071,1.87,0.1329,2023-09-20,2024-04-26,219,0
MAHARASHTRA,548E,88.000 - 98.000,88.0,98.0,10.0,Satara,1,1,2,71,5.8066,0.0818,7.1,0.5807,2020-05-20,2020-05-20,0,0
MAHARASHTRA,548E,98.650 - 141.600,98.65,141.6,42.95,SOLAPUR,1,2,9,123,13.4684,0.1095,2.86,0.3136,2019-12-26,2024-09-03,1713,2
MAHARASHTRA,548H,0.000 - 108.000,0.0,108.0,108.0,KOLHAPUR,1,2,17,206,18.2696,0.0887,1.91,0.1692,2023-09-12,2024-02-06,147,1
MAHARASHTRA,54A,0.000 - 27.200,0.0,27.2,27.2,RAIGAD,1,2,6,67,5.26,0.0785,2.46,0.1934,2020-01-27,2024-04-26,1551,2
MAHARASHTRA,6,9.200 - 50.000,9.2,50.0,40.8,NAGPUR,1,1,1,1,0.046,0.046,0.02,0.0011,2022-03-16,2022-03-16,0,0
MAHARASHTRA,6,117.200 - 124.800,117.2,124.8,7.6,AMRAVATI,1,1,3,91,25.0033,0.2748,11.97,3.2899,2020-08-06,2023-05-03,1000,2
MAHARASHTRA,6,166.725 - 179.950,166.725,179.95,13.225,AMRAVATI,1,1,3,14,0.2977,0.0213,1.06,0.0225,2019-12-16,2019-12-16,0,0
MAHARASHTRA,6,179.950 - 214.650,179.95,214.65,34.7,AKOLA,1,1,14,29,3.2581,0.1123,0.84,0.0939,2019-08-09,2019-08-09,0,0
MAHARASHTRA,6,214.650 - 253.500,214.65,253.5,38.85,AKOLA,1,1,6,12,1.3359,0.1113,0.31,0.0344,2020-02-26,2022-12-29,1037,1
MAHARASHTRA,6,253.500 - 279.250,253.5,279.25,25.75,AKOLA,1,1,3,7,0.4,0.0571,0.27,0.0155,2020-09-10,2025-01-13,1586,2
MAHARASHTRA,6,279.250 - 314.050,279.25,314.05,34.8,BULDHANA,1,1,3,3,0.06,0.02,0.09,0.0017,2020-10-14,2020-10-14,0,0
MAHARASHTRA,6,314.050 - 360.300,314.05,360.3,46.25,BULDHANA,1,2,12,60,4.4656,0.0744,1.3,0.0966,2019-07-10,2022-02-04,940,1
MAHARASHTRA,6,360.000 - 422.700,360.0,422.7,62.7,JALGAON,1,1,4,228,18.8606,0.0827,3.64,0.3008,2012-10-19,2020-11-05,2939,3
MAHARASHTRA,6,410.750 - 422.750,410.75,422.75,12.0,JALGAON,1,1,1,5,0.65,0.13,0.42,0.0542,2018-06-05,2018-06-05,0,0
MAHARASHTRA,6,410.750 - 470.500,410.75,470.5,59.75,JALGAON,1,3,10,52,12.6176,0.2426,0.87,0.2112,2018-06-18,2018-06-18,0,0
MAHARASHTRA,6,470.500 - 502.800,470.5,502.8,32.3,JALGAON,1,1,15,679,98.0302,0.1444,21.02,3.035,2012-11-08,2018-07-04,2064,4
MAHARASHTRA,6,502.800 - 510.000,502.8,510.0,7.2,DHULE,1,1,1,6,0.67,0.1117,0.83,0.0931,2022-12-15,2022-12-15,0,0
MAHARASHTRA,6,502.800 - 606.000,502.8,606.0,103.2,DHULE,1,2,45,2226,417.3351,0.1878,21.57,4.0439,2012-10-19,2024-07-10,4282,4
MAHARASHTRA,6,606.000 - 649.000,606.0,649.0,43.0,NANDURBAR,1,1,20,658,142.2595,0.2162,15.3,3.3084,2012-10-29,2023-06-01,3867,4
MAHARASHTRA,6 Ext,360.000 - 422.700,360.0,422.7,62.7,JALGAON,1,2,17,165,6.4507,0.0391,2.63,0.1029,2016-02-03,2020-08-20,1660,2
MAHARASHTRA,6 Ext,422.700 - 510.000,422.7,510.0,87.3,JALGAON,1,3,9,124,10.0493,0.081,1.42,0.1151,2012-10-19,2012-10-19,0,0
MAHARASHTRA,60,12.190 - 42.000,12.19,42.0,29.81,PUNE,1,1,9,208,11.7689,0.0566,6.98,0.3948,2016-12-14,2021-01-13,1491,3
MAHARASHTRA,60,42.000 - 97.000,42.0,97.0,55.0,PUNE,1,3,32,1481,290.4643,0.1961,26.93,5.2812,2013-08-29,2024-07-10,3968,4
MAHARASHTRA,60,97.000 - 157.100,97.0,157.1,60.1,AHMEDNAGAR,1,1,16,54,8.4866,0.1572,0.9,0.1412,2005-01-14,2018-12-21,5089,2
MAHARASHTRA,60,157.100 - 177.000,157.1,177.0,19.9,NASHIK,1,1,10,473,78.0109,0.1649,23.77,3.9201,2013-05-21,2024-07-03,4061,4
MAHARASHTRA,61,9.800 - 64.000,9.8,64.0,54.2,THANE,1,2,16,160,3.8981,0.0244,2.95,0.0719,2024-09-03,2024-09-03,0,0
MAHARASHTRA,61,19.220 - 34.434,19.22,34.434,15.214,PARBHANI,1,1,2,23,1.934,0.0841,1.51,0.1271,2025-05-09,2025-05-09,0,0
MAHARASHTRA,61,463.550 - 481.000,463.55,481.0,17.45,PARBHANI,1,1,5,110,84.5895,0.769,6.3,4.8475,2017-12-26,2021-02-16,1148,3
MAHARASHTRA,647,0.000 - 53.708,0.0,53.708,53.708,WARDHA,1,3,11,25,1.6135,0.0645,0.47,0.03,2020-12-28,2021-01-25,28,0
MAHARASHTRA,65,40.000 - 144.400,40.0,144.4,104.4,PUNE,1,2,27,445,44.3354,0.0996,4.26,0.4247,2011-07-22,2025-02-27,4969,4
MAHARASHTRA,65,249.000 - 348.800,249.0,348.8,99.8,Dharashiv (OSMANABAD),1,3,15,132,8.2576,0.0626,1.32,0.0827,2012-09-18,2023-02-15,3802,2
MAHARASHTRA,652,30.884 - 50.000,30.884,50.0,19.116,Dharashiv (OSMANABAD),1,1,5,14,2.0,0.1429,0.73,0.1046,2020-02-07,2020-02-07,0,0
MAHARASHTRA,652,50.000 - 70.709,50.0,70.709,20.709,SOLAPUR,1,1,4,11,3.0,0.2727,0.53,0.1449,2020-02-07,2020-09-01,207,0
MAHARASHTRA,66,0.000 - 84.000,0.0,84.0,84.0,RAIGAD,1,3,17,99,5.6296,0.0569,1.18,0.067,2019-10-21,2022-04-26,918,1
MAHARASHTRA,66,84.000 - 110.750,84.0,110.75,26.75,RAIGAD,1,1,25,468,37.1767,0.0794,17.5,1.3898,2016-06-29,2024-08-06,2960,4
MAHARASHTRA,66,108.400 - 148.000,108.4,148.0,39.6,RAIGAD,1,2,21,282,16.4775,0.0584,7.12,0.4161,2016-04-04,2022-09-20,2360,3
MAHARASHTRA,66,148.000 - 161.600,148.0,161.6,13.6,RATNAGIRI,1,1,2,80,23.8959,0.2987,5.88,1.7571,2016-08-16,2016-08-16,0,1
MAHARASHTRA,66,161.600 - 205.400,161.6,205.4,43.8,RATNAGIRI,1,1,24,1312,82.4467,0.0628,29.95,1.8823,2016-03-10,2022-10-14,2409,4
MAHARASHTRA,66,205.400 - 241.300,205.4,241.3,35.9,RATNAGIRI,1,1,12,73,28.2933,0.3876,2.03,0.7881,2016-03-10,2023-10-26,2786,3
MAHARASHTRA,66,241.300 - 281.300,241.3,281.3,40.0,RATNAGIRI,1,1,19,184,7.3838,0.0401,4.6,0.1846,2016-02-02,2021-05-07,1921,2
MAHARASHTRA,66,281.300 - 332.200,281.3,332.2,50.9,RATNAGIRI,1,2,18,321,19.8868,0.062,6.31,0.3907,2016-03-10,2024-09-03,3099,3
MAHARASHTRA,66,332.200 - 367.300,332.2,367.3,35.1,RATNAGIRI,1,1,17,227,16.9391,0.076,6.47,0.4826,2016-03-10,2024-02-02,2885,3
MAHARASHTRA,66,367.300 - 406.000,367.3,406.0,38.7,SINDHUDURG,1,1,14,118,5.1075,0.0433,3.05,0.132,2016-06-10,2024-03-15,2835,2
MAHARASHTRA,66,406.000 - 450.170,406.0,450.17,44.17,SINDHUDURG,1,2,13,244,7.4627,0.0306,5.52,0.169,2016-06-10,2022-10-04,2307,3
MAHARASHTRA,7,652.000 - 723.000,652.0,723.0,71.0,NAGPUR,1,4,10,31,7.7493,0.25,0.44,0.1091,2005-06-28,2023-02-27,6453,2
MAHARASHTRA,752E,0.000 - 55.937,0.0,55.937,55.937,BEED,1,1,1,41,1.7446,0.0426,0.73,0.0312,2025-02-07,2025-02-07,0,0
MAHARASHTRA,752G,21.427 - 32.600,21.427,32.6,11.173,DHULE,1,1,4,27,2.12,0.0785,2.42,0.1897,2021-01-22,2023-10-25,1006,1
MAHARASHTRA,752G,32.600 - 64.000,32.6,64.0,31.4,NASHIK,1,1,4,15,1.4,0.0933,0.48,0.0446,2021-01-13,2023-09-19,979,1
MAHARASHTRA,752G,50.200 - 98.840,50.2,98.84,48.64,NANDURBAR,1,1,1,8,1.575,0.1969,0.16,0.0324,2021-06-30,2022-08-31,427,1
MAHARASHTRA,752G,59.900 - 98.840,59.9,98.84,38.94,NANDURBAR,1,1,8,121,16.3402,0.135,3.11,0.4196,2021-06-30,2024-04-10,1015,1
MAHARASHTRA,752G,64.000 - 101.140,64.0,101.14,37.14,NASHIK,1,3,7,38,2.3981,0.0631,1.02,0.0646,2023-11-30,2025-02-03,431,1
MAHARASHTRA,752G,104.600 - 128.600,104.6,128.6,24.0,NASHIK,1,1,2,6,1.217,0.2028,0.25,0.0507,2021-01-22,2021-07-09,168,0
MAHARASHTRA,752G,354.000 - 362.663,354.0,362.663,8.663,AHMEDNAGAR,1,1,3,27,3.03,0.1122,3.12,0.3498,2023-03-20,2023-07-04,106,0
MAHARASHTRA,752H,27.200 - 31.520,27.2,31.52,4.32,AURANGABAD,1,1,2,4,0.67,0.1675,0.93,0.1551,2025-01-28,2025-01-28,0,0
MAHARASHTRA,752I,0.000 - 17.450,0.0,17.45,17.45,NANDED,1,1,1,12,0.7882,0.0657,0.69,0.0452,2020-06-30,2020-06-30,0,0
MAHARASHTRA,752I,17.450 - 64.669,17.45,64.669,47.219,NANDED,1,2,10,80,5.3678,0.0671,1.69,0.1137,2021-02-22,2024-02-19,1092,1
MAHARASHTRA,752I,47.101 - 70.178,47.101,70.178,23.077,HINGOLI,1,2,6,26,1.602,0.0616,1.13,0.0694,2020-08-26,2020-08-26,0,0
MAHARASHTRA,752I,64.700 - 103.713,64.7,103.713,39.013,YAVATMAL,1,1,4,32,2.2408,0.07,0.82,0.0574,2022-04-04,2022-04-04,0,0
MAHARASHTRA,752K,0.000 - 49.350,0.0,49.35,49.35,Latur,1,1,7,141,7.2561,0.0515,2.86,0.147,2020-10-19,2020-10-19,0,0
MAHARASHTRA,752K,47.000 - 65.675,47.0,65.675,18.675,PARBHANI,1,1,5,59,3.983,0.0675,3.16,0.2133,2020-08-26,2020-08-26,0,0
MAHARASHTRA,752K,65.675 - 85.420,65.675,85.42,19.745,PARBHANI,1,1,4,42,3.695,0.088,2.13,0.1871,2021-01-22,2021-01-22,0,0
MAHARASHTRA,753,0.000 - 44.000,0.0,44.0,44.0,NAGPUR,1,1,14,93,5.2378,0.0563,2.11,0.119,2023-05-03,2023-05-03,0,0
MAHARASHTRA,753,44.000 - 87.000,44.0,87.0,43.0,BHANDARA|GONDIA,2,3,19,398,5.8961,0.0148,9.26,0.1371,2022-04-05,2024-04-05,731,3
MAHARASHTRA,753,163.213 - 191.456,163.213,191.456,28.243,GONDIA,1,1,2,6,0.3636,0.0606,0.21,0.0129,2024-04-26,2024-04-26,0,0
MAHARASHTRA,753 B,0.000 - 32.200,0.0,32.2,32.2,DHULE,1,1,2,5,1.115,0.223,0.16,0.0346,2025-02-07,2025-02-07,0,0
MAHARASHTRA,753A,0.000 - 5.580,0.0,5.58,5.58,BULDHANA,1,1,1,72,2.6726,0.0371,12.9,0.479,2025-02-28,2025-02-28,0,0
MAHARASHTRA,753A,69.900 - 88.000,69.9,88.0,18.1,BULDHANA,1,1,1,2,0.17,0.085,0.11,0.0094,2024-07-18,2024-07-18,0,0
MAHARASHTRA,753A,88.000 - 108.500,88.0,108.5,20.5,BULDHANA,1,1,2,16,2.2471,0.1404,0.78,0.1096,2020-01-09,2020-01-09,0,0
MAHARASHTRA,753A,131.700 - 153.160,131.7,153.16,21.46,Jalna,1,1,2,9,2.1,0.2333,0.42,0.0979,2020-01-09,2020-01-09,0,0
MAHARASHTRA,753F,0.000 - 18.600,0.0,18.6,18.6,RAIGAD,1,1,6,221,9.39,0.0425,11.88,0.5048,2020-12-28,2021-06-09,163,1
MAHARASHTRA,753F,0.000 - 20.900,0.0,20.9,20.9,AURANGABAD,1,1,3,108,0.9358,0.0087,5.17,0.0448,2022-05-02,2023-07-26,450,1
MAHARASHTRA,753F,18.600 - 54.750,18.6,54.75,36.15,RAIGAD,1,2,7,85,5.3402,0.0628,2.35,0.1477,2021-01-22,2022-08-31,586,1
MAHARASHTRA,753F,20.900 - 52.000,20.9,52.0,31.1,AURANGABAD,1,1,4,26,2.346,0.0902,0.84,0.0754,2022-02-04,2022-04-05,60,0
MAHARASHTRA,753F,47.500 - 54.500,47.5,54.5,7.0,AURANGABAD,1,1,1,7,0.63,0.09,1.0,0.09,2022-07-29,2022-07-29,0,0
MAHARASHTRA,753F,60.630 - 99.660,60.63,99.66,39.03,AURANGABAD,1,1,7,30,3.8449,0.1282,0.77,0.0985,2021-06-23,2024-01-18,939,1
MAHARASHTRA,753F,99.660 - 144.750,99.66,144.75,45.09,AURANGABAD|JALGAON,2,2,2,7,0.3141,0.0449,0.16,0.007,2022-11-30,2022-12-13,13,1
MAHARASHTRA,753F,99.800 - 147.830,99.8,147.83,48.03,JALGAON,1,2,9,79,8.1198,0.1028,1.64,0.1691,2022-08-01,2022-08-01,0,0
MAHARASHTRA,753J,0.000 - 25.500,0.0,25.5,25.5,JALGAON,1,1,9,161,12.1799,0.0757,6.31,0.4776,2020-06-24,2022-11-29,888,1
MAHARASHTRA,753J,25.500 - 56.200,25.5,56.2,30.7,JALGAON,1,1,10,162,15.9582,0.0985,5.28,0.5198,2022-10-27,2022-10-27,0,0
MAHARASHTRA,753J,56.200 - 81.400,56.2,81.4,25.2,JALGAON,1,1,9,80,6.5418,0.0818,3.17,0.2596,2022-08-30,2022-08-30,0,0
MAHARASHTRA,753J,81.400 - 117.700,81.4,117.7,36.3,JALGAON,1,1,5,48,4.101,0.0854,1.32,0.113,2022-06-30,2022-06-30,0,0
MAHARASHTRA,753J,103.000 - 147.425,103.0,147.425,44.425,NASHIK,1,1,11,113,4.9756,0.044,2.54,0.112,2019-11-05,2021-01-21,443,1
MAHARASHTRA,753J,117.700 - 173.400,117.7,173.4,55.7,NASHIK,1,1,2,8,3.7449,0.4681,0.14,0.0672,2025-02-17,2025-02-17,0,0
MAHARASHTRA,753J,147.425 - 168.800,147.425,168.8,21.375,NASHIK,1,1,1,16,0.985,0.0616,0.75,0.0461,2022-06-10,2022-08-01,52,0
MAHARASHTRA,753L,0.000 - 32.000,0.0,32.0,32.0,JALGAON,1,1,3,9,2.19,0.2433,0.28,0.0684,2020-01-24,2020-01-24,0,0
MAHARASHTRA,753L,32.000 - 44.760,32.0,44.76,12.76,JALGAON,1,1,1,13,0.824,0.0634,1.02,0.0646,2020-01-24,2020-01-24,0,0
MAHARASHTRA,753L,44.760 - 78.145,44.76,78.145,33.385,JALGAON,1,2,2,13,2.33,0.1792,0.39,0.0698,2020-01-24,2020-01-24,0,0
MAHARASHTRA,753L,200.610 - 216.000,200.61,216.0,15.39,JALGAON,1,1,9,282,80.3344,0.2849,18.32,5.2199,2023-01-13,2024-10-25,651,3
MAHARASHTRA,753M,0.000 - 28.000,0.0,28.0,28.0,BULDHANA,1,2,5,167,8.1282,0.0487,5.96,0.2903,2021-04-07,2021-04-07,0,0
MAHARASHTRA,753M,0.000 - 60.200,0.0,60.2,60.2,Jalna,1,2,6,124,5.0812,0.041,2.06,0.0844,2025-01-13,2025-04-17,94,0
MAHARASHTRA,848,11.600 - 65.600,11.6,65.6,54.0,NASHIK,1,2,11,237,25.1343,0.1061,4.39,0.4654,2017-07-07,2020-12-31,1273,4
MAHARASHTRA,848,53.600 - 56.700,53.6,56.7,3.1,NASHIK,1,1,1,157,11.1161,0.0708,50.65,3.5858,2017-07-07,2020-12-31,1273,2
MAHARASHTRA,848,539.200 - 558.178,539.2,558.178,18.978,THANE,1,1,6,190,4.2453,0.0223,10.01,0.2237,2018-11-01,2019-02-05,96,0
MAHARASHTRA,848A,0.000 - 5.100,0.0,5.1,5.1,PALGHAR,1,1,2,94,8.6463,0.092,18.43,1.6954,2020-05-20,2024-04-10,1421,2
MAHARASHTRA,9,144.400 - 249.000,144.4,249.0,104.6,SOLAPUR,1,3,12,37,12.7861,0.3456,0.35,0.1222,2010-08-12,2021-02-16,3841,2
MAHARASHTRA,930,0.000 - 10.800,0.0,10.8,10.8,CHANDRAPUR,1,2,7,236,54.7421,0.232,21.85,5.0687,2018-03-21,2023-10-16,2035,4
MAHARASHTRA,930,0.000 - 18.500,0.0,18.5,18.5,YAVATMAL,1,1,4,119,17.5946,0.1479,6.43,0.9511,2018-03-21,2018-12-21,275,0
MAHARASHTRA,930,189.000 - 233.414,189.0,233.414,44.414,CHANDRAPUR,1,1,2,14,5.5714,0.398,0.32,0.1254,2021-01-13,2023-08-23,952,1
MAHARASHTRA,930,249.784 - 250.204,249.784,250.204,0.42,CHANDRAPUR,1,1,1,4,0.192,0.048,9.52,0.4571,2025-05-09,2025-05-09,0,0
MAHARASHTRA,930D,19.000 - 51.985,19.0,51.985,32.985,CHANDRAPUR,1,1,2,121,17.2004,0.1422,3.67,0.5215,2019-04-29,2023-06-14,1507,2
MAHARASHTRA,930D,19.000 - 52.158,19.0,52.158,33.158,CHANDRAPUR,1,1,9,447,78.9016,0.1765,13.48,2.3796,2019-04-29,2025-02-21,2125,4
MAHARASHTRA,953,121.500 - 161.281,121.5,161.281,39.781,NASHIK,1,2,13,74,3.9648,0.0536,1.86,0.0997,2019-02-04,2020-07-02,514,1
MAHARASHTRA,965,0.000 - 115.350,0.0,115.35,115.35,SOLAPUR,1,3,39,3353,571.8919,0.1706,29.07,4.9579,2018-06-29,2025-03-13,2449,4
MAHARASHTRA,965,117.000 - 176.000,117.0,176.0,59.0,Satara,1,2,29,1571,144.3754,0.0919,26.63,2.447,2018-07-24,2025-02-13,2396,4
MAHARASHTRA,965,176.000 - 226.000,176.0,226.0,50.0,PUNE,1,1,18,1717,131.7827,0.0768,34.34,2.6357,2018-08-16,2024-12-27,2325,4
MAHARASHTRA,965,226.000 - 269.533,226.0,269.533,43.533,PUNE,1,1,3,135,15.8233,0.1172,3.1,0.3635,2018-10-09,2022-07-26,1386,2
MAHARASHTRA,965C,0.000 - 48.375,0.0,48.375,48.375,SOLAPUR,1,3,14,118,8.7692,0.0743,2.44,0.1813,2020-09-17,2020-09-17,0,0
MAHARASHTRA,965C,48.375 - 79.533,48.375,79.533,31.158,SOLAPUR,1,2,6,134,8.3056,0.062,4.3,0.2666,2020-09-17,2024-04-26,1317,2
MAHARASHTRA,965DD,0.000 - 49.500,0.0,49.5,49.5,RATNAGIRI,1,1,11,120,5.8961,0.0491,2.42,0.1191,2021-01-22,2024-09-19,1336,2
MAHARASHTRA,965DD,33.550 - 40.800,33.55,40.8,7.25,Satara,1,1,1,4,0.111,0.0278,0.55,0.0153,2025-01-03,2025-01-03,0,0
MAHARASHTRA,965DD,40.800 - 91.003,40.8,91.003,50.203,PUNE,1,1,9,55,3.804,0.0692,1.1,0.0758,2025-01-27,2025-01-27,0,0
MAHARASHTRA,965DD,49.500 - 96.307,49.5,96.307,46.807,RAIGAD,1,1,19,147,7.3531,0.05,3.14,0.1571,2020-08-26,2022-10-27,792,1
MAHARASHTRA,965G,0.000 - 104.000,0.0,104.0,104.0,PUNE|SOLAPUR,2,3,33,3410,426.1383,0.125,32.79,4.0975,2018-08-14,2025-05-09,2460,5
MAHARASHTRA,965G,0.000 - 22.175,0.0,22.175,22.175,SOLAPUR,1,1,4,55,1.9186,0.0349,2.48,0.0865,2020-08-10,2021-06-09,303,0
MAHARASHTRA,965G,0.000 - 41.400,0.0,41.4,41.4,PUNE,1,2,14,790,177.8034,0.2251,19.08,4.2948,2018-09-28,2024-09-03,2167,4
MAHARASHTRA,965G,22.175 - 44.784,22.175,44.784,22.609,SANGLI,1,1,4,33,3.2675,0.099,1.46,0.1445,2020-06-22,2024-11-07,1599,2
MAHARASHTRA,Greenfield Expressway,215.800 - 244.500,215.8,244.5,28.7,AHMEDNAGAR,1,1,13,591,194.6916,0.3294,20.59,6.7837,2022-10-31,2022-10-31,0,2
MAHARASHTRA,Greenfield Expressway,249.200 - 292.400,249.2,292.4,43.2,AHMEDNAGAR,1,1,17,575,272.4253,0.4738,13.31,6.3061,2022-10-31,2024-02-23,480,3
MAHARASHTRA,Greenfield Expressway,290.000 - 369.000,290.0,369.0,79.0,AHMEDNAGAR,1,1,5,255,82.6516,0.3241,3.23,1.0462,2023-08-23,2023-08-23,0,2
MAHARASHTRA,Greenfield Expressway,292.400 - 314.000,292.4,314.0,21.6,AHMEDNAGAR,1,1,10,284,198.0222,0.6973,13.15,9.1677,2022-10-31,2024-01-10,436,3
MAHARASHTRA,Greenfield Expressway,306.600 - 344.400,306.6,344.4,37.8,BEED,1,1,18,853,200.0617,0.2345,22.57,5.2926,2023-08-23,2024-01-10,140,2
MAHARASHTRA,Greenfield Expressway,344.400 - 369.000,344.4,369.0,24.6,AHMEDNAGAR,1,1,11,258,149.8418,0.5808,10.49,6.0911,2023-08-23,2023-08-23,0,2
MAHARASHTRA,Greenfield Highway,108.600 - 160.300,108.6,160.3,51.7,NASHIK,1,1,12,287,174.2317,0.6071,5.55,3.3701,2022-10-26,2022-10-26,0,2
MAHARASHTRA,Greenfield Highway,160.300 - 172.600,160.3,172.6,12.3,NASHIK,1,1,4,142,82.922,0.584,11.54,6.7416,2022-09-26,2022-09-26,0,1
MAHARASHTRA,Greenfield Highway,172.600 - 215.800,172.6,215.8,43.2,NASHIK,1,2,22,583,255.6931,0.4386,13.5,5.9188,2022-10-26,2022-10-26,0,2
MAHARASHTRA,Greenfield Highway,244.500 - 249.200,244.5,249.2,4.7,AHMEDNAGAR,1,1,5,135,67.23,0.498,28.72,14.3043,2022-10-26,2023-06-14,231,1
MAHARASHTRA,Greenfield Highway,370.000 - 488.000,370.0,488.0,118.0,Dharashiv (OSMANABAD),1,2,28,1160,414.3115,0.3572,9.83,3.5111,2023-02-27,2024-01-10,317,2
MAHARASHTRA,Greenfield Highway,418.800 - 547.000,418.8,547.0,128.2,SOLAPUR,1,4,58,2212,1041.4523,0.4708,17.25,8.1237,2022-08-10,2025-03-12,945,3
MAHARASHTRA,NE-II,103.400 - 128.000,103.4,128.0,24.6,PALGHAR,1,1,5,70,23.5026,0.3358,2.85,0.9554,2023-05-18,2024-10-11,512,2
MAHARASHTRA,NE4,0.000 - 13.540,0.0,13.54,13.54,PALGHAR,1,1,14,236,33.3642,0.1414,17.43,2.4641,2019-12-31,2024-10-01,1736,4
MAHARASHTRA,NE4,13.540 - 18.925,13.54,18.925,5.385,PALGHAR,1,1,3,156,57.7302,0.3701,28.97,10.7206,2018-02-13,2018-08-02,170,1
MAHARASHTRA,NE4,18.925 - 45.400,18.925,45.4,26.475,THANE,1,1,20,971,200.5231,0.2065,36.68,7.5741,2017-07-04,2024-10-15,2660,4
MAHARASHTRA,NE4,30.960 - 68.400,30.96,68.4,37.44,PALGHAR,1,1,21,619,236.0482,0.3813,16.53,6.3047,2019-03-14,2025-05-09,2248,4
MAHARASHTRA,NE4,45.400 - 58.820,45.4,58.82,13.42,THANE,1,1,12,287,30.0803,0.1048,21.39,2.2415,2021-01-29,2022-11-29,669,3
MAHARASHTRA,NE4,58.820 - 74.195,58.82,74.195,15.375,THANE,1,1,13,262,32.1821,0.1228,17.04,2.0931,2020-08-13,2024-08-14,1462,4
MAHARASHTRA,NE4,68.400 - 113.900,68.4,113.9,45.5,PALGHAR,1,2,13,53,14.61,0.2757,1.16,0.3211,2020-07-07,2024-08-08,1493,2
MAHARASHTRA,NE4,74.195 - 94.300,74.195,94.3,20.105,RAIGAD,1,1,5,171,65.2222,0.3814,8.51,3.2441,2019-07-16,2023-10-19,1556,3
MAHARASHTRA,NH53,2.250 - 5.100,2.25,5.1,2.85,NAGPUR,1,1,3,11,0.1844,0.0168,3.86,0.0647,2023-09-29,2023-09-29,0,0
MAHARASHTRA,NH53,60.680 - 100.000,60.68,100.0,39.32,WARDHA,1,1,1,1,0.15,0.15,0.03,0.0038,2020-08-06,2020-08-06,0,0
MAHARASHTRA,NH53,472.871 - 473.000,472.871,473.0,0.129,BHANDARA,1,1,1,11,0.1047,0.0095,85.27,0.8116,2020-01-24,2020-01-24,0,0
MAHARASHTRA,NH53,485.000 - 508.100,485.0,508.1,23.1,BHANDARA,1,1,16,388,58.6453,0.1511,16.8,2.5388,2020-04-22,2023-07-18,1182,4
MAHARASHTRA,NH53,508.100 - 544.200,508.1,544.2,36.1,NAGPUR,1,2,13,107,11.276,0.1054,2.96,0.3124,2019-02-05,2020-06-18,499,1
MAHARASHTRA,Newly Proposed,0.000 - 22.000,0.0,22.0,22.0,RAIGAD,1,2,18,133,10.6674,0.0802,6.05,0.4849,2018-07-21,2018-07-21,0,0
MAHARASHTRA,No Yet to be Assigned,0.500 - 33.500,0.5,33.5,33.0,NAGPUR,1,1,1,1,0.3,0.3,0.03,0.0091,2018-10-26,2018-10-26,0,0
MAHARASHTRA,No Yet to be Assigned,34.500 - 62.035,34.5,62.035,27.535,NAGPUR,1,4,12,173,17.695,0.1023,6.28,0.6426,2017-05-05,2024-05-21,2573,2
