submitted,dfo,cf,nodal,state_govt,regional_office,stage1,compliance,stage2,stage1_by,proposal_no,category,area_ha,band,state,months_to_stage1,sample_note,source,retrieved
2015-01-09,2015-03-04,2015-03-25,2015-04-23,2015-06-01,2015-06-03,2018-09-17,,,Regional Office,FP/HP/HYD/9212/2015,Hydel,0.967,<=5,Himachal Pradesh,44.25098554533509,"stratified sample (about 20 per category) of proposals that reached Stage-I: conditioned on success, 94 of 150 are 5 ha or less, 3 are in Maharashtra",https://forestsclearance.nic.in/timeline.aspx?pid=<proposal_no>,2026-09-27
2022-06-30,2022-11-17,2023-08-22,2023-09-13,2023-10-30,2024-01-19,2024-05-14,2025-07-29,2025-08-05,Regional Office,FP/MH/Pipeline/157648/2022,Pipeline,3.4151,<=5,Maharashtra,22.47043363994744,"stratified sample (about 20 per category) of proposals that reached Stage-I: conditioned on success, 94 of 150 are 5 ha or less, 3 are in Maharashtra",https://forestsclearance.nic.in/timeline.aspx?pid=<proposal_no>,2026-09-27
2022-04-18,2023-02-08,2023-10-19,2023-10-21,2023-11-13,2023-11-20,2024-01-25,,,Regional Office,FP/OR/RAIL/153463/2022,Railway,5.117,5-40,Orissa,21.254927726675422,"stratified sample (about 20 per category) of proposals that reached Stage-I: conditioned on success, 94 of 150 are 5 ha or less, 3 are in Maharashtra",https://forestsclearance.nic.in/timeline.aspx?pid=<proposal_no>,2026-09-27
2022-05-07,2022-05-11,2022-05-19,2022-05-20,2022-05-24,2022-06-02,2022-07-15,,,Regional Office,FP/JK/ROAD/155190/2022,Road,2.84,<=5,Jammu and Kashmir,2.266754270696452,"stratified sample (about 20 per category) of proposals that reached Stage-I: conditioned on success, 94 of 150 are 5 ha or less, 3 are in Maharashtra",https://forestsclearance.nic.in/timeline.aspx?pid=<proposal_no>,2026-09-27
2019-12-04,2022-01-19,2023-08-21,2023-09-05,2023-09-08,,2025-06-23,,,Head Office,FP/WB/MIN/43000/2019,Mining,338.74,>100,West Bengal,66.62286465177398,"stratified sample (about 20 per category) of proposals that reached Stage-I: conditioned on success, 94 of 150 are 5 ha or less, 3 are in Maharashtra",https://forestsclearance.nic.in/timeline.aspx?pid=<proposal_no>,2026-09-27
2020-05-19,2020-06-02,2020-07-06,2020-07-08,2020-07-13,,2020-08-18,,2020-10-19,State Government,FP/GJ/Pipeline/45450/2020,Pipeline,0.001,<=5,Gujarat,2.9894875164257555,"stratified sample (about 20 per category) of proposals that reached Stage-I: conditioned on success, 94 of 150 are 5 ha or less, 3 are in Maharashtra",https://forestsclearance.nic.in/timeline.aspx?pid=<proposal_no>,2026-09-27
2021-07-24,2021-08-19,2022-06-23,2022-08-08,2022-08-20,,2022-10-12,,,State Government,FP/GJ/Pipeline/145199/2021,Pipeline,0.1312,<=5,Gujarat,14.61892247043364,"stratified sample (about 20 per category) of proposals that reached Stage-I: conditioned on success, 94 of 150 are 5 ha or less, 3 are in Maharashtra",https://forestsclearance.nic.in/timeline.aspx?pid=<proposal_no>,2026-09-27
2016-09-17,2017-02-27,2017-07-19,2017-09-27,2017-10-25,2017-12-26,2018-01-30,2021-01-18,2021-01-22,Regional Office,FP/KA/RAIL/21447/2016,Railway,13.02,5-40,Karnataka,16.4257555847569,"stratified sample (about 20 per category) of proposals that reached Stage-I: conditioned on success, 94 of 150 are 5 ha or less, 3 are in Maharashtra",https://forestsclearance.nic.in/timeline.aspx?pid=<proposal_no>,2026-09-27
2017-10-30,2018-01-23,2018-10-15,2018-10-27,2019-01-05,2019-05-16,2019-07-23,,,Regional Office,FP/KA/ROAD/29864/2017,Road,0.7,<=5,Karnataka,20.729303547963205,"stratified sample (about 20 per category) of proposals that reached Stage-I: conditioned on success, 94 of 150 are 5 ha or less, 3 are in Maharashtra",https://forestsclearance.nic.in/timeline.aspx?pid=<proposal_no>,2026-09-27
2017-01-15,2017-02-08,2017-04-26,2017-05-08,2017-05-23,,2017-05-23,,2017-12-18,State Government,FP/PB/TRANS/23627/2017,Transmission Line,2.5618,<=5,Punjab,4.204993429697766,"stratified sample (about 20 per category) of proposals that reached Stage-I: conditioned on success, 94 of 150 are 5 ha or less, 3 are in Maharashtra",https://forestsclearance.nic.in/timeline.aspx?pid=<proposal_no>,2026-09-27
2018-09-02,2019-08-01,2021-07-18,2021-07-23,2021-07-29,2021-09-16,2021-10-14,2021-11-18,2022-06-29,Regional Office,FP/MP/IRRIG/35598/2018,Irrigation,4.8,<=5,Madhya Pradesh,37.3850197109067,"stratified sample (about 20 per category) of proposals that reached Stage-I: conditioned on success, 94 of 150 are 5 ha or less, 3 are in Maharashtra",https://forestsclearance.nic.in/timeline.aspx?pid=<proposal_no>,2026-09-27
2017-07-31,2017-08-02,2017-08-28,2017-09-01,2017-10-09,2017-11-14,2018-03-07,2018-05-23,2018-06-19,Regional Office,FP/HP/HYD/27562/2017,Hydel,0.709,<=5,Himachal Pradesh,7.194480946123521,"stratified sample (about 20 per category) of proposals that reached Stage-I: conditioned on success, 94 of 150 are 5 ha or less, 3 are in Maharashtra",https://forestsclearance.nic.in/timeline.aspx?pid=<proposal_no>,2026-09-27
2020-12-19,2021-01-04,2021-07-17,2021-11-18,2022-10-03,2022-11-03,2023-08-16,2026-05-26,2026-06-22,Regional Office,FP/UP/Pipeline/115827/2020,Pipeline,1.9338,<=5,Uttar Pradesh,31.865965834428383,"stratified sample (about 20 per category) of proposals that reached Stage-I: conditioned on success, 94 of 150 are 5 ha or less, 3 are in Maharashtra",https://forestsclearance.nic.in/timeline.aspx?pid=<proposal_no>,2026-09-27
2016-09-15,2017-02-04,2017-03-22,2017-03-30,2017-04-06,2017-04-28,2017-09-11,2018-01-11,2018-02-19,Regional Office,FP/MP/IRRIG/21423/2016,Irrigation,33.091,5-40,Madhya Pradesh,11.85939553219448,"stratified sample (about 20 per category) of proposals that reached Stage-I: conditioned on success, 94 of 150 are 5 ha or less, 3 are in Maharashtra",https://forestsclearance.nic.in/timeline.aspx?pid=<proposal_no>,2026-09-27
2020-05-22,2020-06-05,2020-08-25,2020-08-28,2020-11-27,2020-11-27,2020-12-16,,,Regional Office,FP/HR/IRRIG/45499/2020,Irrigation,2.044,<=5,Haryana,6.83311432325887,"stratified sample (about 20 per category) of proposals that reached Stage-I: conditioned on success, 94 of 150 are 5 ha or less, 3 are in Maharashtra",https://forestsclearance.nic.in/timeline.aspx?pid=<proposal_no>,2026-09-27
2018-09-18,2018-10-05,2019-03-01,2019-04-29,2020-11-02,,2020-11-23,,,State Government,FP/HP/HYD/36018/2018,Hydel,0.2186,<=5,Himachal Pradesh,26.182654402102497,"stratified sample (about 20 per category) of proposals that reached Stage-I: conditioned on success, 94 of 150 are 5 ha or less, 3 are in Maharashtra",https://forestsclearance.nic.in/timeline.aspx?pid=<proposal_no>,2026-09-27
2015-05-26,2015-06-11,2015-06-24,2015-06-30,2015-07-20,,2021-03-25,2026-03-24,,Head Office,FP/HP/HYD/12761/2015,Hydel,0.8374,<=5,Himachal Pradesh,69.97371879106439,"stratified sample (about 20 per category) of proposals that reached Stage-I: conditioned on success, 94 of 150 are 5 ha or less, 3 are in Maharashtra",https://forestsclearance.nic.in/timeline.aspx?pid=<proposal_no>,2026-09-27
2016-11-10,2019-01-28,2019-01-28,2019-01-28,2019-01-28,2019-02-20,2019-03-06,,,Regional Office,FP/BR/RAIL/21907/2016,Railway,1.361,<=5,Bihar,27.792378449408677,"stratified sample (about 20 per category) of proposals that reached Stage-I: conditioned on success, 94 of 150 are 5 ha or less, 3 are in Maharashtra",https://forestsclearance.nic.in/timeline.aspx?pid=<proposal_no>,2026-09-27
2018-09-01,2018-09-22,2019-04-09,2019-04-10,2019-04-23,2019-05-02,2019-05-24,2019-09-04,2020-09-18,Regional Office,FP/MP/TRANS/35529/2018,Transmission Line,206.442,>100,Madhya Pradesh,8.705650459921156,"stratified sample (about 20 per category) of proposals that reached Stage-I: conditioned on success, 94 of 150 are 5 ha or less, 3 are in Maharashtra",https://forestsclearance.nic.in/timeline.aspx?pid=<proposal_no>,2026-09-27
2015-03-18,2015-05-05,2015-08-31,2015-08-31,2015-11-18,,2016-01-04,,,State Government,FP/AP/IRRIG/10948/2015,Irrigation,4.98,<=5,Andhra Pradesh,9.592641261498027,"stratified sample (about 20 per category) of proposals that reached Stage-I: conditioned on success, 94 of 150 are 5 ha or less, 3 are in Maharashtra",https://forestsclearance.nic.in/timeline.aspx?pid=<proposal_no>,2026-09-27
2016-12-14,2017-01-10,2017-02-11,2017-03-23,2017-04-25,2017-06-20,2019-01-10,,,Regional Office,FP/MN/ROAD/23040/2016,Road,6.552,5-40,Manipur,24.868593955321945,"stratified sample (about 20 per category) of proposals that reached Stage-I: conditioned on success, 94 of 150 are 5 ha or less, 3 are in Maharashtra",https://forestsclearance.nic.in/timeline.aspx?pid=<proposal_no>,2026-09-27
2017-04-15,2017-08-24,2017-12-07,2018-05-03,2018-05-03,,2018-11-02,,,Head Office,FP/TG/MIN/25689/2017,Mining,104.095,>100,Telangana,18.593955321944808,"stratified sample (about 20 per category) of proposals that reached Stage-I: conditioned on success, 94 of 150 are 5 ha or less, 3 are in Maharashtra",https://forestsclearance.nic.in/timeline.aspx?pid=<proposal_no>,2026-09-27
2017-05-20,2017-05-26,2017-11-08,2017-12-16,2019-02-16,2019-03-06,2019-08-22,2023-01-03,2023-01-16,Regional Office,FP/MH/IRRIG/26319/2017,Irrigation,21.495,5-40,Maharashtra,27.069645203679368,"stratified sample (about 20 per category) of proposals that reached Stage-I: conditioned on success, 94 of 150 are 5 ha or less, 3 are in Maharashtra",https://forestsclearance.nic.in/timeline.aspx?pid=<proposal_no>,2026-09-27
2019-01-16,2019-02-14,2019-03-28,2019-04-11,2019-05-08,2019-05-08,2019-05-20,2019-07-24,2019-08-06,Regional Office,FP/PB/RAIL/38345/2019,Railway,2.0212,<=5,Punjab,4.073587385019711,"stratified sample (about 20 per category) of proposals that reached Stage-I: conditioned on success, 94 of 150 are 5 ha or less, 3 are in Maharashtra",https://forestsclearance.nic.in/timeline.aspx?pid=<proposal_no>,2026-09-27
2022-06-09,2022-06-27,2022-07-30,2022-08-04,2022-08-08,2022-09-08,2023-04-28,,,Regional Office,FP/UP/RAIL/155856/2022,Railway,2.09,<=5,Uttar Pradesh,10.611038107752956,"stratified sample (about 20 per category) of proposals that reached Stage-I: conditioned on success, 94 of 150 are 5 ha or less, 3 are in Maharashtra",https://forestsclearance.nic.in/timeline.aspx?pid=<proposal_no>,2026-09-27
2022-06-01,2022-06-06,2022-08-29,2022-09-12,2022-10-03,2022-10-21,2023-02-08,2023-06-16,2023-07-27,Regional Office,FP/UP/ROAD/156082/2022,Road,9.159,5-40,Uttar Pradesh,8.278580814717477,"stratified sample (about 20 per category) of proposals that reached Stage-I: conditioned on success, 94 of 150 are 5 ha or less, 3 are in Maharashtra",https://forestsclearance.nic.in/timeline.aspx?pid=<proposal_no>,2026-09-27
2015-03-04,2015-05-04,2015-06-18,2015-06-27,2015-07-13,2015-09-24,2015-10-12,2017-06-16,2017-08-11,Regional Office,FP/KA/TRANS/10659/2015,Transmission Line,2.3535,<=5,Karnataka,7.293035479632063,"stratified sample (about 20 per category) of proposals that reached Stage-I: conditioned on success, 94 of 150 are 5 ha or less, 3 are in Maharashtra",https://forestsclearance.nic.in/timeline.aspx?pid=<proposal_no>,2026-09-27
2017-10-21,2017-11-16,2018-02-24,2018-03-09,2018-03-16,,2018-07-03,2019-04-24,2021-05-10,Head Office,FP/MP/IRRIG/29552/2017,Irrigation,54.6,40-100,Madhya Pradesh,8.377135348226018,"stratified sample (about 20 per category) of proposals that reached Stage-I: conditioned on success, 94 of 150 are 5 ha or less, 3 are in Maharashtra",https://forestsclearance.nic.in/timeline.aspx?pid=<proposal_no>,2026-09-27
2018-09-19,2019-05-30,2019-09-19,2019-10-04,2019-11-18,2020-01-06,2020-01-29,2025-02-11,2026-01-20,Regional Office,FP/KA/IRRIG/35763/2018,Irrigation,0.54,<=5,Karnataka,16.327201051248355,"stratified sample (about 20 per category) of proposals that reached Stage-I: conditioned on success, 94 of 150 are 5 ha or less, 3 are in Maharashtra",https://forestsclearance.nic.in/timeline.aspx?pid=<proposal_no>,2026-09-27
2021-08-12,2022-02-23,2022-04-30,2022-06-29,2022-06-29,2022-06-29,2022-12-30,2023-07-27,2023-07-31,Regional Office,FP/TR/MIN/145135/2021,Mining,4.82,<=5,Tripura,16.590013140604466,"stratified sample (about 20 per category) of proposals that reached Stage-I: conditioned on success, 94 of 150 are 5 ha or less, 3 are in Maharashtra",https://forestsclearance.nic.in/timeline.aspx?pid=<proposal_no>,2026-09-27
2022-05-19,2022-06-14,2023-02-20,2023-03-02,2023-03-15,2023-05-17,2023-06-22,2023-11-06,2023-11-09,Regional Office,FP/GJ/Pipeline/155554/2022,Pipeline,0.042,<=5,Gujarat,13.107752956636006,"stratified sample (about 20 per category) of proposals that reached Stage-I: conditioned on success, 94 of 150 are 5 ha or less, 3 are in Maharashtra",https://forestsclearance.nic.in/timeline.aspx?pid=<proposal_no>,2026-09-27
2016-02-06,2016-05-30,2016-09-06,2016-09-06,2016-09-16,,2017-08-28,2018-07-27,2018-07-19,Head Office,FP/CG/MIN/14531/2015,Mining,99.35,40-100,Chhattisgarh,18.69250985545335,"stratified sample (about 20 per category) of proposals that reached Stage-I: conditioned on success, 94 of 150 are 5 ha or less, 3 are in Maharashtra",https://forestsclearance.nic.in/timeline.aspx?pid=<proposal_no>,2026-09-27
2019-12-13,2019-12-31,2020-07-08,2020-08-20,2020-09-02,,2020-10-09,,2021-01-12,State Government,FP/GJ/Pipeline/43381/2019,Pipeline,0.6323,<=5,Gujarat,9.888304862023652,"stratified sample (about 20 per category) of proposals that reached Stage-I: conditioned on success, 94 of 150 are 5 ha or less, 3 are in Maharashtra",https://forestsclearance.nic.in/timeline.aspx?pid=<proposal_no>,2026-09-27
2016-03-22,2016-08-04,2017-12-08,2018-01-06,2018-04-05,,2019-03-06,2020-10-21,2020-12-15,Head Office,FP/OR/MIN/18611/2016,Mining,126.401,>100,Orissa,35.446780551905384,"stratified sample (about 20 per category) of proposals that reached Stage-I: conditioned on success, 94 of 150 are 5 ha or less, 3 are in Maharashtra",https://forestsclearance.nic.in/timeline.aspx?pid=<proposal_no>,2026-09-27
2018-04-04,2022-03-03,2022-05-13,2022-06-20,2022-08-18,2022-09-22,2023-04-11,2026-01-20,2026-03-16,Regional Office,FP/AS/MIN/32798/2018,Mining,3.06,<=5,Assam,60.21681997371879,"stratified sample (about 20 per category) of proposals that reached Stage-I: conditioned on success, 94 of 150 are 5 ha or less, 3 are in Maharashtra",https://forestsclearance.nic.in/timeline.aspx?pid=<proposal_no>,2026-09-27
2019-06-10,2019-09-19,2019-12-26,2020-03-12,2020-03-12,2020-03-12,2020-10-14,2021-01-02,2021-01-12,Regional Office,FP/TR/ROAD/40610/2019,Road,0.938138,<=5,Tripura,16.16294349540079,"stratified sample (about 20 per category) of proposals that reached Stage-I: conditioned on success, 94 of 150 are 5 ha or less, 3 are in Maharashtra",https://forestsclearance.nic.in/timeline.aspx?pid=<proposal_no>,2026-09-27
2022-03-13,2022-03-15,2022-06-22,2022-06-28,2022-07-07,2022-07-15,2022-11-07,2023-04-13,2025-05-08,Regional Office,FP/MP/IRRIG/153417/2022,Irrigation,35.0,5-40,Madhya Pradesh,7.851511169513797,"stratified sample (about 20 per category) of proposals that reached Stage-I: conditioned on success, 94 of 150 are 5 ha or less, 3 are in Maharashtra",https://forestsclearance.nic.in/timeline.aspx?pid=<proposal_no>,2026-09-27
2018-10-22,2019-08-05,2019-11-06,2019-12-03,2020-05-15,2020-05-27,2020-05-21,2023-12-02,2024-03-01,Regional Office,FP/SK/ROAD/36660/2018,Road,7.838,5-40,Sikkim,18.95532194480946,"stratified sample (about 20 per category) of proposals that reached Stage-I: conditioned on success, 94 of 150 are 5 ha or less, 3 are in Maharashtra",https://forestsclearance.nic.in/timeline.aspx?pid=<proposal_no>,2026-09-27
2020-03-06,2020-07-03,2021-03-30,2021-03-31,2021-04-16,,2021-07-17,,2021-12-28,State Government,FP/GJ/Pipeline/44965/2020,Pipeline,0.1065,<=5,Gujarat,16.36005256241787,"stratified sample (about 20 per category) of proposals that reached Stage-I: conditioned on success, 94 of 150 are 5 ha or less, 3 are in Maharashtra",https://forestsclearance.nic.in/timeline.aspx?pid=<proposal_no>,2026-09-27
2017-01-28,2017-03-01,2017-05-09,2017-05-18,2017-10-12,,2018-05-03,2021-07-29,,Head Office,FP/MP/MIN/23800/2017,Mining,80.902,40-100,Madhya Pradesh,15.111695137976346,"stratified sample (about 20 per category) of proposals that reached Stage-I: conditioned on success, 94 of 150 are 5 ha or less, 3 are in Maharashtra",https://forestsclearance.nic.in/timeline.aspx?pid=<proposal_no>,2026-09-27
2015-06-02,2015-10-03,2016-03-09,2016-03-18,2016-07-18,2016-08-22,2017-06-27,2024-09-20,2017-09-07,Regional Office,FP/CG/RAIL/12523/2015,Railway,26.52,5-40,Chhattisgarh,24.83574244415243,"stratified sample (about 20 per category) of proposals that reached Stage-I: conditioned on success, 94 of 150 are 5 ha or less, 3 are in Maharashtra",https://forestsclearance.nic.in/timeline.aspx?pid=<proposal_no>,2026-09-27
2016-07-02,2016-08-12,2018-12-14,2018-12-27,2020-02-27,2020-06-30,2020-07-31,2024-08-13,2024-09-06,Regional Office,FP/WB/RAIL/19711/2016,Railway,0.9294,<=5,West Bengal,48.94875164257556,"stratified sample (about 20 per category) of proposals that reached Stage-I: conditioned on success, 94 of 150 are 5 ha or less, 3 are in Maharashtra",https://forestsclearance.nic.in/timeline.aspx?pid=<proposal_no>,2026-09-27
2019-09-19,2020-01-30,2020-09-26,2020-10-09,2021-01-29,2021-02-08,2021-05-11,2021-06-08,2021-06-28,Regional Office,FP/MP/TRANS/42108/2019,Transmission Line,2.79,<=5,Madhya Pradesh,19.71090670170828,"stratified sample (about 20 per category) of proposals that reached Stage-I: conditioned on success, 94 of 150 are 5 ha or less, 3 are in Maharashtra",https://forestsclearance.nic.in/timeline.aspx?pid=<proposal_no>,2026-09-27
2019-05-30,2019-08-21,2019-08-22,2019-09-07,2019-11-13,2019-11-25,2020-11-03,2022-12-14,2023-01-31,Regional Office,FP/HP/HYD/37347/2018,Hydel,4.326053,<=5,Himachal Pradesh,17.181340341655716,"stratified sample (about 20 per category) of proposals that reached Stage-I: conditioned on success, 94 of 150 are 5 ha or less, 3 are in Maharashtra",https://forestsclearance.nic.in/timeline.aspx?pid=<proposal_no>,2026-09-27
2014-11-14,2014-11-25,2015-01-01,2015-01-21,2015-07-15,2015-07-15,2017-01-19,2017-02-07,2017-02-14,Regional Office,FP/HP/HYD/7815/2014,Hydel,1.417,<=5,Himachal Pradesh,26.182654402102497,"stratified sample (about 20 per category) of proposals that reached Stage-I: conditioned on success, 94 of 150 are 5 ha or less, 3 are in Maharashtra",https://forestsclearance.nic.in/timeline.aspx?pid=<proposal_no>,2026-09-27
2015-12-10,2015-12-21,2016-02-18,2016-02-29,2016-03-03,,2016-03-15,,,State Government,FP/UP/TRANS/16952/2015,Transmission Line,0.8714,<=5,Uttar Pradesh,3.1537450722733245,"stratified sample (about 20 per category) of proposals that reached Stage-I: conditioned on success, 94 of 150 are 5 ha or less, 3 are in Maharashtra",https://forestsclearance.nic.in/timeline.aspx?pid=<proposal_no>,2026-09-27
2016-01-15,2016-02-15,2016-03-11,2016-03-24,2016-03-30,,2016-05-04,,,State Government,FP/KA/IRRIG/17555/2016,Irrigation,0.5404,<=5,Karnataka,3.6136662286465175,"stratified sample (about 20 per category) of proposals that reached Stage-I: conditioned on success, 94 of 150 are 5 ha or less, 3 are in Maharashtra",https://forestsclearance.nic.in/timeline.aspx?pid=<proposal_no>,2026-09-27
2014-08-21,2014-11-28,2014-12-20,2015-01-12,2015-01-20,2015-01-20,2015-04-16,2018-01-18,2016-01-06,Regional Office,FP/PB/ROAD/6582/2014,Road,12.04,5-40,Punjab,7.818659658344283,"stratified sample (about 20 per category) of proposals that reached Stage-I: conditioned on success, 94 of 150 are 5 ha or less, 3 are in Maharashtra",https://forestsclearance.nic.in/timeline.aspx?pid=<proposal_no>,2026-09-27
2016-11-08,2018-01-29,2018-03-23,2018-04-05,2018-05-15,,2018-05-28,,2019-05-23,State Government,FP/RJ/ROAD/22166/2016,Road,0.70875,<=5,Rajasthan,18.593955321944808,"stratified sample (about 20 per category) of proposals that reached Stage-I: conditioned on success, 94 of 150 are 5 ha or less, 3 are in Maharashtra",https://forestsclearance.nic.in/timeline.aspx?pid=<proposal_no>,2026-09-27
2019-05-01,2019-12-10,2020-09-12,2020-11-13,2020-11-13,2020-11-13,2021-06-17,2021-11-02,2021-11-08,Regional Office,FP/TR/MIN/38526/2019,Mining,1.74,<=5,Tripura,25.55847568988173,"stratified sample (about 20 per category) of proposals that reached Stage-I: conditioned on success, 94 of 150 are 5 ha or less, 3 are in Maharashtra",https://forestsclearance.nic.in/timeline.aspx?pid=<proposal_no>,2026-09-27
2021-12-26,2022-01-03,2022-06-16,2022-06-29,2023-10-09,,2023-11-06,,2025-07-18,State Government,FP/UK/ROAD/150531/2021,Road,0.98,<=5,Uttarakhand,22.339027595269386,"stratified sample (about 20 per category) of proposals that reached Stage-I: conditioned on success, 94 of 150 are 5 ha or less, 3 are in Maharashtra",https://forestsclearance.nic.in/timeline.aspx?pid=<proposal_no>,2026-09-27
2017-03-31,2017-04-13,2017-04-29,2017-05-03,2017-05-11,2017-05-11,2017-09-18,,,Regional Office,FP/UP/RAIL/25122/2017,Railway,2.51,<=5,Uttar Pradesh,5.617608409986859,"stratified sample (about 20 per category) of proposals that reached Stage-I: conditioned on success, 94 of 150 are 5 ha or less, 3 are in Maharashtra",https://forestsclearance.nic.in/timeline.aspx?pid=<proposal_no>,2026-09-27
2017-04-20,2017-12-28,2018-05-18,2018-05-18,2018-05-18,2018-05-21,2018-06-07,2019-08-22,2020-01-30,Regional Office,FP/TN/TRANS/25759/2017,Transmission Line,9.12,5-40,Tamil Nadu,13.5676741130092,"stratified sample (about 20 per category) of proposals that reached Stage-I: conditioned on success, 94 of 150 are 5 ha or less, 3 are in Maharashtra",https://forestsclearance.nic.in/timeline.aspx?pid=<proposal_no>,2026-09-27
2021-04-14,2021-06-04,2021-09-28,2021-10-25,2021-11-02,2021-12-02,2022-02-07,2022-07-14,2026-05-05,Regional Office,FP/MP/IRRIG/139995/2021,Irrigation,147.09,>100,Madhya Pradesh,9.822601839684625,"stratified sample (about 20 per category) of proposals that reached Stage-I: conditioned on success, 94 of 150 are 5 ha or less, 3 are in Maharashtra",https://forestsclearance.nic.in/timeline.aspx?pid=<proposal_no>,2026-09-27
2021-07-06,2021-09-10,2021-12-14,2021-12-23,2022-05-13,2022-09-09,2024-10-01,,,Regional Office,FP/HP/HYD/144511/2021,Hydel,0.87,<=5,Himachal Pradesh,38.86333771353482,"stratified sample (about 20 per category) of proposals that reached Stage-I: conditioned on success, 94 of 150 are 5 ha or less, 3 are in Maharashtra",https://forestsclearance.nic.in/timeline.aspx?pid=<proposal_no>,2026-09-27
2018-08-31,2018-10-10,2018-10-12,2018-10-20,2018-11-03,2018-12-03,2019-10-31,2021-04-17,2021-11-29,Regional Office,FP/UK/TRANS/35527/2018,Transmission Line,58.449,40-100,Uttarakhand,13.994743758212875,"stratified sample (about 20 per category) of proposals that reached Stage-I: conditioned on success, 94 of 150 are 5 ha or less, 3 are in Maharashtra",https://forestsclearance.nic.in/timeline.aspx?pid=<proposal_no>,2026-09-27
2015-03-24,2016-09-15,2016-10-26,2016-10-28,2016-11-15,2016-12-06,2017-02-03,,,Regional Office,FP/CG/TRANS/11237/2015,Transmission Line,1.8,<=5,Chhattisgarh,22.404730617608408,"stratified sample (about 20 per category) of proposals that reached Stage-I: conditioned on success, 94 of 150 are 5 ha or less, 3 are in Maharashtra",https://forestsclearance.nic.in/timeline.aspx?pid=<proposal_no>,2026-09-27
2017-07-24,2018-01-11,2018-07-30,2018-09-18,2019-03-18,2019-06-13,2019-10-17,,,Regional Office,FP/JH/MIN/25171/2017,Mining,14.5,5-40,Jharkhand,26.773981603153743,"stratified sample (about 20 per category) of proposals that reached Stage-I: conditioned on success, 94 of 150 are 5 ha or less, 3 are in Maharashtra",https://forestsclearance.nic.in/timeline.aspx?pid=<proposal_no>,2026-09-27
2017-06-13,2019-03-19,2019-05-07,2019-05-22,2019-05-22,2019-05-22,2020-09-30,2021-05-21,2021-06-21,Regional Office,FP/TR/MIN/21546/2016,Mining,1.74,<=5,Tripura,39.58607095926413,"stratified sample (about 20 per category) of proposals that reached Stage-I: conditioned on success, 94 of 150 are 5 ha or less, 3 are in Maharashtra",https://forestsclearance.nic.in/timeline.aspx?pid=<proposal_no>,2026-09-27
2019-04-25,2019-04-27,2020-01-04,2020-01-24,2020-06-02,2020-06-25,2020-07-31,2021-08-13,2021-09-02,Regional Office,FP/OR/RAIL/39739/2019,Railway,18.131,5-40,Orissa,15.210249671484888,"stratified sample (about 20 per category) of proposals that reached Stage-I: conditioned on success, 94 of 150 are 5 ha or less, 3 are in Maharashtra",https://forestsclearance.nic.in/timeline.aspx?pid=<proposal_no>,2026-09-27
2020-02-29,2020-11-26,2020-11-26,2020-11-26,2020-11-26,,2020-11-27,,,State Government,FP/BR/Pipeline/44435/2020,Pipeline,0.938,<=5,Bihar,8.935611038107753,"stratified sample (about 20 per category) of proposals that reached Stage-I: conditioned on success, 94 of 150 are 5 ha or less, 3 are in Maharashtra",https://forestsclearance.nic.in/timeline.aspx?pid=<proposal_no>,2026-09-27
2017-04-08,2017-04-13,2017-05-16,2017-05-18,2017-08-23,2017-08-23,2018-02-28,,,Regional Office,FP/HP/HYD/25583/2017,Hydel,0.8073,<=5,Himachal Pradesh,10.709592641261498,"stratified sample (about 20 per category) of proposals that reached Stage-I: conditioned on success, 94 of 150 are 5 ha or less, 3 are in Maharashtra",https://forestsclearance.nic.in/timeline.aspx?pid=<proposal_no>,2026-09-27
2017-07-29,2018-08-02,2018-08-02,2018-08-02,2018-08-02,,2019-01-08,2020-09-17,2021-08-18,Head Office,FP/TG/MIN/27545/2017,Mining,4.828,<=5,Telangana,17.345597897503286,"stratified sample (about 20 per category) of proposals that reached Stage-I: conditioned on success, 94 of 150 are 5 ha or less, 3 are in Maharashtra",https://forestsclearance.nic.in/timeline.aspx?pid=<proposal_no>,2026-09-27
2017-08-22,2017-09-09,2017-10-18,2017-10-18,2017-11-10,,2017-10-27,,2017-11-22,State Government,FP/HR/ROAD/28845/2017,Road,0.1012,<=5,Haryana,2.1681997371879107,"stratified sample (about 20 per category) of proposals that reached Stage-I: conditioned on success, 94 of 150 are 5 ha or less, 3 are in Maharashtra",https://forestsclearance.nic.in/timeline.aspx?pid=<proposal_no>,2026-09-27
2019-10-11,2019-11-06,2020-02-03,2020-02-03,2020-02-11,2020-03-03,2020-03-03,,2021-09-07,State Government,FP/GJ/TRANS/42442/2019,Transmission Line,0.0743,<=5,Gujarat,4.730617608409987,"stratified sample (about 20 per category) of proposals that reached Stage-I: conditioned on success, 94 of 150 are 5 ha or less, 3 are in Maharashtra",https://forestsclearance.nic.in/timeline.aspx?pid=<proposal_no>,2026-09-27
2019-06-17,2019-07-08,2019-09-06,2019-11-08,2020-02-18,2020-07-02,2020-09-07,2023-11-07,2023-11-22,Regional Office,FP/WB/RAIL/40708/2019,Railway,12.3786,5-40,West Bengal,14.71747700394218,"stratified sample (about 20 per category) of proposals that reached Stage-I: conditioned on success, 94 of 150 are 5 ha or less, 3 are in Maharashtra",https://forestsclearance.nic.in/timeline.aspx?pid=<proposal_no>,2026-09-27
2018-10-04,2018-10-15,2021-01-25,2021-02-02,2021-02-05,2021-03-18,2021-05-10,2022-06-17,2023-03-29,Regional Office,FP/MP/ROAD/36342/2018,Road,14.116,5-40,Madhya Pradesh,31.176084099868596,"stratified sample (about 20 per category) of proposals that reached Stage-I: conditioned on success, 94 of 150 are 5 ha or less, 3 are in Maharashtra",https://forestsclearance.nic.in/timeline.aspx?pid=<proposal_no>,2026-09-27
2018-11-18,2019-01-07,2019-08-29,2019-09-02,2020-06-22,2020-07-02,2025-01-22,2025-08-02,2025-11-08,Regional Office,FP/HP/HYD/36856/2018,Hydel,1.6201,<=5,Himachal Pradesh,74.14586070959264,"stratified sample (about 20 per category) of proposals that reached Stage-I: conditioned on success, 94 of 150 are 5 ha or less, 3 are in Maharashtra",https://forestsclearance.nic.in/timeline.aspx?pid=<proposal_no>,2026-09-27
2015-12-09,2016-06-14,2016-10-22,2016-10-27,2016-12-07,2017-04-20,2017-06-15,2021-01-22,2021-02-05,Regional Office,FP/KA/IRRIG/16934/2015,Irrigation,0.73,<=5,Karnataka,18.19973718791064,"stratified sample (about 20 per category) of proposals that reached Stage-I: conditioned on success, 94 of 150 are 5 ha or less, 3 are in Maharashtra",https://forestsclearance.nic.in/timeline.aspx?pid=<proposal_no>,2026-09-27
2017-06-19,2017-07-19,2018-12-31,2019-01-18,2019-01-18,2019-01-30,2019-02-20,2019-06-27,2020-01-21,Regional Office,FP/GJ/ROAD/26649/2017,Road,96.2254,40-100,Gujarat,20.07227332457293,"stratified sample (about 20 per category) of proposals that reached Stage-I: conditioned on success, 94 of 150 are 5 ha or less, 3 are in Maharashtra",https://forestsclearance.nic.in/timeline.aspx?pid=<proposal_no>,2026-09-27
2020-08-22,2021-01-25,2021-03-08,2021-03-09,2021-03-27,2021-04-22,2021-07-13,,,Regional Office,FP/UK/ROAD/48741/2020,Road,1.225,<=5,Uttarakhand,10.676741130091983,"stratified sample (about 20 per category) of proposals that reached Stage-I: conditioned on success, 94 of 150 are 5 ha or less, 3 are in Maharashtra",https://forestsclearance.nic.in/timeline.aspx?pid=<proposal_no>,2026-09-27
2017-05-11,2017-08-08,2018-02-26,2018-02-26,2018-02-26,2018-02-27,2018-04-20,2020-03-13,2020-06-09,Regional Office,FP/UP/RAIL/15763/2015,Railway,85.3388,40-100,Uttar Pradesh,11.300919842312746,"stratified sample (about 20 per category) of proposals that reached Stage-I: conditioned on success, 94 of 150 are 5 ha or less, 3 are in Maharashtra",https://forestsclearance.nic.in/timeline.aspx?pid=<proposal_no>,2026-09-27
2017-08-14,2017-09-05,2019-02-11,2019-07-23,2019-07-25,2019-07-25,2021-02-04,2021-07-02,2022-04-12,Regional Office,FP/GA/RAIL/28665/2017,Railway,1.9089,<=5,Goa,41.72141918528252,"stratified sample (about 20 per category) of proposals that reached Stage-I: conditioned on success, 94 of 150 are 5 ha or less, 3 are in Maharashtra",https://forestsclearance.nic.in/timeline.aspx?pid=<proposal_no>,2026-09-27
2021-09-11,2021-09-15,2022-02-17,2022-03-07,2022-04-25,,2022-12-23,,2023-02-27,State Government,FP/PB/Pipeline/147089/2021,Pipeline,1.78,<=5,Punjab,15.374507227332456,"stratified sample (about 20 per category) of proposals that reached Stage-I: conditioned on success, 94 of 150 are 5 ha or less, 3 are in Maharashtra",https://forestsclearance.nic.in/timeline.aspx?pid=<proposal_no>,2026-09-27
2016-06-09,2018-01-08,2018-04-17,2018-04-26,2018-06-08,,2018-09-19,2018-12-22,2019-03-28,Head Office,FP/HP/HYD/19905/2016,Hydel,98.1004,40-100,Himachal Pradesh,27.33245729303548,"stratified sample (about 20 per category) of proposals that reached Stage-I: conditioned on success, 94 of 150 are 5 ha or less, 3 are in Maharashtra",https://forestsclearance.nic.in/timeline.aspx?pid=<proposal_no>,2026-09-27
2021-11-26,2022-03-08,2022-12-05,2023-01-03,2023-01-05,,2024-03-14,2024-07-11,,,FP/CG/MIN/149564/2021,Mining,515.581,>100,Chhattisgarh,27.562417871222078,"stratified sample (about 20 per category) of proposals that reached Stage-I: conditioned on success, 94 of 150 are 5 ha or less, 3 are in Maharashtra",https://forestsclearance.nic.in/timeline.aspx?pid=<proposal_no>,2026-09-27
2018-08-28,2018-10-20,2019-03-05,2019-07-17,2019-11-01,2019-11-23,2024-01-09,,,Regional Office,FP/HP/HYD/35437/2018,Hydel,8.0678,5-40,Himachal Pradesh,64.38896189224704,"stratified sample (about 20 per category) of proposals that reached Stage-I: conditioned on success, 94 of 150 are 5 ha or less, 3 are in Maharashtra",https://forestsclearance.nic.in/timeline.aspx?pid=<proposal_no>,2026-09-27
2020-05-16,2020-10-20,2021-02-11,2021-08-19,2021-10-28,,2022-05-30,,2022-08-04,State Government,FP/PB/Pipeline/45427/2020,Pipeline,2.2126,<=5,Punjab,24.441524310118265,"stratified sample (about 20 per category) of proposals that reached Stage-I: conditioned on success, 94 of 150 are 5 ha or less, 3 are in Maharashtra",https://forestsclearance.nic.in/timeline.aspx?pid=<proposal_no>,2026-09-27
2018-07-16,2018-09-05,2019-02-28,2019-04-29,2019-09-11,2019-09-19,2022-06-15,2024-08-13,2024-10-28,Regional Office,FP/HP/HYD/34393/2018,Hydel,0.9991,<=5,Himachal Pradesh,46.97766097240473,"stratified sample (about 20 per category) of proposals that reached Stage-I: conditioned on success, 94 of 150 are 5 ha or less, 3 are in Maharashtra",https://forestsclearance.nic.in/timeline.aspx?pid=<proposal_no>,2026-09-27
2019-07-04,2019-08-02,2020-02-10,2020-02-18,2020-08-24,2020-11-17,2021-03-03,2021-10-27,2021-11-19,Regional Office,FP/AP/Pipeline/40930/2019,Pipeline,0.11,<=5,Andhra Pradesh,19.97371879106439,"stratified sample (about 20 per category) of proposals that reached Stage-I: conditioned on success, 94 of 150 are 5 ha or less, 3 are in Maharashtra",https://forestsclearance.nic.in/timeline.aspx?pid=<proposal_no>,2026-09-27
2017-01-08,2017-06-01,2017-06-13,2017-06-28,2017-10-16,2017-10-16,2018-03-16,,,Regional Office,FP/UP/ROAD/23496/2017,Road,0.5,<=5,Uttar Pradesh,14.19185282522996,"stratified sample (about 20 per category) of proposals that reached Stage-I: conditioned on success, 94 of 150 are 5 ha or less, 3 are in Maharashtra",https://forestsclearance.nic.in/timeline.aspx?pid=<proposal_no>,2026-09-27
2018-10-12,2019-07-19,2023-01-31,2023-02-11,2023-02-20,2023-11-07,2024-01-18,,,Regional Office,FP/JH/RAIL/36506/2018,Railway,120.61,>100,Jharkhand,63.20630749014455,"stratified sample (about 20 per category) of proposals that reached Stage-I: conditioned on success, 94 of 150 are 5 ha or less, 3 are in Maharashtra",https://forestsclearance.nic.in/timeline.aspx?pid=<proposal_no>,2026-09-27
2020-05-14,2021-04-16,2021-04-16,2021-04-16,2021-04-16,,2021-06-18,,,State Government,FP/BR/Pipeline/45411/2020,Pipeline,7.190931,5-40,Bihar,13.140604467805518,"stratified sample (about 20 per category) of proposals that reached Stage-I: conditioned on success, 94 of 150 are 5 ha or less, 3 are in Maharashtra",https://forestsclearance.nic.in/timeline.aspx?pid=<proposal_no>,2026-09-27
2017-11-28,2019-06-14,2020-08-23,2020-09-04,2020-11-17,2021-03-06,2025-01-03,,,Regional Office,FP/HP/MIN/30477/2017,Mining,6.2255,5-40,Himachal Pradesh,85.18396846254927,"stratified sample (about 20 per category) of proposals that reached Stage-I: conditioned on success, 94 of 150 are 5 ha or less, 3 are in Maharashtra",https://forestsclearance.nic.in/timeline.aspx?pid=<proposal_no>,2026-09-27
2020-11-04,2021-02-06,2021-03-23,2021-08-16,2021-08-16,2021-08-16,2021-12-23,2022-06-18,2022-07-05,Regional Office,FP/TR/MIN/53358/2020,Mining,2.978,<=5,Tripura,13.600525624178712,"stratified sample (about 20 per category) of proposals that reached Stage-I: conditioned on success, 94 of 150 are 5 ha or less, 3 are in Maharashtra",https://forestsclearance.nic.in/timeline.aspx?pid=<proposal_no>,2026-09-27
2021-06-04,2021-11-02,2021-12-28,2022-03-03,2022-03-03,2022-03-03,2023-02-08,2023-08-29,2023-09-01,Regional Office,FP/TR/MIN/143105/2021,Mining,0.76229,<=5,Tripura,20.17082785808147,"stratified sample (about 20 per category) of proposals that reached Stage-I: conditioned on success, 94 of 150 are 5 ha or less, 3 are in Maharashtra",https://forestsclearance.nic.in/timeline.aspx?pid=<proposal_no>,2026-09-27
2016-02-25,2017-01-02,2017-04-22,2017-05-22,2017-07-07,2018-10-09,2020-02-01,,,Regional Office,FP/MH/MIN/18180/2016,Mining,34.6,5-40,Maharashtra,47.20762155059133,"stratified sample (about 20 per category) of proposals that reached Stage-I: conditioned on success, 94 of 150 are 5 ha or less, 3 are in Maharashtra",https://forestsclearance.nic.in/timeline.aspx?pid=<proposal_no>,2026-09-27
2021-06-23,2021-07-31,2021-09-10,2021-09-17,2021-09-27,2021-10-21,2022-01-24,2026-08-13,2026-09-08,Regional Office,FP/JK/TRANS/143878/2021,Transmission Line,0.339,<=5,Jammu and Kashmir,7.063074901445466,"stratified sample (about 20 per category) of proposals that reached Stage-I: conditioned on success, 94 of 150 are 5 ha or less, 3 are in Maharashtra",https://forestsclearance.nic.in/timeline.aspx?pid=<proposal_no>,2026-09-27
2019-02-13,2019-09-12,2019-12-03,2019-12-05,2019-12-09,2019-12-17,2020-07-31,2023-01-16,2024-04-09,Regional Office,FP/CG/ROAD/38519/2019,Road,83.6421,40-100,Chhattisgarh,17.542706964520367,"stratified sample (about 20 per category) of proposals that reached Stage-I: conditioned on success, 94 of 150 are 5 ha or less, 3 are in Maharashtra",https://forestsclearance.nic.in/timeline.aspx?pid=<proposal_no>,2026-09-27
2022-04-27,2022-05-17,2022-06-20,2022-06-29,2022-07-01,,2022-07-27,,,State Government,FP/GJ/Pipeline/154945/2022,Pipeline,0.068,<=5,Gujarat,2.9894875164257555,"stratified sample (about 20 per category) of proposals that reached Stage-I: conditioned on success, 94 of 150 are 5 ha or less, 3 are in Maharashtra",https://forestsclearance.nic.in/timeline.aspx?pid=<proposal_no>,2026-09-27
2021-07-13,2021-08-25,2022-01-24,2022-02-08,2022-02-14,,2022-03-13,,,State Government,FP/MP/ROAD/144754/2021,Road,0.45,<=5,Madhya Pradesh,7.982917214191852,"stratified sample (about 20 per category) of proposals that reached Stage-I: conditioned on success, 94 of 150 are 5 ha or less, 3 are in Maharashtra",https://forestsclearance.nic.in/timeline.aspx?pid=<proposal_no>,2026-09-27
2016-02-09,2016-04-02,2016-05-19,2016-06-03,2017-02-16,2017-03-20,2017-10-27,2018-06-04,2018-12-28,Regional Office,FP/MP/IRRIG/17911/2016,Irrigation,6.728,5-40,Madhya Pradesh,20.565045992115635,"stratified sample (about 20 per category) of proposals that reached Stage-I: conditioned on success, 94 of 150 are 5 ha or less, 3 are in Maharashtra",https://forestsclearance.nic.in/timeline.aspx?pid=<proposal_no>,2026-09-27
2020-11-21,2020-12-30,2021-02-16,2021-03-05,2021-03-09,2021-03-09,2021-05-10,,,Regional Office,FP/PB/IRRIG/60833/2020,Irrigation,0.917,<=5,Punjab,5.5847568988173455,"stratified sample (about 20 per category) of proposals that reached Stage-I: conditioned on success, 94 of 150 are 5 ha or less, 3 are in Maharashtra",https://forestsclearance.nic.in/timeline.aspx?pid=<proposal_no>,2026-09-27
2017-01-20,2017-05-10,2017-05-10,2017-05-10,2017-05-10,,2018-04-03,2019-01-18,2019-01-25,Head Office,FP/TG/IRRIG/23644/2017,Irrigation,205.4811,>100,Telangana,14.388961892247044,"stratified sample (about 20 per category) of proposals that reached Stage-I: conditioned on success, 94 of 150 are 5 ha or less, 3 are in Maharashtra",https://forestsclearance.nic.in/timeline.aspx?pid=<proposal_no>,2026-09-27
2022-06-16,2022-08-02,2022-08-23,2023-01-27,2023-02-08,2023-02-08,2025-01-14,2026-02-04,2026-03-27,Regional Office,FP/AR/HYD/156579/2022,Hydel,4.75,<=5,Arunachal Pradesh,30.97897503285151,"stratified sample (about 20 per category) of proposals that reached Stage-I: conditioned on success, 94 of 150 are 5 ha or less, 3 are in Maharashtra",https://forestsclearance.nic.in/timeline.aspx?pid=<proposal_no>,2026-09-27
2020-11-27,2021-03-08,2021-04-16,2021-08-16,2021-08-16,2021-08-16,2021-12-23,2022-06-20,2022-07-05,Regional Office,FP/TR/MIN/65526/2020,Mining,1.56,<=5,Tripura,12.844940867279892,"stratified sample (about 20 per category) of proposals that reached Stage-I: conditioned on success, 94 of 150 are 5 ha or less, 3 are in Maharashtra",https://forestsclearance.nic.in/timeline.aspx?pid=<proposal_no>,2026-09-27
2018-12-05,2020-01-22,2021-02-26,2021-05-21,2021-09-21,2021-10-28,2022-09-07,2023-08-04,2023-10-16,Regional Office,FP/AS/MIN/37305/2018,Mining,1.85,<=5,Assam,45.072273324572926,"stratified sample (about 20 per category) of proposals that reached Stage-I: conditioned on success, 94 of 150 are 5 ha or less, 3 are in Maharashtra",https://forestsclearance.nic.in/timeline.aspx?pid=<proposal_no>,2026-09-27
2022-03-24,2022-04-16,2022-05-23,2022-06-16,2022-12-09,,,,,,FP/UK/HYD/119861/2021,Hydel,29.997,5-40,Uttarakhand,,"stratified sample (about 20 per category) of proposals that reached Stage-I: conditioned on success, 94 of 150 are 5 ha or less, 3 are in Maharashtra",https://forestsclearance.nic.in/timeline.aspx?pid=<proposal_no>,2026-09-27
2017-06-09,2017-11-14,2018-04-30,2018-05-09,2018-05-21,2018-05-22,2018-06-08,2019-02-13,2019-02-18,Regional Office,FP/PB/TRANS/26580/2017,Transmission Line,0.067,<=5,Punjab,11.957950065703022,"stratified sample (about 20 per category) of proposals that reached Stage-I: conditioned on success, 94 of 150 are 5 ha or less, 3 are in Maharashtra",https://forestsclearance.nic.in/timeline.aspx?pid=<proposal_no>,2026-09-27
2018-09-24,2019-01-25,2019-01-25,2019-01-25,2019-01-25,2019-02-13,2019-03-06,2019-12-05,2019-12-04,Regional Office,FP/BR/RAIL/35881/2018,Railway,0.91,<=5,Bihar,5.354796320630749,"stratified sample (about 20 per category) of proposals that reached Stage-I: conditioned on success, 94 of 150 are 5 ha or less, 3 are in Maharashtra",https://forestsclearance.nic.in/timeline.aspx?pid=<proposal_no>,2026-09-27
2016-10-25,2017-01-23,2017-04-24,2017-10-16,2017-11-07,2017-11-25,2018-01-11,2018-07-13,2018-09-20,Regional Office,FP/MP/TRANS/21554/2016,Transmission Line,9.8072,5-40,Madhya Pradesh,14.553219448094612,"stratified sample (about 20 per category) of proposals that reached Stage-I: conditioned on success, 94 of 150 are 5 ha or less, 3 are in Maharashtra",https://forestsclearance.nic.in/timeline.aspx?pid=<proposal_no>,2026-09-27
2018-12-22,2019-05-01,2019-08-08,2019-09-17,2019-12-05,2020-01-06,2020-02-20,2020-07-01,2020-07-13,Regional Office,FP/RJ/TRANS/37354/2018,Transmission Line,8.8422,5-40,Rajasthan,13.961892247043364,"stratified sample (about 20 per category) of proposals that reached Stage-I: conditioned on success, 94 of 150 are 5 ha or less, 3 are in Maharashtra",https://forestsclearance.nic.in/timeline.aspx?pid=<proposal_no>,2026-09-27
2022-05-11,2022-06-04,2022-09-28,2022-11-05,2022-11-12,,2023-02-01,,2023-12-16,State Government,FP/GJ/TRANS/155267/2022,Transmission Line,0.108,<=5,Gujarat,8.73850197109067,"stratified sample (about 20 per category) of proposals that reached Stage-I: conditioned on success, 94 of 150 are 5 ha or less, 3 are in Maharashtra",https://forestsclearance.nic.in/timeline.aspx?pid=<proposal_no>,2026-09-27
2018-09-04,2018-10-09,2018-11-20,2019-01-18,2019-06-04,2019-07-31,2020-01-22,2020-05-22,2020-08-06,Regional Office,FP/RJ/TRANS/35469/2018,Transmission Line,2.241,<=5,Rajasthan,16.590013140604466,"stratified sample (about 20 per category) of proposals that reached Stage-I: conditioned on success, 94 of 150 are 5 ha or less, 3 are in Maharashtra",https://forestsclearance.nic.in/timeline.aspx?pid=<proposal_no>,2026-09-27
2020-05-20,2020-08-24,2021-01-08,2021-01-18,2021-01-23,2021-02-08,2021-06-23,2021-11-03,2021-11-17,Regional Office,FP/MP/TRANS/45395/2020,Transmission Line,8.475,5-40,Madhya Pradesh,13.107752956636006,"stratified sample (about 20 per category) of proposals that reached Stage-I: conditioned on success, 94 of 150 are 5 ha or less, 3 are in Maharashtra",https://forestsclearance.nic.in/timeline.aspx?pid=<proposal_no>,2026-09-27
2020-07-11,2020-07-16,2020-12-19,2021-01-01,2021-02-18,2021-03-05,2021-06-21,2022-01-20,2022-01-31,Regional Office,FP/JK/ROAD/47304/2020,Road,5.146,5-40,Jammu and Kashmir,11.33377135348226,"stratified sample (about 20 per category) of proposals that reached Stage-I: conditioned on success, 94 of 150 are 5 ha or less, 3 are in Maharashtra",https://forestsclearance.nic.in/timeline.aspx?pid=<proposal_no>,2026-09-27
2020-07-10,2021-02-19,2021-03-24,2021-04-09,2021-07-30,2021-07-30,2021-12-01,,,Regional Office,FP/UP/RAIL/47261/2020,Railway,4.2069,<=5,Uttar Pradesh,16.72141918528252,"stratified sample (about 20 per category) of proposals that reached Stage-I: conditioned on success, 94 of 150 are 5 ha or less, 3 are in Maharashtra",https://forestsclearance.nic.in/timeline.aspx?pid=<proposal_no>,2026-09-27
2018-04-18,2018-04-25,2018-06-23,2018-08-29,2018-09-24,2018-10-14,2021-06-25,,,Regional Office,FP/AP/IRRIG/29783/2017,Irrigation,4.76,<=5,Andhra Pradesh,38.23915900131406,"stratified sample (about 20 per category) of proposals that reached Stage-I: conditioned on success, 94 of 150 are 5 ha or less, 3 are in Maharashtra",https://forestsclearance.nic.in/timeline.aspx?pid=<proposal_no>,2026-09-27
2016-03-29,2016-04-12,2016-05-24,2016-06-16,2016-06-23,,2016-10-20,2017-11-20,2018-06-22,Head Office,FP/OR/MIN/18726/2016,Mining,115.05,>100,Orissa,6.734559789750328,"stratified sample (about 20 per category) of proposals that reached Stage-I: conditioned on success, 94 of 150 are 5 ha or less, 3 are in Maharashtra",https://forestsclearance.nic.in/timeline.aspx?pid=<proposal_no>,2026-09-27
2017-07-14,2017-12-06,2018-06-07,2018-08-27,2019-09-06,2019-09-19,2022-04-19,,,Regional Office,FP/HP/HYD/23837/2017,Hydel,11.9813,5-40,Himachal Pradesh,57.16162943495401,"stratified sample (about 20 per category) of proposals that reached Stage-I: conditioned on success, 94 of 150 are 5 ha or less, 3 are in Maharashtra",https://forestsclearance.nic.in/timeline.aspx?pid=<proposal_no>,2026-09-27
2021-09-18,2021-10-20,2021-10-30,2021-11-08,2021-11-11,,2022-01-06,,2022-12-09,State Government,FP/GJ/Pipeline/147431/2021,Pipeline,0.00096,<=5,Gujarat,3.6136662286465175,"stratified sample (about 20 per category) of proposals that reached Stage-I: conditioned on success, 94 of 150 are 5 ha or less, 3 are in Maharashtra",https://forestsclearance.nic.in/timeline.aspx?pid=<proposal_no>,2026-09-27
2017-07-05,2018-01-17,2022-05-06,2022-05-18,2022-10-31,,2023-12-21,2025-09-22,2026-02-12,Head Office,FP/OR/MIN/26965/2017,Mining,112.621,>100,Orissa,77.52956636005256,"stratified sample (about 20 per category) of proposals that reached Stage-I: conditioned on success, 94 of 150 are 5 ha or less, 3 are in Maharashtra",https://forestsclearance.nic.in/timeline.aspx?pid=<proposal_no>,2026-09-27
2016-11-21,2017-01-27,2017-01-30,2017-01-31,2017-02-14,,2017-02-14,,2017-05-15,State Government,FP/HR/ROAD/22464/2016,Road,0.41,<=5,Haryana,2.7923784494086727,"stratified sample (about 20 per category) of proposals that reached Stage-I: conditioned on success, 94 of 150 are 5 ha or less, 3 are in Maharashtra",https://forestsclearance.nic.in/timeline.aspx?pid=<proposal_no>,2026-09-27
2017-09-16,2018-07-26,2019-03-28,2019-04-11,2020-02-29,,2020-03-02,,2020-07-03,State Government,FP/GJ/TRANS/29292/2017,Transmission Line,0.006,<=5,Gujarat,29.50065703022339,"stratified sample (about 20 per category) of proposals that reached Stage-I: conditioned on success, 94 of 150 are 5 ha or less, 3 are in Maharashtra",https://forestsclearance.nic.in/timeline.aspx?pid=<proposal_no>,2026-09-27
2018-11-03,2019-03-11,2022-07-22,2023-03-02,2023-03-10,,2025-11-24,,,Head Office,FP/MP/IRRIG/36231/2018,Irrigation,2250.05,>100,Madhya Pradesh,84.69119579500656,"stratified sample (about 20 per category) of proposals that reached Stage-I: conditioned on success, 94 of 150 are 5 ha or less, 3 are in Maharashtra",https://forestsclearance.nic.in/timeline.aspx?pid=<proposal_no>,2026-09-27
2018-03-24,2018-04-23,2018-07-31,2018-10-03,2018-10-06,2019-01-25,2021-08-03,2022-05-04,2023-03-28,Regional Office,FP/MP/IRRIG/31249/2018,Irrigation,35.3,5-40,Madhya Pradesh,40.34165571616294,"stratified sample (about 20 per category) of proposals that reached Stage-I: conditioned on success, 94 of 150 are 5 ha or less, 3 are in Maharashtra",https://forestsclearance.nic.in/timeline.aspx?pid=<proposal_no>,2026-09-27
2019-06-10,2019-06-13,2019-06-14,2019-06-14,2019-06-21,,2020-11-02,2024-05-13,2024-06-11,Head Office,FP/PB/HYD/40592/2019,Hydel,275.16,>100,Punjab,16.78712220762155,"stratified sample (about 20 per category) of proposals that reached Stage-I: conditioned on success, 94 of 150 are 5 ha or less, 3 are in Maharashtra",https://forestsclearance.nic.in/timeline.aspx?pid=<proposal_no>,2026-09-27
2015-06-17,2015-07-01,2015-10-28,2015-10-30,2016-01-15,2016-02-08,2016-07-27,2019-06-22,2020-07-21,Regional Office,FP/MP/HYD/13276/2015,Hydel,0.7,<=5,Madhya Pradesh,13.3377135348226,"stratified sample (about 20 per category) of proposals that reached Stage-I: conditioned on success, 94 of 150 are 5 ha or less, 3 are in Maharashtra",https://forestsclearance.nic.in/timeline.aspx?pid=<proposal_no>,2026-09-27
2018-10-29,2018-11-20,2018-12-14,2018-12-22,2018-12-28,2019-02-13,2019-04-12,2019-05-27,2024-01-08,Regional Office,FP/MP/RAIL/36675/2018,Railway,12.979,5-40,Madhya Pradesh,5.4204993429697765,"stratified sample (about 20 per category) of proposals that reached Stage-I: conditioned on success, 94 of 150 are 5 ha or less, 3 are in Maharashtra",https://forestsclearance.nic.in/timeline.aspx?pid=<proposal_no>,2026-09-27
2020-11-07,2020-11-26,2021-01-12,2021-01-16,2021-03-16,2021-05-21,2021-06-17,,,Regional Office,FP/GJ/TRANS/54160/2020,Transmission Line,0.0595,<=5,Gujarat,7.293035479632063,"stratified sample (about 20 per category) of proposals that reached Stage-I: conditioned on success, 94 of 150 are 5 ha or less, 3 are in Maharashtra",https://forestsclearance.nic.in/timeline.aspx?pid=<proposal_no>,2026-09-27
2016-11-11,2017-01-23,2017-02-08,2017-02-20,2017-07-12,2017-07-12,2018-01-17,2018-02-26,2018-03-14,Regional Office,FP/HP/HYD/22263/2016,Hydel,0.9886,<=5,Himachal Pradesh,14.19185282522996,"stratified sample (about 20 per category) of proposals that reached Stage-I: conditioned on success, 94 of 150 are 5 ha or less, 3 are in Maharashtra",https://forestsclearance.nic.in/timeline.aspx?pid=<proposal_no>,2026-09-27
2020-06-13,2020-06-25,2020-09-17,2020-09-22,2020-09-23,,2020-11-12,,2021-01-12,State Government,FP/GJ/Pipeline/46145/2020,Pipeline,0.001,<=5,Gujarat,4.993429697766097,"stratified sample (about 20 per category) of proposals that reached Stage-I: conditioned on success, 94 of 150 are 5 ha or less, 3 are in Maharashtra",https://forestsclearance.nic.in/timeline.aspx?pid=<proposal_no>,2026-09-27
2019-12-12,2020-01-14,2020-01-16,2020-01-22,2020-08-18,2020-08-18,2020-09-18,2021-07-27,2022-01-03,Regional Office,FP/UP/Pipeline/43353/2019,Pipeline,0.7733,<=5,Uttar Pradesh,9.231274638633376,"stratified sample (about 20 per category) of proposals that reached Stage-I: conditioned on success, 94 of 150 are 5 ha or less, 3 are in Maharashtra",https://forestsclearance.nic.in/timeline.aspx?pid=<proposal_no>,2026-09-27
2022-05-17,2022-05-26,2022-09-05,2022-09-09,2022-09-16,,2023-01-02,,2023-04-24,State Government,FP/GJ/Pipeline/155491/2022,Pipeline,0.1183,<=5,Gujarat,7.555847568988173,"stratified sample (about 20 per category) of proposals that reached Stage-I: conditioned on success, 94 of 150 are 5 ha or less, 3 are in Maharashtra",https://forestsclearance.nic.in/timeline.aspx?pid=<proposal_no>,2026-09-27
2020-11-20,2021-08-18,2022-04-20,2022-05-13,2022-06-06,,2025-03-26,2025-07-25,,,FP/JH/MIN/59823/2020,Mining,455.1108,>100,Jharkhand,52.1353482260184,"stratified sample (about 20 per category) of proposals that reached Stage-I: conditioned on success, 94 of 150 are 5 ha or less, 3 are in Maharashtra",https://forestsclearance.nic.in/timeline.aspx?pid=<proposal_no>,2026-09-27
2020-05-21,2020-09-28,2020-09-28,2020-09-30,2020-12-16,2021-01-04,2021-01-19,2021-12-29,2022-01-25,Regional Office,FP/HP/IRRIG/45274/2020,Irrigation,0.9747,<=5,Himachal Pradesh,7.982917214191852,"stratified sample (about 20 per category) of proposals that reached Stage-I: conditioned on success, 94 of 150 are 5 ha or less, 3 are in Maharashtra",https://forestsclearance.nic.in/timeline.aspx?pid=<proposal_no>,2026-09-27
2019-10-05,2019-12-12,2020-05-27,2020-05-28,2022-07-22,,2022-10-26,,,State Government,FP/PB/Pipeline/42400/2019,Pipeline,0.003125,<=5,Punjab,36.69513797634691,"stratified sample (about 20 per category) of proposals that reached Stage-I: conditioned on success, 94 of 150 are 5 ha or less, 3 are in Maharashtra",https://forestsclearance.nic.in/timeline.aspx?pid=<proposal_no>,2026-09-27
2016-06-18,2016-06-25,2017-05-03,2017-06-01,2017-12-06,,2018-08-20,2020-12-17,2021-06-09,Head Office,FP/OR/MIN/20081/2016,Mining,160.838,>100,Orissa,26.05124835742444,"stratified sample (about 20 per category) of proposals that reached Stage-I: conditioned on success, 94 of 150 are 5 ha or less, 3 are in Maharashtra",https://forestsclearance.nic.in/timeline.aspx?pid=<proposal_no>,2026-09-27
2017-07-31,2017-11-14,2017-11-22,2017-11-24,2017-12-19,2018-02-27,2018-05-15,2018-09-21,2018-10-03,Regional Office,FP/PB/HYD/27628/2017,Hydel,0.4352,<=5,Punjab,9.461235216819974,"stratified sample (about 20 per category) of proposals that reached Stage-I: conditioned on success, 94 of 150 are 5 ha or less, 3 are in Maharashtra",https://forestsclearance.nic.in/timeline.aspx?pid=<proposal_no>,2026-09-27
2014-11-29,2016-01-08,2019-11-30,2020-10-22,2021-03-25,,,,,,FP/HP/HYD/8255/2014,Hydel,406.79,>100,Himachal Pradesh,,"stratified sample (about 20 per category) of proposals that reached Stage-I: conditioned on success, 94 of 150 are 5 ha or less, 3 are in Maharashtra",https://forestsclearance.nic.in/timeline.aspx?pid=<proposal_no>,2026-09-27
2016-03-30,2016-04-25,2016-06-09,2016-08-17,2016-09-01,2016-09-01,2017-08-16,,,Regional Office,FP/HR/HYD/18592/2016,Hydel,0.7814,<=5,Haryana,16.557161629434955,"stratified sample (about 20 per category) of proposals that reached Stage-I: conditioned on success, 94 of 150 are 5 ha or less, 3 are in Maharashtra",https://forestsclearance.nic.in/timeline.aspx?pid=<proposal_no>,2026-09-27
2021-09-02,2021-09-14,2021-12-24,2021-12-28,2022-01-17,,2022-01-18,,2022-05-25,State Government,FP/HR/Pipeline/146516/2021,Pipeline,0.9315,<=5,Haryana,4.533508541392904,"stratified sample (about 20 per category) of proposals that reached Stage-I: conditioned on success, 94 of 150 are 5 ha or less, 3 are in Maharashtra",https://forestsclearance.nic.in/timeline.aspx?pid=<proposal_no>,2026-09-27
2019-08-24,2019-11-20,2020-07-01,2020-08-01,2021-02-11,2021-09-02,2024-12-06,,,Regional Office,FP/HP/HYD/41472/2019,Hydel,0.6806,<=5,Himachal Pradesh,63.43626806833114,"stratified sample (about 20 per category) of proposals that reached Stage-I: conditioned on success, 94 of 150 are 5 ha or less, 3 are in Maharashtra",https://forestsclearance.nic.in/timeline.aspx?pid=<proposal_no>,2026-09-27
2020-02-14,2021-12-06,2022-04-01,2022-04-20,2022-05-26,2022-05-27,2022-10-27,2024-05-31,2024-06-20,Regional Office,FP/AS/MIN/44360/2020,Mining,2.43,<=5,Assam,32.3915900131406,"stratified sample (about 20 per category) of proposals that reached Stage-I: conditioned on success, 94 of 150 are 5 ha or less, 3 are in Maharashtra",https://forestsclearance.nic.in/timeline.aspx?pid=<proposal_no>,2026-09-27
2018-04-09,2018-09-04,2018-11-24,2018-11-24,2019-01-28,,2020-07-02,,2020-10-29,State Government,FP/HP/HYD/32992/2018,Hydel,0.243,<=5,Himachal Pradesh,26.773981603153743,"stratified sample (about 20 per category) of proposals that reached Stage-I: conditioned on success, 94 of 150 are 5 ha or less, 3 are in Maharashtra",https://forestsclearance.nic.in/timeline.aspx?pid=<proposal_no>,2026-09-27
2018-05-26,2018-09-24,2022-11-28,2023-02-10,2023-02-23,2023-05-12,2024-08-27,2025-01-20,2025-02-18,Regional Office,FP/MP/RAIL/33238/2018,Railway,176.402,>100,Madhya Pradesh,75.06570302233902,"stratified sample (about 20 per category) of proposals that reached Stage-I: conditioned on success, 94 of 150 are 5 ha or less, 3 are in Maharashtra",https://forestsclearance.nic.in/timeline.aspx?pid=<proposal_no>,2026-09-27
2017-11-02,2017-11-20,2018-02-01,2018-02-01,2018-02-07,2018-02-27,2018-06-04,2018-10-09,2021-02-25,Regional Office,FP/MP/IRRIG/30016/2017,Irrigation,39.937,5-40,Madhya Pradesh,7.030223390275952,"stratified sample (about 20 per category) of proposals that reached Stage-I: conditioned on success, 94 of 150 are 5 ha or less, 3 are in Maharashtra",https://forestsclearance.nic.in/timeline.aspx?pid=<proposal_no>,2026-09-27
2019-12-20,2020-01-07,2020-01-14,2020-01-20,2020-02-04,2020-02-04,2020-02-05,,2020-07-07,State Government,FP/HR/IRRIG/43061/2019,Irrigation,0.75,<=5,Haryana,1.5440210249671484,"stratified sample (about 20 per category) of proposals that reached Stage-I: conditioned on success, 94 of 150 are 5 ha or less, 3 are in Maharashtra",https://forestsclearance.nic.in/timeline.aspx?pid=<proposal_no>,2026-09-27
2015-10-11,2015-12-17,2016-07-11,2016-08-17,2019-03-21,2019-09-20,2019-11-26,2021-07-06,2021-07-16,Regional Office,FP/KL/HYD/15833/2015,Hydel,0.95,<=5,Kerala,49.50722733245729,"stratified sample (about 20 per category) of proposals that reached Stage-I: conditioned on success, 94 of 150 are 5 ha or less, 3 are in Maharashtra",https://forestsclearance.nic.in/timeline.aspx?pid=<proposal_no>,2026-09-27
2021-01-07,2021-04-28,2021-08-13,2021-08-19,2021-08-26,,2021-11-25,,2023-04-12,State Government,FP/GJ/IRRIG/118116/2020,Irrigation,0.045,<=5,Gujarat,10.578186596583445,"stratified sample (about 20 per category) of proposals that reached Stage-I: conditioned on success, 94 of 150 are 5 ha or less, 3 are in Maharashtra",https://forestsclearance.nic.in/timeline.aspx?pid=<proposal_no>,2026-09-27
2019-07-29,2019-12-12,2022-02-03,2022-02-09,2022-05-20,2022-06-17,2024-03-19,,,Regional Office,FP/WB/MIN/41301/2019,Mining,38.38,5-40,West Bengal,55.68331143232589,"stratified sample (about 20 per category) of proposals that reached Stage-I: conditioned on success, 94 of 150 are 5 ha or less, 3 are in Maharashtra",https://forestsclearance.nic.in/timeline.aspx?pid=<proposal_no>,2026-09-27
2019-09-22,2019-11-14,2020-12-22,2021-01-17,2021-08-23,2021-09-02,2024-12-04,,,Regional Office,FP/HP/HYD/41965/2019,Hydel,2.8913,<=5,Himachal Pradesh,62.417871222076215,"stratified sample (about 20 per category) of proposals that reached Stage-I: conditioned on success, 94 of 150 are 5 ha or less, 3 are in Maharashtra",https://forestsclearance.nic.in/timeline.aspx?pid=<proposal_no>,2026-09-27
2015-01-08,2015-02-02,2015-04-22,2015-05-20,2015-06-11,2015-06-23,2016-01-13,2016-08-23,2016-09-05,Regional Office,FP/PB/HYD/9195/2015,Hydel,0.511,<=5,Punjab,12.155059132720105,"stratified sample (about 20 per category) of proposals that reached Stage-I: conditioned on success, 94 of 150 are 5 ha or less, 3 are in Maharashtra",https://forestsclearance.nic.in/timeline.aspx?pid=<proposal_no>,2026-09-27
2021-05-09,2022-04-28,2023-10-26,2023-11-08,2024-10-04,2024-11-04,2025-10-28,2026-03-31,2026-05-23,Regional Office,FP/KA/RAIL/142190/2021,Railway,18.6,5-40,Karnataka,53.64651773981603,"stratified sample (about 20 per category) of proposals that reached Stage-I: conditioned on success, 94 of 150 are 5 ha or less, 3 are in Maharashtra",https://forestsclearance.nic.in/timeline.aspx?pid=<proposal_no>,2026-09-27
2021-03-09,2021-03-23,2021-03-26,2021-03-29,2021-03-31,,2021-05-04,,2022-08-16,State Government,FP/JK/HYD/127255/2021,Hydel,0.36,<=5,Jammu and Kashmir,1.8396846254927728,"stratified sample (about 20 per category) of proposals that reached Stage-I: conditioned on success, 94 of 150 are 5 ha or less, 3 are in Maharashtra",https://forestsclearance.nic.in/timeline.aspx?pid=<proposal_no>,2026-09-27
2016-05-05,2016-06-03,2016-11-01,2016-12-05,2017-07-15,2018-02-08,2019-11-26,2020-12-16,2021-02-11,Regional Office,FP/KL/HYD/19244/2016,Hydel,0.998,<=5,Kerala,42.70696452036793,"stratified sample (about 20 per category) of proposals that reached Stage-I: conditioned on success, 94 of 150 are 5 ha or less, 3 are in Maharashtra",https://forestsclearance.nic.in/timeline.aspx?pid=<proposal_no>,2026-09-27
2015-03-31,2015-04-09,2015-08-01,2015-08-18,2015-09-10,2015-09-10,2016-10-25,2021-07-13,2021-07-27,Regional Office,FP/HP/HYD/11128/2015,Hydel,0.7449,<=5,Himachal Pradesh,18.85676741130092,"stratified sample (about 20 per category) of proposals that reached Stage-I: conditioned on success, 94 of 150 are 5 ha or less, 3 are in Maharashtra",https://forestsclearance.nic.in/timeline.aspx?pid=<proposal_no>,2026-09-27
2022-02-24,2022-04-11,2023-01-05,2023-03-31,2023-04-06,2023-09-15,2023-12-06,2024-02-19,2024-04-15,Regional Office,FP/MP/TRANS/152756/2022,Transmission Line,21.1608,5-40,Madhya Pradesh,21.353482260183966,"stratified sample (about 20 per category) of proposals that reached Stage-I: conditioned on success, 94 of 150 are 5 ha or less, 3 are in Maharashtra",https://forestsclearance.nic.in/timeline.aspx?pid=<proposal_no>,2026-09-27
2017-05-22,2018-12-26,2019-01-01,2019-01-09,2019-02-07,2019-03-11,2020-09-11,2023-09-05,2023-10-03,Regional Office,FP/HP/ROAD/26257/2017,Road,3.0506,<=5,Himachal Pradesh,39.68462549277267,"stratified sample (about 20 per category) of proposals that reached Stage-I: conditioned on success, 94 of 150 are 5 ha or less, 3 are in Maharashtra",https://forestsclearance.nic.in/timeline.aspx?pid=<proposal_no>,2026-09-27
2017-09-16,2017-12-04,2017-12-08,2017-12-08,2017-12-20,,2017-12-22,,2020-06-24,State Government,FP/GJ/TRANS/29275/2017,Transmission Line,0.15,<=5,Gujarat,3.1865965834428382,"stratified sample (about 20 per category) of proposals that reached Stage-I: conditioned on success, 94 of 150 are 5 ha or less, 3 are in Maharashtra",https://forestsclearance.nic.in/timeline.aspx?pid=<proposal_no>,2026-09-27
