Sr. No.,State Name,User Agency,Divisional Forest Officer (DFO),PSC - Member Secretary (MS),District Collector (DC),Conservator of Forests (CF),Nodal Officer,Principal Chief Conservator of Forests,Principal Secretary (Forests),Regional Office (IRO) Level,MOEFCC (HQ) Ministry Level,In-Principle Approval Issued (Stage-I),Final Approval Issued (Stage-II),Pending for Final Diversion Order at the State Government,Final Diversion Order Issued by the State Government,Delisted Proposals,Total Submitted Proposals,source,retrieved
1.0,ANDAMAN AND NICOBAR ISLANDS,3,1,1,0,0,1,0,2,0,0,6,0,3,28,25,85,"https://parivesh.nic.in/fc-dashboard/FCDashboard.aspx (State-wise Status of FC Proposals, last updated 27-Sep-2026 02:15)",2026-09-27
2.0,ANDHRA PRADESH,47,56,6,0,0,5,1,22,1,2,53,2,6,45,192,437,"https://parivesh.nic.in/fc-dashboard/FCDashboard.aspx (State-wise Status of FC Proposals, last updated 27-Sep-2026 02:15)",2026-09-27
3.0,ARUNACHAL PRADESH,53,65,2,0,4,35,0,13,3,7,69,37,14,35,73,386,"https://parivesh.nic.in/fc-dashboard/FCDashboard.aspx (State-wise Status of FC Proposals, last updated 27-Sep-2026 02:15)",2026-09-27
4.0,ASSAM,64,32,2,0,0,14,0,11,4,7,71,2,1,17,98,309,"https://parivesh.nic.in/fc-dashboard/FCDashboard.aspx (State-wise Status of FC Proposals, last updated 27-Sep-2026 02:15)",2026-09-27
5.0,BIHAR,214,71,10,0,0,90,0,17,10,3,201,178,8,21,302,937,"https://parivesh.nic.in/fc-dashboard/FCDashboard.aspx (State-wise Status of FC Proposals, last updated 27-Sep-2026 02:15)",2026-09-27
6.0,CHANDIGARH,0,1,0,0,0,0,0,2,0,0,0,0,0,2,7,12,"https://parivesh.nic.in/fc-dashboard/FCDashboard.aspx (State-wise Status of FC Proposals, last updated 27-Sep-2026 02:15)",2026-09-27
7.0,CHHATTISGARH,39,33,4,0,5,10,0,26,1,2,76,3,4,51,143,479,"https://parivesh.nic.in/fc-dashboard/FCDashboard.aspx (State-wise Status of FC Proposals, last updated 27-Sep-2026 02:15)",2026-09-27
8.0,DELHI,25,2,1,0,0,3,0,0,4,0,19,0,1,15,53,103,"https://parivesh.nic.in/fc-dashboard/FCDashboard.aspx (State-wise Status of FC Proposals, last updated 27-Sep-2026 02:15)",2026-09-27
9.0,GOA,10,6,1,0,0,8,0,3,0,0,5,0,5,25,19,75,"https://parivesh.nic.in/fc-dashboard/FCDashboard.aspx (State-wise Status of FC Proposals, last updated 27-Sep-2026 02:15)",2026-09-27
10.0,GUJARAT,431,106,24,1,2,96,0,91,18,2,466,341,1,412,729,2480,"https://parivesh.nic.in/fc-dashboard/FCDashboard.aspx (State-wise Status of FC Proposals, last updated 27-Sep-2026 02:15)",2026-09-27
11.0,HARYANA,358,183,3,0,0,82,0,21,19,11,222,690,0,256,1795,3544,"https://parivesh.nic.in/fc-dashboard/FCDashboard.aspx (State-wise Status of FC Proposals, last updated 27-Sep-2026 02:15)",2026-09-27
12.0,HIMACHAL PRADESH,202,134,9,0,1,26,1,30,9,9,106,4,9,39,1080,1920,"https://parivesh.nic.in/fc-dashboard/FCDashboard.aspx (State-wise Status of FC Proposals, last updated 27-Sep-2026 02:15)",2026-09-27
13.0,JAMMU AND KASHMIR,514,74,2,0,0,96,0,40,2,0,402,5,20,1129,438,2936,"https://parivesh.nic.in/fc-dashboard/FCDashboard.aspx (State-wise Status of FC Proposals, last updated 27-Sep-2026 02:15)",2026-09-27
14.0,JHARKHAND,74,37,12,0,2,11,0,33,2,1,63,1,10,4,179,419,"https://parivesh.nic.in/fc-dashboard/FCDashboard.aspx (State-wise Status of FC Proposals, last updated 27-Sep-2026 02:15)",2026-09-27
15.0,KARNATAKA,232,160,30,0,1,77,0,46,15,13,156,1,2,305,893,1845,"https://parivesh.nic.in/fc-dashboard/FCDashboard.aspx (State-wise Status of FC Proposals, last updated 27-Sep-2026 02:15)",2026-09-27
16.0,KERALA,65,65,6,0,0,9,0,4,4,1,70,26,0,88,240,559,"https://parivesh.nic.in/fc-dashboard/FCDashboard.aspx (State-wise Status of FC Proposals, last updated 27-Sep-2026 02:15)",2026-09-27
17.0,LADAKH,1,1,0,0,0,0,0,1,0,0,1,0,0,4,9,16,"https://parivesh.nic.in/fc-dashboard/FCDashboard.aspx (State-wise Status of FC Proposals, last updated 27-Sep-2026 02:15)",2026-09-27
18.0,LAKSHADWEEP,0,0,0,0,0,0,0,0,0,0,0,0,0,0,0,0,"https://parivesh.nic.in/fc-dashboard/FCDashboard.aspx (State-wise Status of FC Proposals, last updated 27-Sep-2026 02:15)",2026-09-27
19.0,MADHYA PRADESH,325,204,10,0,8,56,0,87,24,7,268,387,39,258,652,2650,"https://parivesh.nic.in/fc-dashboard/FCDashboard.aspx (State-wise Status of FC Proposals, last updated 27-Sep-2026 02:15)",2026-09-27
20.0,MAHARASHTRA,242,186,17,0,8,119,0,109,5,3,258,27,127,36,982,1805,"https://parivesh.nic.in/fc-dashboard/FCDashboard.aspx (State-wise Status of FC Proposals, last updated 27-Sep-2026 02:15)",2026-09-27
21.0,MANIPUR,23,15,7,0,1,20,0,9,0,2,23,10,11,27,44,169,"https://parivesh.nic.in/fc-dashboard/FCDashboard.aspx (State-wise Status of FC Proposals, last updated 27-Sep-2026 02:15)",2026-09-27
22.0,MEGHALAYA,14,13,0,0,3,3,0,2,0,0,5,0,1,18,39,99,"https://parivesh.nic.in/fc-dashboard/FCDashboard.aspx (State-wise Status of FC Proposals, last updated 27-Sep-2026 02:15)",2026-09-27
23.0,MIZORAM,15,3,0,0,0,1,0,2,1,1,6,0,1,17,44,101,"https://parivesh.nic.in/fc-dashboard/FCDashboard.aspx (State-wise Status of FC Proposals, last updated 27-Sep-2026 02:15)",2026-09-27
24.0,NAGALAND,0,0,0,0,0,0,0,0,0,0,0,0,0,1,0,3,"https://parivesh.nic.in/fc-dashboard/FCDashboard.aspx (State-wise Status of FC Proposals, last updated 27-Sep-2026 02:15)",2026-09-27
25.0,ODISHA,94,69,9,0,5,22,0,5,2,5,115,0,0,52,202,581,"https://parivesh.nic.in/fc-dashboard/FCDashboard.aspx (State-wise Status of FC Proposals, last updated 27-Sep-2026 02:15)",2026-09-27
26.0,PUDUCHERRY,0,0,0,0,0,0,0,0,0,0,0,0,0,0,0,0,"https://parivesh.nic.in/fc-dashboard/FCDashboard.aspx (State-wise Status of FC Proposals, last updated 27-Sep-2026 02:15)",2026-09-27
27.0,PUNJAB,287,76,2,0,0,55,0,28,12,1,198,448,2,324,888,2185,"https://parivesh.nic.in/fc-dashboard/FCDashboard.aspx (State-wise Status of FC Proposals, last updated 27-Sep-2026 02:15)",2026-09-27
28.0,RAJASTHAN,221,77,7,0,0,20,0,22,15,3,148,12,1,244,493,1172,"https://parivesh.nic.in/fc-dashboard/FCDashboard.aspx (State-wise Status of FC Proposals, last updated 27-Sep-2026 02:15)",2026-09-27
29.0,SIKKIM,62,33,1,0,3,15,0,13,5,1,54,7,11,34,106,313,"https://parivesh.nic.in/fc-dashboard/FCDashboard.aspx (State-wise Status of FC Proposals, last updated 27-Sep-2026 02:15)",2026-09-27
30.0,TAMIL NADU,90,46,1,0,0,22,0,6,1,0,52,7,0,62,455,987,"https://parivesh.nic.in/fc-dashboard/FCDashboard.aspx (State-wise Status of FC Proposals, last updated 27-Sep-2026 02:15)",2026-09-27
31.0,TELANGANA,66,85,1,0,1,9,0,7,5,1,64,21,2,70,243,583,"https://parivesh.nic.in/fc-dashboard/FCDashboard.aspx (State-wise Status of FC Proposals, last updated 27-Sep-2026 02:15)",2026-09-27
32.0,THE DADRA AND NAGAR HAVELI AND DAMAN AND DIU,9,1,3,0,0,0,0,2,0,0,5,1,0,22,32,87,"https://parivesh.nic.in/fc-dashboard/FCDashboard.aspx (State-wise Status of FC Proposals, last updated 27-Sep-2026 02:15)",2026-09-27
33.0,TRIPURA,54,38,1,0,0,12,0,1,0,1,46,0,0,10,20,182,"https://parivesh.nic.in/fc-dashboard/FCDashboard.aspx (State-wise Status of FC Proposals, last updated 27-Sep-2026 02:15)",2026-09-27
34.0,UTTARAKHAND,213,292,10,1,1,96,0,34,9,0,142,0,15,49,502,1233,"https://parivesh.nic.in/fc-dashboard/FCDashboard.aspx (State-wise Status of FC Proposals, last updated 27-Sep-2026 02:15)",2026-09-27
35.0,UTTAR PRADESH,325,110,2,0,2,48,0,87,24,3,319,228,53,565,714,2257,"https://parivesh.nic.in/fc-dashboard/FCDashboard.aspx (State-wise Status of FC Proposals, last updated 27-Sep-2026 02:15)",2026-09-27
36.0,WEST BENGAL,88,25,7,0,2,13,1,3,10,3,91,1,2,89,234,525,"https://parivesh.nic.in/fc-dashboard/FCDashboard.aspx (State-wise Status of FC Proposals, last updated 27-Sep-2026 02:15)",2026-09-27
,TOTAL,4460,2300,191,2,49,1074,3,779,205,89,3780,2439,349,4354,11925,31474,"https://parivesh.nic.in/fc-dashboard/FCDashboard.aspx (State-wise Status of FC Proposals, last updated 27-Sep-2026 02:15)",2026-09-27
