scenario_id,violation,shape,form,area_ha_condition,project_category,approving_authority,authority_level,psc_required,rec_required,fac_required,site_inspection_required,complexity_score,notes
1A,No,Any,E/H,>0,NA,State Secretary/Nodal Officer,2,0,0,0,0,2,"May escalate to Regional/MoEFCC if LUC/re-diversion or outside RoW"
1F,No,Any,F,>0,All except Mining/Encroachment/Violation/Dereservation,State Secretary,2,0,0,0,0,2,"Form F skips PSC"
2_main,No,Any,A/B/H,>5 & <=40,All except Mining/Encroachment/Violation/Dereservation,Regional Office/Sub-Office,3,0,1,0,0,4,"Based on REC recommendation"
2_linear_gt40,No,Linear,All Linear except Mining/Encroachment/Violation/Dereservation,>40,All linear,Regional Office/Sub-Office,3,1,0,0,0,4,"Scrutiny through PSC"
2_DH,No,Any,D/H,>5 & <=40,Non-Mining,Regional Office/Sub-Office,3,0,1,0,0,4,"Assumed same REC basis as 2_main"
2F,No,Any,F,>0,All except Mining/Encroachment/Violation/Dereservation,Regional Office/Sub-Office,3,0,0,0,0,3,"Form F skips PSC and REC"
3_survey,No,Any,C/H,<=5,Except Encroachment/Violation/Mining,Regional Office/Sub-Office/MoEFCC,3,0,1,1,0,5,"MoEFCC only if diverts at Stage-Site; based on REC/FAC"
3F_violation,Yes,Any,F,>0,NA,MoEFCC,4,0,0,0,0,4,"Form F skips PSC and FAC"
3F_novio_gt5,No,Any,F,>5,Mining/Encroachment/Dereservation/Violation,MoEFCC,4,0,0,0,0,4,"Same authority tier as 3F_violation"
4_main,No,Any,A/B/H/E/F,<=5,Non-Govt entity except Encroachment/Dereservation/Mining,Regional Office/Sub-Office,3,0,0,0,0,3,"No REC needed; Form F also skips PSC/REC"
4_govt_ofc,No,Any,A/B/H/E/F,>1 & <=5,Govt entity under OFC and GA categories,Regional Office/Sub-Office,3,0,0,0,0,3,"Assumed same tier as 4_main"
4_govt_all,No,Any,A/B/H/E/F,<=5,Govt entity except Encroachment/Dereservation/Violation/Mining/OFC/GA,Regional Office/Sub-Office,3,0,0,0,0,3,"Assumed same tier as 4_main"
4_DH,No,Any,D/H,<=5,All except Mining/Encroachment/Violation/Dereservation,Regional Office/Sub-Office,3,0,0,0,0,3,"Assumed same tier as 4_main"
5_main,No,Non-Linear,A/B/H,>40,All except linear project,MoEFCC,4,1,0,1,1,7,"Site inspection by Regional Office; FAC recommendation; PSC scrutiny; Form F skips PSC/FAC"
5_5to40_mining,No,Any,Any,>5 & <=40,Mining/Encroachment/Dereservation/Violation,MoEFCC,4,1,0,1,1,7,"Assumed same conditions as 5_main"
5_DH_gt40,No,Any,D/H,>40,Non-Mining,MoEFCC,4,1,0,1,1,7,"Assumed same conditions as 5_main"
5_gt5_mining,No,Any,D/H,>5,Mining,MoEFCC,4,1,0,1,1,7,"Assumed same conditions as 5_main"
5_violation,Yes,Any,Any,>5,Any,MoEFCC,4,0,0,0,0,4,"Insufficient detail on PSC/FAC/site for violation branch — treat as lower-confidence estimate"
6_survey,No,Any,C/H,>5,NA,Regional Office/Sub-Office/MoEFCC,3,1,1,1,0,6,"Based on REC/FAC; PSC scrutiny; MoEFCC only if diverts at SS; Form F skips PSC/FAC"
7_main,No,Any,A/B/D/H/E,<=5,Encroachment/Dereservation/Mining,MoEFCC,4,0,0,1,1,6,"Site inspection by Regional Office; FAC recommendation; no PSC; Form F skips PSC/FAC"
7_violation,Yes,Any,Any,<=5,Any,MoEFCC,4,0,0,0,0,4,"Insufficient detail for violation branch — lower-confidence estimate"
survey_1E,No,NA,Form C,NA (<=100 trees/<=25 boreholes-per-10sqkm/<=80 shotholes-per-sqkm),Survey,PCCF,2,0,0,0,0,2,"Workflow DFO>Nodal Officer>PCCF; no PSC; density>0.7 forest routed to MoEFCC instead"
survey_3or6,No,NA,Form C,NA (>100 trees OR >25 boreholes-per-10sqkm OR >80 shotholes-per-sqkm),Survey,Ministry/IRO,4,0,0,0,0,4,"Follows existing IRO/Ministry Form C flow; PSC/REC/FAC status unspecified"
exempt_def_100km,No/Yes,Linear,Form A,Within 100 km,Security/Defence Strategic Linear Infrastructure,Nodal Officer/PCCF/State Govt (Ministry if violation),2,0,0,0,0,2,"Violation before Stage I routes to Ministry (level 4); no PSC"
exempt_def_10ha,No/Yes,Non-Linear,Form A,<=10,Defence-Related Infrastructure,Nodal Officer/PCCF/State Govt (Ministry if violation),2,0,0,0,0,2,"Violation before Stage I routes to Ministry (level 4); no PSC"
exempt_def_5ha_lwe,No/Yes,NA,Form A,<=5,Defence-Related Infrastructure in LWE District,Nodal Officer/PCCF/State Govt (Ministry if violation),2,0,0,0,0,2,"Violation after Stage I = penal provision, stays at State level; no PSC"
exempt_publicutility_0.1ha,No/Yes,Linear,Form A,<=0.1,Public Utility (road/rail-side amenities) in LWE,DFO (Ministry if violation),1,0,0,0,0,1,"Mining category routed to MoEFCC instead; violation after Stage I stays at State level"
fc_form_c_exempted,No/Yes,NA,Form C (Exempted),Any,Survey,DFO (Ministry if violation),1,0,0,0,0,1,"Single approval process; new demand-note workflow via DFO"
