state,required_ha,acquired_ha,pct,answered_on,question,source,note,retrieved
Karnataka,9020.0,5679.0,63.0,2025-12-10,LS USQ 1625,https://sansad.in/getFile/lsapps/loksabhaquestions/annex/186/AU1625_GEJTkD.pdf?source=lsapps,,2026-09-27
Karnataka,9064.0,5707.0,63.0,2026-02-11,LS USQ 2070,https://sansad.in/getFile/lsapps/loksabhaquestions/annex/187/AU2070_ovHT63.pdf?source=lsapps,,2026-09-27
Karnataka,10123.0,6134.0,61.0,2026-07-22,LS USQ 583,https://sansad.in/getFile/lsapps/loksabhaquestions/annex/188/AU583_1DCngB.pdf?source=lsapps,,2026-09-27
Kerala,475.0,64.0,13.0,2024-12-18,LS USQ 3751,https://sansad.in/getFile/lsapps/loksabhaquestions/annex/183/AU3751_6DWYEC.pdf?source=lsapps,,2026-09-27
Kerala,476.0,66.0,13.0,2025-03-12,LS USQ 2259,https://sansad.in/getFile/lsapps/loksabhaquestions/annex/184/AU2259_0ua2As.pdf?source=lsapps,,2026-09-27
Kerala,476.0,66.0,14.0,2025-03-26,LS USQ 4364,https://sansad.in/getFile/lsapps/loksabhaquestions/annex/184/AU4364_FtOkm1.pdf?source=lsapps,,2026-09-27
Kerala,476.0,73.0,15.0,2025-08-06,LS USQ 2906,https://sansad.in/getFile/lsapps/loksabhaquestions/annex/185/AU2906_fDeOOg.pdf?source=lsapps,,2026-09-27
Kerala,476.0,73.0,15.0,2025-08-20,LS USQ 4382,https://sansad.in/getFile/lsapps/loksabhaquestions/annex/185/AU4382_mIDxAQ.pdf?source=lsapps,,2026-09-27
Kerala,476.0,65.0,14.0,2025-12-03,LS USQ 594,https://sansad.in/getFile/lsapps/loksabhaquestions/annex/186/AU594_wsq1sd.pdf?source=lsapps,,2026-09-27
Kerala,476.0,65.0,14.0,2026-02-11,LS USQ 1967,https://sansad.in/getFile/lsapps/loksabhaquestions/annex/187/AU1967_2GC4VW.pdf?source=lsapps,,2026-09-27
Kerala,476.0,65.0,14.0,2026-03-11,LS USQ 3140,https://sansad.in/getFile/lsapps/loksabhaquestions/annex/187/AU3140_FqXLu6.pdf?source=lsapps,,2026-09-27
Kerala,476.0,65.0,14.0,2026-03-18,LS USQ 4228,https://sansad.in/getFile/lsapps/loksabhaquestions/annex/187/AU4228_82p7sc.pdf?source=lsapps,,2026-09-27
Kerala,476.0,65.0,14.0,2026-04-01,LS USQ 5988,https://sansad.in/getFile/lsapps/loksabhaquestions/annex/187/AU5988_ta5pt2.pdf?source=lsapps,,2026-09-27
Kerala,618.0,78.0,13.0,2026-07-22,LS USQ 564,https://sansad.in/getFile/lsapps/loksabhaquestions/annex/188/AU564_DbHBF0.pdf?source=lsapps,,2026-09-27
Kerala,618.0,78.0,13.0,2026-08-05,LS USQ 2966,https://sansad.in/getFile/lsapps/loksabhaquestions/annex/188/AU2966_aNXv4R.pdf?source=lsapps,,2026-09-27
Tamil Nadu,3389.0,866.0,26.0,2024-11-27,LS SQ 29,https://sansad.in/getFile/lsapps/loksabhaquestions/annex/183/AS29_fVAeAd.pdf?source=lsapps,,2026-09-27
Tamil Nadu,3389.0,866.0,26.0,2024-12-04,LS USQ 1609,https://sansad.in/getFile/lsapps/loksabhaquestions/annex/183/AU1609_TO6NEg.pdf?source=lsapps,,2026-09-27
Tamil Nadu,3389.0,866.0,26.0,2024-12-11,LS SQ 230,https://sansad.in/getFile/lsapps/loksabhaquestions/annex/183/AS230_AIF0jQ.pdf?source=lsapps,,2026-09-27
Tamil Nadu,3389.0,866.0,26.0,2024-12-11,LS USQ 2656,https://sansad.in/getFile/lsapps/loksabhaquestions/annex/183/AU2656_eU4SUv.pdf?source=lsapps,"acquired and balance corrected by hand from the answer text (866 ha acquired, 2,523 ha balance)",2026-09-27
Tamil Nadu,3389.0,866.0,26.0,2024-12-18,LS USQ 3699,https://sansad.in/getFile/lsapps/loksabhaquestions/annex/183/AU3699_X8BFmU.pdf?source=lsapps,,2026-09-27
Tamil Nadu,4288.0,991.0,23.0,2025-03-26,LS USQ 4348,https://sansad.in/getFile/lsapps/loksabhaquestions/annex/184/AU4348_oI6S2X.pdf?source=lsapps,,2026-09-27
Tamil Nadu,4315.0,1038.0,24.0,2025-07-23,LS USQ 571,https://sansad.in/getFile/lsapps/loksabhaquestions/annex/185/AU571_OXAbOl.pdf?source=lsapps,,2026-09-27
Tamil Nadu,4326.0,1052.0,24.0,2025-12-17,LS USQ 2894,https://sansad.in/getFile/lsapps/loksabhaquestions/annex/186/AU2894_pU65Wk.pdf?source=lsapps,,2026-09-27
Tamil Nadu,4326.0,1052.0,24.0,2026-02-04,LS USQ 832,https://sansad.in/getFile/lsapps/loksabhaquestions/annex/187/AU832_5DVFqR.pdf?source=lsapps,,2026-09-27
Tamil Nadu,4326.0,1052.0,24.0,2026-03-11,LS USQ 3011,https://sansad.in/getFile/lsapps/loksabhaquestions/annex/187/AU3011_yf2aMw.pdf?source=lsapps,,2026-09-27
Tamil Nadu,4326.0,1052.0,24.0,2026-03-25,LS USQ 5450,https://sansad.in/getFile/lsapps/loksabhaquestions/annex/187/AU5450_AGXjW1.pdf?source=lsapps,,2026-09-27
Tamil Nadu,4326.0,1052.0,24.0,2026-04-01,LS USQ 6097,https://sansad.in/getFile/lsapps/loksabhaquestions/annex/187/AU6097_BovIWe.pdf?source=lsapps,,2026-09-27
Tamil Nadu,4612.0,1178.0,26.0,2026-08-05,LS USQ 2853,https://sansad.in/getFile/lsapps/loksabhaquestions/annex/188/AU2853_bz5BsG.pdf?source=lsapps,,2026-09-27
Telangana,2343.0,1580.0,67.0,2025-12-03,LS USQ 534,https://sansad.in/getFile/lsapps/loksabhaquestions/annex/186/AU534_DyIpQM.pdf?source=lsapps,,2026-09-27
West Bengal,3040.0,640.0,21.0,2024-12-18,LS USQ 3797,https://sansad.in/getFile/lsapps/loksabhaquestions/annex/183/AU3797_3y9tYT.pdf?source=lsapps,,2026-09-27
West Bengal,4093.0,1086.0,26.5,2025-03-19,LS USQ 3005,https://sansad.in/getFile/lsapps/loksabhaquestions/annex/184/AU3005_YCzrVs.pdf?source=lsapps,,2026-09-27
West Bengal,4093.0,1086.0,26.5,2025-03-26,LS USQ 4355,https://sansad.in/getFile/lsapps/loksabhaquestions/annex/184/AU4355_6LfPrT.pdf?source=lsapps,,2026-09-27
West Bengal,4564.0,1250.0,27.0,2025-12-03,LS USQ 544,https://sansad.in/getFile/lsapps/loksabhaquestions/annex/186/AU544_7Li569.pdf?source=lsapps,,2026-09-27
