state,source,disputes_jan2026,br_ha_acquired,uc_projects_aug2026,delayed_5fy_jul2026,delayed_since2014_aug2025,disputes_per_100ha,delayed_per_uc,parcels,area_ha,stretches,median_parcel_ha,parcels_per_km_med,span_days_med,span_ge1y_share,cx_ge3_share,share_notified_2023plus,first_year,last_date,retrieved
NAGALAND,"disputes_jan2026: LS USQ 163 of 29 Jan 2026 https://sansad.in/getFile/lsapps/loksabhaquestions/annex/187/AU163_5uqS9c.pdf?source=lsapps; br_ha_acquired, uc_projects_aug2026: LS USQ 3006 of 6 Aug 2026 https://sansad.in/getFile/lsapps/loksabhaquestions/annex/188/AU3006_jMQaRJ.pdf?source=lsapps; delayed_5fy_jul2026: LS USQ 843 of 23 Jul 2026 https://sansad.in/getFile/lsapps/loksabhaquestions/annex/188/AU843_Phz3XH.pdf?source=lsapps; delayed_since2014_aug2025: LS USQ 4702 of 21 Aug 2025 https://sansad.in/getFile/lsapps/loksabhaquestions/annex/185/AU4702_2S5DmR.pdf?source=lsapps; parcels to last_date: Bhoomi Rashi whole-state Highway Register https://bhoomirashi.gov.in/auth/revamp/RepState.cshtml (land_acquisition_*.csv); disputes_per_100ha and delayed_per_uc are derived",1.0,0.0,19.0,14.0,6.0,,0.74,,,,,,,,,,,,2026-09-27
DELHI,"disputes_jan2026: LS USQ 163 of 29 Jan 2026 https://sansad.in/getFile/lsapps/loksabhaquestions/annex/187/AU163_5uqS9c.pdf?source=lsapps; br_ha_acquired, uc_projects_aug2026: LS USQ 3006 of 6 Aug 2026 https://sansad.in/getFile/lsapps/loksabhaquestions/annex/188/AU3006_jMQaRJ.pdf?source=lsapps; delayed_5fy_jul2026: LS USQ 843 of 23 Jul 2026 https://sansad.in/getFile/lsapps/loksabhaquestions/annex/188/AU843_Phz3XH.pdf?source=lsapps; delayed_since2014_aug2025: LS USQ 4702 of 21 Aug 2025 https://sansad.in/getFile/lsapps/loksabhaquestions/annex/185/AU4702_2S5DmR.pdf?source=lsapps; parcels to last_date: Bhoomi Rashi whole-state Highway Register https://bhoomirashi.gov.in/auth/revamp/RepState.cshtml (land_acquisition_*.csv); disputes_per_100ha and delayed_per_uc are derived",10868.0,326.87,0.0,,,3324.9,,1513.0,159.9,12.0,0.0464,11.565,522.5,0.5,0.25,0.14,2008.0,2024-09-18,2026-09-27
KERALA,"disputes_jan2026: LS USQ 163 of 29 Jan 2026 https://sansad.in/getFile/lsapps/loksabhaquestions/annex/187/AU163_5uqS9c.pdf?source=lsapps; br_ha_acquired, uc_projects_aug2026: LS USQ 3006 of 6 Aug 2026 https://sansad.in/getFile/lsapps/loksabhaquestions/annex/188/AU3006_jMQaRJ.pdf?source=lsapps; delayed_5fy_jul2026: LS USQ 843 of 23 Jul 2026 https://sansad.in/getFile/lsapps/loksabhaquestions/annex/188/AU843_Phz3XH.pdf?source=lsapps; delayed_since2014_aug2025: LS USQ 4702 of 21 Aug 2025 https://sansad.in/getFile/lsapps/loksabhaquestions/annex/185/AU4702_2S5DmR.pdf?source=lsapps; parcels to last_date: Bhoomi Rashi whole-state Highway Register https://bhoomirashi.gov.in/auth/revamp/RepState.cshtml (land_acquisition_*.csv); disputes_per_100ha and delayed_per_uc are derived",14680.0,1618.56,16.0,11.0,17.0,907.0,0.69,41906.0,1617.8,27.0,0.0107,23.69,709.0,0.63,0.52,0.28,2018.0,2025-04-15,2026-09-27
HIMACHAL PRADESH,"disputes_jan2026: LS USQ 163 of 29 Jan 2026 https://sansad.in/getFile/lsapps/loksabhaquestions/annex/187/AU163_5uqS9c.pdf?source=lsapps; br_ha_acquired, uc_projects_aug2026: LS USQ 3006 of 6 Aug 2026 https://sansad.in/getFile/lsapps/loksabhaquestions/annex/188/AU3006_jMQaRJ.pdf?source=lsapps; delayed_5fy_jul2026: LS USQ 843 of 23 Jul 2026 https://sansad.in/getFile/lsapps/loksabhaquestions/annex/188/AU843_Phz3XH.pdf?source=lsapps; delayed_since2014_aug2025: LS USQ 4702 of 21 Aug 2025 https://sansad.in/getFile/lsapps/loksabhaquestions/annex/185/AU4702_2S5DmR.pdf?source=lsapps; parcels to last_date: Bhoomi Rashi whole-state Highway Register https://bhoomirashi.gov.in/auth/revamp/RepState.cshtml (land_acquisition_*.csv); disputes_per_100ha and delayed_per_uc are derived",11195.0,1313.0,28.0,12.0,11.0,852.6,0.43,29805.0,1054.3,43.0,0.009,36.05,435.0,0.53,0.37,0.11,2013.0,2025-03-19,2026-09-27
MAHARASHTRA,"disputes_jan2026: LS USQ 163 of 29 Jan 2026 https://sansad.in/getFile/lsapps/loksabhaquestions/annex/187/AU163_5uqS9c.pdf?source=lsapps; br_ha_acquired, uc_projects_aug2026: LS USQ 3006 of 6 Aug 2026 https://sansad.in/getFile/lsapps/loksabhaquestions/annex/188/AU3006_jMQaRJ.pdf?source=lsapps; delayed_5fy_jul2026: LS USQ 843 of 23 Jul 2026 https://sansad.in/getFile/lsapps/loksabhaquestions/annex/188/AU843_Phz3XH.pdf?source=lsapps; delayed_since2014_aug2025: LS USQ 4702 of 21 Aug 2025 https://sansad.in/getFile/lsapps/loksabhaquestions/annex/185/AU4702_2S5DmR.pdf?source=lsapps; parcels to last_date: Bhoomi Rashi whole-state Highway Register https://bhoomirashi.gov.in/auth/revamp/RepState.cshtml (land_acquisition_*.csv); disputes_per_100ha and delayed_per_uc are derived",32773.0,11628.34,118.0,51.0,53.0,281.8,0.43,89950.0,13460.8,347.0,0.0519,2.47,379.0,0.5,0.25,0.1,2005.0,2025-05-09,2026-09-27
KARNATAKA,"disputes_jan2026: LS USQ 163 of 29 Jan 2026 https://sansad.in/getFile/lsapps/loksabhaquestions/annex/187/AU163_5uqS9c.pdf?source=lsapps; br_ha_acquired, uc_projects_aug2026: LS USQ 3006 of 6 Aug 2026 https://sansad.in/getFile/lsapps/loksabhaquestions/annex/188/AU3006_jMQaRJ.pdf?source=lsapps; delayed_5fy_jul2026: LS USQ 843 of 23 Jul 2026 https://sansad.in/getFile/lsapps/loksabhaquestions/annex/188/AU843_Phz3XH.pdf?source=lsapps; delayed_since2014_aug2025: LS USQ 4702 of 21 Aug 2025 https://sansad.in/getFile/lsapps/loksabhaquestions/annex/185/AU4702_2S5DmR.pdf?source=lsapps; parcels to last_date: Bhoomi Rashi whole-state Highway Register https://bhoomirashi.gov.in/auth/revamp/RepState.cshtml (land_acquisition_*.csv); disputes_per_100ha and delayed_per_uc are derived",23391.0,11256.55,77.0,37.0,44.0,207.8,0.48,91558.0,13842.9,187.0,0.042,7.13,141.0,0.4,0.27,0.23,2001.0,2025-02-28,2026-09-27
UTTARAKHAND,"disputes_jan2026: LS USQ 163 of 29 Jan 2026 https://sansad.in/getFile/lsapps/loksabhaquestions/annex/187/AU163_5uqS9c.pdf?source=lsapps; br_ha_acquired, uc_projects_aug2026: LS USQ 3006 of 6 Aug 2026 https://sansad.in/getFile/lsapps/loksabhaquestions/annex/188/AU3006_jMQaRJ.pdf?source=lsapps; delayed_5fy_jul2026: LS USQ 843 of 23 Jul 2026 https://sansad.in/getFile/lsapps/loksabhaquestions/annex/188/AU843_Phz3XH.pdf?source=lsapps; delayed_since2014_aug2025: LS USQ 4702 of 21 Aug 2025 https://sansad.in/getFile/lsapps/loksabhaquestions/annex/185/AU4702_2S5DmR.pdf?source=lsapps; parcels to last_date: Bhoomi Rashi whole-state Highway Register https://bhoomirashi.gov.in/auth/revamp/RepState.cshtml (land_acquisition_*.csv); disputes_per_100ha and delayed_per_uc are derived",3974.0,2226.37,74.0,27.0,27.0,178.5,0.36,30293.0,1527.6,60.0,0.012,12.665,0.0,0.37,0.22,0.13,2013.0,2025-05-09,2026-09-27
TAMIL NADU,"disputes_jan2026: LS USQ 163 of 29 Jan 2026 https://sansad.in/getFile/lsapps/loksabhaquestions/annex/187/AU163_5uqS9c.pdf?source=lsapps; br_ha_acquired, uc_projects_aug2026: LS USQ 3006 of 6 Aug 2026 https://sansad.in/getFile/lsapps/loksabhaquestions/annex/188/AU3006_jMQaRJ.pdf?source=lsapps; delayed_5fy_jul2026: LS USQ 843 of 23 Jul 2026 https://sansad.in/getFile/lsapps/loksabhaquestions/annex/188/AU843_Phz3XH.pdf?source=lsapps; delayed_since2014_aug2025: LS USQ 4702 of 21 Aug 2025 https://sansad.in/getFile/lsapps/loksabhaquestions/annex/185/AU4702_2S5DmR.pdf?source=lsapps; parcels to last_date: Bhoomi Rashi whole-state Highway Register https://bhoomirashi.gov.in/auth/revamp/RepState.cshtml (land_acquisition_*.csv); disputes_per_100ha and delayed_per_uc are derived",8951.0,7467.95,42.0,18.0,19.0,119.9,0.43,111932.0,7753.1,105.0,0.025,31.5,1018.0,0.63,0.49,0.07,2003.0,2025-05-09,2026-09-27
TRIPURA,"disputes_jan2026: LS USQ 163 of 29 Jan 2026 https://sansad.in/getFile/lsapps/loksabhaquestions/annex/187/AU163_5uqS9c.pdf?source=lsapps; br_ha_acquired, uc_projects_aug2026: LS USQ 3006 of 6 Aug 2026 https://sansad.in/getFile/lsapps/loksabhaquestions/annex/188/AU3006_jMQaRJ.pdf?source=lsapps; delayed_5fy_jul2026: LS USQ 843 of 23 Jul 2026 https://sansad.in/getFile/lsapps/loksabhaquestions/annex/188/AU843_Phz3XH.pdf?source=lsapps; delayed_since2014_aug2025: LS USQ 4702 of 21 Aug 2025 https://sansad.in/getFile/lsapps/loksabhaquestions/annex/185/AU4702_2S5DmR.pdf?source=lsapps; parcels to last_date: Bhoomi Rashi whole-state Highway Register https://bhoomirashi.gov.in/auth/revamp/RepState.cshtml (land_acquisition_*.csv); disputes_per_100ha and delayed_per_uc are derived",1133.0,1046.1,12.0,4.0,4.0,108.3,0.33,18396.0,995.6,20.0,0.0219,31.11,8.0,0.4,0.35,0.36,2019.0,2024-10-11,2026-09-27
HARYANA,"disputes_jan2026: LS USQ 163 of 29 Jan 2026 https://sansad.in/getFile/lsapps/loksabhaquestions/annex/187/AU163_5uqS9c.pdf?source=lsapps; br_ha_acquired, uc_projects_aug2026: LS USQ 3006 of 6 Aug 2026 https://sansad.in/getFile/lsapps/loksabhaquestions/annex/188/AU3006_jMQaRJ.pdf?source=lsapps; delayed_5fy_jul2026: LS USQ 843 of 23 Jul 2026 https://sansad.in/getFile/lsapps/loksabhaquestions/annex/188/AU843_Phz3XH.pdf?source=lsapps; delayed_since2014_aug2025: LS USQ 4702 of 21 Aug 2025 https://sansad.in/getFile/lsapps/loksabhaquestions/annex/185/AU4702_2S5DmR.pdf?source=lsapps; parcels to last_date: Bhoomi Rashi whole-state Highway Register https://bhoomirashi.gov.in/auth/revamp/RepState.cshtml (land_acquisition_*.csv); disputes_per_100ha and delayed_per_uc are derived",14744.0,16136.51,16.0,10.0,11.0,91.4,0.62,110188.0,11426.7,97.0,0.0582,46.7,928.0,0.68,0.55,0.04,2009.0,2025-02-17,2026-09-27
PUNJAB,"disputes_jan2026: LS USQ 163 of 29 Jan 2026 https://sansad.in/getFile/lsapps/loksabhaquestions/annex/187/AU163_5uqS9c.pdf?source=lsapps; br_ha_acquired, uc_projects_aug2026: LS USQ 3006 of 6 Aug 2026 https://sansad.in/getFile/lsapps/loksabhaquestions/annex/188/AU3006_jMQaRJ.pdf?source=lsapps; delayed_5fy_jul2026: LS USQ 843 of 23 Jul 2026 https://sansad.in/getFile/lsapps/loksabhaquestions/annex/188/AU843_Phz3XH.pdf?source=lsapps; delayed_since2014_aug2025: LS USQ 4702 of 21 Aug 2025 https://sansad.in/getFile/lsapps/loksabhaquestions/annex/185/AU4702_2S5DmR.pdf?source=lsapps; parcels to last_date: Bhoomi Rashi whole-state Highway Register https://bhoomirashi.gov.in/auth/revamp/RepState.cshtml (land_acquisition_*.csv); disputes_per_100ha and delayed_per_uc are derived",8737.0,12042.34,31.0,20.0,24.0,72.6,0.65,109158.0,11732.3,148.0,0.0582,39.26,566.5,0.57,0.47,0.16,2012.0,2025-05-09,2026-09-27
GUJARAT,"disputes_jan2026: LS USQ 163 of 29 Jan 2026 https://sansad.in/getFile/lsapps/loksabhaquestions/annex/187/AU163_5uqS9c.pdf?source=lsapps; br_ha_acquired, uc_projects_aug2026: LS USQ 3006 of 6 Aug 2026 https://sansad.in/getFile/lsapps/loksabhaquestions/annex/188/AU3006_jMQaRJ.pdf?source=lsapps; delayed_5fy_jul2026: LS USQ 843 of 23 Jul 2026 https://sansad.in/getFile/lsapps/loksabhaquestions/annex/188/AU843_Phz3XH.pdf?source=lsapps; delayed_since2014_aug2025: LS USQ 4702 of 21 Aug 2025 https://sansad.in/getFile/lsapps/loksabhaquestions/annex/185/AU4702_2S5DmR.pdf?source=lsapps; parcels to last_date: Bhoomi Rashi whole-state Highway Register https://bhoomirashi.gov.in/auth/revamp/RepState.cshtml (land_acquisition_*.csv); disputes_per_100ha and delayed_per_uc are derived",4543.0,6521.37,40.0,13.0,19.0,69.7,0.32,28181.0,5964.3,81.0,0.0611,6.55,453.0,0.62,0.36,0.33,2011.0,2025-04-25,2026-09-27
CHHATTISGARH,"disputes_jan2026: LS USQ 163 of 29 Jan 2026 https://sansad.in/getFile/lsapps/loksabhaquestions/annex/187/AU163_5uqS9c.pdf?source=lsapps; br_ha_acquired, uc_projects_aug2026: LS USQ 3006 of 6 Aug 2026 https://sansad.in/getFile/lsapps/loksabhaquestions/annex/188/AU3006_jMQaRJ.pdf?source=lsapps; delayed_5fy_jul2026: LS USQ 843 of 23 Jul 2026 https://sansad.in/getFile/lsapps/loksabhaquestions/annex/188/AU843_Phz3XH.pdf?source=lsapps; delayed_since2014_aug2025: LS USQ 4702 of 21 Aug 2025 https://sansad.in/getFile/lsapps/loksabhaquestions/annex/185/AU4702_2S5DmR.pdf?source=lsapps; parcels to last_date: Bhoomi Rashi whole-state Highway Register https://bhoomirashi.gov.in/auth/revamp/RepState.cshtml (land_acquisition_*.csv); disputes_per_100ha and delayed_per_uc are derived",2225.0,4314.18,38.0,12.0,12.0,51.6,0.32,43883.0,4939.4,99.0,0.046,12.35,269.0,0.48,0.35,0.13,2010.0,2025-05-01,2026-09-27
JAMMU AND KASHMIR,"disputes_jan2026: LS USQ 163 of 29 Jan 2026 https://sansad.in/getFile/lsapps/loksabhaquestions/annex/187/AU163_5uqS9c.pdf?source=lsapps; br_ha_acquired, uc_projects_aug2026: LS USQ 3006 of 6 Aug 2026 https://sansad.in/getFile/lsapps/loksabhaquestions/annex/188/AU3006_jMQaRJ.pdf?source=lsapps; delayed_5fy_jul2026: LS USQ 843 of 23 Jul 2026 https://sansad.in/getFile/lsapps/loksabhaquestions/annex/188/AU843_Phz3XH.pdf?source=lsapps; delayed_since2014_aug2025: LS USQ 4702 of 21 Aug 2025 https://sansad.in/getFile/lsapps/loksabhaquestions/annex/185/AU4702_2S5DmR.pdf?source=lsapps; parcels to last_date: Bhoomi Rashi whole-state Highway Register https://bhoomirashi.gov.in/auth/revamp/RepState.cshtml (land_acquisition_*.csv); disputes_per_100ha and delayed_per_uc are derived",773.0,1514.46,38.0,21.0,,51.0,0.55,19856.0,1466.9,49.0,0.0202,15.58,301.0,0.43,0.29,0.47,2020.0,2025-03-26,2026-09-27
UTTAR PRADESH,"disputes_jan2026: LS USQ 163 of 29 Jan 2026 https://sansad.in/getFile/lsapps/loksabhaquestions/annex/187/AU163_5uqS9c.pdf?source=lsapps; br_ha_acquired, uc_projects_aug2026: LS USQ 3006 of 6 Aug 2026 https://sansad.in/getFile/lsapps/loksabhaquestions/annex/188/AU3006_jMQaRJ.pdf?source=lsapps; delayed_5fy_jul2026: LS USQ 843 of 23 Jul 2026 https://sansad.in/getFile/lsapps/loksabhaquestions/annex/188/AU843_Phz3XH.pdf?source=lsapps; delayed_since2014_aug2025: LS USQ 4702 of 21 Aug 2025 https://sansad.in/getFile/lsapps/loksabhaquestions/annex/185/AU4702_2S5DmR.pdf?source=lsapps; parcels to last_date: Bhoomi Rashi whole-state Highway Register https://bhoomirashi.gov.in/auth/revamp/RepState.cshtml (land_acquisition_*.csv); disputes_per_100ha and delayed_per_uc are derived",8733.0,18717.26,87.0,39.0,43.0,46.7,0.45,158850.0,15529.4,270.0,0.031,18.405,220.0,0.47,0.36,0.45,2005.0,2025-04-25,2026-09-27
JHARKHAND,"disputes_jan2026: LS USQ 163 of 29 Jan 2026 https://sansad.in/getFile/lsapps/loksabhaquestions/annex/187/AU163_5uqS9c.pdf?source=lsapps; br_ha_acquired, uc_projects_aug2026: LS USQ 3006 of 6 Aug 2026 https://sansad.in/getFile/lsapps/loksabhaquestions/annex/188/AU3006_jMQaRJ.pdf?source=lsapps; delayed_5fy_jul2026: LS USQ 843 of 23 Jul 2026 https://sansad.in/getFile/lsapps/loksabhaquestions/annex/188/AU843_Phz3XH.pdf?source=lsapps; delayed_since2014_aug2025: LS USQ 4702 of 21 Aug 2025 https://sansad.in/getFile/lsapps/loksabhaquestions/annex/185/AU4702_2S5DmR.pdf?source=lsapps; parcels to last_date: Bhoomi Rashi whole-state Highway Register https://bhoomirashi.gov.in/auth/revamp/RepState.cshtml (land_acquisition_*.csv); disputes_per_100ha and delayed_per_uc are derived",3400.0,7560.99,36.0,15.0,15.0,45.0,0.42,59705.0,5866.3,98.0,0.038,28.54,0.0,0.34,0.21,0.55,2007.0,2025-05-09,2026-09-27
BIHAR,"disputes_jan2026: LS USQ 163 of 29 Jan 2026 https://sansad.in/getFile/lsapps/loksabhaquestions/annex/187/AU163_5uqS9c.pdf?source=lsapps; br_ha_acquired, uc_projects_aug2026: LS USQ 3006 of 6 Aug 2026 https://sansad.in/getFile/lsapps/loksabhaquestions/annex/188/AU3006_jMQaRJ.pdf?source=lsapps; delayed_5fy_jul2026: LS USQ 843 of 23 Jul 2026 https://sansad.in/getFile/lsapps/loksabhaquestions/annex/188/AU843_Phz3XH.pdf?source=lsapps; delayed_since2014_aug2025: LS USQ 4702 of 21 Aug 2025 https://sansad.in/getFile/lsapps/loksabhaquestions/annex/185/AU4702_2S5DmR.pdf?source=lsapps; parcels to last_date: Bhoomi Rashi whole-state Highway Register https://bhoomirashi.gov.in/auth/revamp/RepState.cshtml (land_acquisition_*.csv); disputes_per_100ha and delayed_per_uc are derived",3698.0,8991.23,67.0,22.0,31.0,41.1,0.33,119849.0,8154.8,168.0,0.0303,13.83,81.5,0.39,0.26,0.37,2013.0,2025-05-09,2026-09-27
MADHYA PRADESH,"disputes_jan2026: LS USQ 163 of 29 Jan 2026 https://sansad.in/getFile/lsapps/loksabhaquestions/annex/187/AU163_5uqS9c.pdf?source=lsapps; br_ha_acquired, uc_projects_aug2026: LS USQ 3006 of 6 Aug 2026 https://sansad.in/getFile/lsapps/loksabhaquestions/annex/188/AU3006_jMQaRJ.pdf?source=lsapps; delayed_5fy_jul2026: LS USQ 843 of 23 Jul 2026 https://sansad.in/getFile/lsapps/loksabhaquestions/annex/188/AU843_Phz3XH.pdf?source=lsapps; delayed_since2014_aug2025: LS USQ 4702 of 21 Aug 2025 https://sansad.in/getFile/lsapps/loksabhaquestions/annex/185/AU4702_2S5DmR.pdf?source=lsapps; parcels to last_date: Bhoomi Rashi whole-state Highway Register https://bhoomirashi.gov.in/auth/revamp/RepState.cshtml (land_acquisition_*.csv); disputes_per_100ha and delayed_per_uc are derived",4253.0,16437.49,65.0,33.0,18.0,25.9,0.51,91460.0,14466.7,280.0,0.064,11.01,351.5,0.49,0.29,0.3,2010.0,2025-12-07,2026-09-27
SIKKIM,"disputes_jan2026: LS USQ 163 of 29 Jan 2026 https://sansad.in/getFile/lsapps/loksabhaquestions/annex/187/AU163_5uqS9c.pdf?source=lsapps; br_ha_acquired, uc_projects_aug2026: LS USQ 3006 of 6 Aug 2026 https://sansad.in/getFile/lsapps/loksabhaquestions/annex/188/AU3006_jMQaRJ.pdf?source=lsapps; delayed_5fy_jul2026: LS USQ 843 of 23 Jul 2026 https://sansad.in/getFile/lsapps/loksabhaquestions/annex/188/AU843_Phz3XH.pdf?source=lsapps; delayed_since2014_aug2025: LS USQ 4702 of 21 Aug 2025 https://sansad.in/getFile/lsapps/loksabhaquestions/annex/185/AU4702_2S5DmR.pdf?source=lsapps; parcels to last_date: Bhoomi Rashi whole-state Highway Register https://bhoomirashi.gov.in/auth/revamp/RepState.cshtml (land_acquisition_*.csv); disputes_per_100ha and delayed_per_uc are derived",43.0,188.04,11.0,4.0,8.0,22.9,0.36,3709.0,185.7,12.0,0.0275,11.125,0.0,0.17,0.08,0.01,2018.0,2024-11-27,2026-09-27
ANDHRA PRADESH,"disputes_jan2026: LS USQ 163 of 29 Jan 2026 https://sansad.in/getFile/lsapps/loksabhaquestions/annex/187/AU163_5uqS9c.pdf?source=lsapps; br_ha_acquired, uc_projects_aug2026: LS USQ 3006 of 6 Aug 2026 https://sansad.in/getFile/lsapps/loksabhaquestions/annex/188/AU3006_jMQaRJ.pdf?source=lsapps; delayed_5fy_jul2026: LS USQ 843 of 23 Jul 2026 https://sansad.in/getFile/lsapps/loksabhaquestions/annex/188/AU843_Phz3XH.pdf?source=lsapps; delayed_since2014_aug2025: LS USQ 4702 of 21 Aug 2025 https://sansad.in/getFile/lsapps/loksabhaquestions/annex/185/AU4702_2S5DmR.pdf?source=lsapps; parcels to last_date: Bhoomi Rashi whole-state Highway Register https://bhoomirashi.gov.in/auth/revamp/RepState.cshtml (land_acquisition_*.csv); disputes_per_100ha and delayed_per_uc are derived",3896.0,17720.53,69.0,38.0,37.0,22.0,0.55,123082.0,17097.9,227.0,0.045,10.36,104.0,0.37,0.25,0.27,2009.0,2025-05-09,2026-09-27
TELANGANA,"disputes_jan2026: LS USQ 163 of 29 Jan 2026 https://sansad.in/getFile/lsapps/loksabhaquestions/annex/187/AU163_5uqS9c.pdf?source=lsapps; br_ha_acquired, uc_projects_aug2026: LS USQ 3006 of 6 Aug 2026 https://sansad.in/getFile/lsapps/loksabhaquestions/annex/188/AU3006_jMQaRJ.pdf?source=lsapps; delayed_5fy_jul2026: LS USQ 843 of 23 Jul 2026 https://sansad.in/getFile/lsapps/loksabhaquestions/annex/188/AU843_Phz3XH.pdf?source=lsapps; delayed_since2014_aug2025: LS USQ 4702 of 21 Aug 2025 https://sansad.in/getFile/lsapps/loksabhaquestions/annex/185/AU4702_2S5DmR.pdf?source=lsapps; parcels to last_date: Bhoomi Rashi whole-state Highway Register https://bhoomirashi.gov.in/auth/revamp/RepState.cshtml (land_acquisition_*.csv); disputes_per_100ha and delayed_per_uc are derived",1885.0,8688.41,43.0,25.0,24.0,21.7,0.58,54553.0,7956.7,126.0,0.0506,12.83,212.0,0.39,0.3,0.4,2015.0,2025-05-09,2026-09-27
ODISHA,"disputes_jan2026: LS USQ 163 of 29 Jan 2026 https://sansad.in/getFile/lsapps/loksabhaquestions/annex/187/AU163_5uqS9c.pdf?source=lsapps; br_ha_acquired, uc_projects_aug2026: LS USQ 3006 of 6 Aug 2026 https://sansad.in/getFile/lsapps/loksabhaquestions/annex/188/AU3006_jMQaRJ.pdf?source=lsapps; delayed_5fy_jul2026: LS USQ 843 of 23 Jul 2026 https://sansad.in/getFile/lsapps/loksabhaquestions/annex/188/AU843_Phz3XH.pdf?source=lsapps; delayed_since2014_aug2025: LS USQ 4702 of 21 Aug 2025 https://sansad.in/getFile/lsapps/loksabhaquestions/annex/185/AU4702_2S5DmR.pdf?source=lsapps; parcels to last_date: Bhoomi Rashi whole-state Highway Register https://bhoomirashi.gov.in/auth/revamp/RepState.cshtml (land_acquisition_*.csv); disputes_per_100ha and delayed_per_uc are derived",1012.0,5257.49,49.0,20.0,24.0,19.2,0.41,64051.0,5297.2,155.0,0.0283,21.37,0.0,0.3,0.15,0.25,2002.0,2025-05-01,2026-09-27
RAJASTHAN,"disputes_jan2026: LS USQ 163 of 29 Jan 2026 https://sansad.in/getFile/lsapps/loksabhaquestions/annex/187/AU163_5uqS9c.pdf?source=lsapps; br_ha_acquired, uc_projects_aug2026: LS USQ 3006 of 6 Aug 2026 https://sansad.in/getFile/lsapps/loksabhaquestions/annex/188/AU3006_jMQaRJ.pdf?source=lsapps; delayed_5fy_jul2026: LS USQ 843 of 23 Jul 2026 https://sansad.in/getFile/lsapps/loksabhaquestions/annex/188/AU843_Phz3XH.pdf?source=lsapps; delayed_since2014_aug2025: LS USQ 4702 of 21 Aug 2025 https://sansad.in/getFile/lsapps/loksabhaquestions/annex/185/AU4702_2S5DmR.pdf?source=lsapps; parcels to last_date: Bhoomi Rashi whole-state Highway Register https://bhoomirashi.gov.in/auth/revamp/RepState.cshtml (land_acquisition_*.csv); disputes_per_100ha and delayed_per_uc are derived",2175.0,16682.38,36.0,12.0,19.0,13.0,0.33,76027.0,15044.5,197.0,0.0608,5.73,207.0,0.47,0.3,0.07,2003.0,2025-05-09,2026-09-27
WEST BENGAL,"disputes_jan2026: LS USQ 163 of 29 Jan 2026 https://sansad.in/getFile/lsapps/loksabhaquestions/annex/187/AU163_5uqS9c.pdf?source=lsapps; br_ha_acquired, uc_projects_aug2026: LS USQ 3006 of 6 Aug 2026 https://sansad.in/getFile/lsapps/loksabhaquestions/annex/188/AU3006_jMQaRJ.pdf?source=lsapps; delayed_5fy_jul2026: LS USQ 843 of 23 Jul 2026 https://sansad.in/getFile/lsapps/loksabhaquestions/annex/188/AU843_Phz3XH.pdf?source=lsapps; delayed_since2014_aug2025: LS USQ 4702 of 21 Aug 2025 https://sansad.in/getFile/lsapps/loksabhaquestions/annex/185/AU4702_2S5DmR.pdf?source=lsapps; parcels to last_date: Bhoomi Rashi whole-state Highway Register https://bhoomirashi.gov.in/auth/revamp/RepState.cshtml (land_acquisition_*.csv); disputes_per_100ha and delayed_per_uc are derived",305.0,2851.52,29.0,13.0,12.0,10.7,0.45,28532.0,2167.7,70.0,0.0405,9.815,0.0,0.21,0.07,0.11,2015.0,2025-05-09,2026-09-27
ASSAM,"disputes_jan2026: LS USQ 163 of 29 Jan 2026 https://sansad.in/getFile/lsapps/loksabhaquestions/annex/187/AU163_5uqS9c.pdf?source=lsapps; br_ha_acquired, uc_projects_aug2026: LS USQ 3006 of 6 Aug 2026 https://sansad.in/getFile/lsapps/loksabhaquestions/annex/188/AU3006_jMQaRJ.pdf?source=lsapps; delayed_5fy_jul2026: LS USQ 843 of 23 Jul 2026 https://sansad.in/getFile/lsapps/loksabhaquestions/annex/188/AU843_Phz3XH.pdf?source=lsapps; delayed_since2014_aug2025: LS USQ 4702 of 21 Aug 2025 https://sansad.in/getFile/lsapps/loksabhaquestions/annex/185/AU4702_2S5DmR.pdf?source=lsapps; parcels to last_date: Bhoomi Rashi whole-state Highway Register https://bhoomirashi.gov.in/auth/revamp/RepState.cshtml (land_acquisition_*.csv); disputes_per_100ha and delayed_per_uc are derived",355.0,3679.17,52.0,25.0,17.0,9.6,0.48,38269.0,3271.1,55.0,0.0335,25.04,50.0,0.24,0.24,0.63,2005.0,2025-05-09,2026-09-27
MANIPUR,"disputes_jan2026: LS USQ 163 of 29 Jan 2026 https://sansad.in/getFile/lsapps/loksabhaquestions/annex/187/AU163_5uqS9c.pdf?source=lsapps; br_ha_acquired, uc_projects_aug2026: LS USQ 3006 of 6 Aug 2026 https://sansad.in/getFile/lsapps/loksabhaquestions/annex/188/AU3006_jMQaRJ.pdf?source=lsapps; delayed_5fy_jul2026: LS USQ 843 of 23 Jul 2026 https://sansad.in/getFile/lsapps/loksabhaquestions/annex/188/AU843_Phz3XH.pdf?source=lsapps; delayed_since2014_aug2025: LS USQ 4702 of 21 Aug 2025 https://sansad.in/getFile/lsapps/loksabhaquestions/annex/185/AU4702_2S5DmR.pdf?source=lsapps; parcels to last_date: Bhoomi Rashi whole-state Highway Register https://bhoomirashi.gov.in/auth/revamp/RepState.cshtml (land_acquisition_*.csv); disputes_per_100ha and delayed_per_uc are derived",44.0,1463.09,27.0,13.0,21.0,3.0,0.48,7482.0,1284.4,29.0,0.028,8.57,0.0,0.21,0.17,0.4,2020.0,2025-05-01,2026-09-27
MEGHALAYA,"disputes_jan2026: LS USQ 163 of 29 Jan 2026 https://sansad.in/getFile/lsapps/loksabhaquestions/annex/187/AU163_5uqS9c.pdf?source=lsapps; br_ha_acquired, uc_projects_aug2026: LS USQ 3006 of 6 Aug 2026 https://sansad.in/getFile/lsapps/loksabhaquestions/annex/188/AU3006_jMQaRJ.pdf?source=lsapps; delayed_5fy_jul2026: LS USQ 843 of 23 Jul 2026 https://sansad.in/getFile/lsapps/loksabhaquestions/annex/188/AU843_Phz3XH.pdf?source=lsapps; delayed_since2014_aug2025: LS USQ 4702 of 21 Aug 2025 https://sansad.in/getFile/lsapps/loksabhaquestions/annex/185/AU4702_2S5DmR.pdf?source=lsapps; parcels to last_date: Bhoomi Rashi whole-state Highway Register https://bhoomirashi.gov.in/auth/revamp/RepState.cshtml (land_acquisition_*.csv); disputes_per_100ha and delayed_per_uc are derived",13.0,469.23,12.0,3.0,4.0,2.8,0.25,4940.0,253.4,5.0,0.024,20.58,0.0,0.0,0.0,1.0,2023.0,2025-05-09,2026-09-27
MIZORAM,"disputes_jan2026: LS USQ 163 of 29 Jan 2026 https://sansad.in/getFile/lsapps/loksabhaquestions/annex/187/AU163_5uqS9c.pdf?source=lsapps; br_ha_acquired, uc_projects_aug2026: LS USQ 3006 of 6 Aug 2026 https://sansad.in/getFile/lsapps/loksabhaquestions/annex/188/AU3006_jMQaRJ.pdf?source=lsapps; delayed_5fy_jul2026: LS USQ 843 of 23 Jul 2026 https://sansad.in/getFile/lsapps/loksabhaquestions/annex/188/AU843_Phz3XH.pdf?source=lsapps; delayed_since2014_aug2025: LS USQ 4702 of 21 Aug 2025 https://sansad.in/getFile/lsapps/loksabhaquestions/annex/185/AU4702_2S5DmR.pdf?source=lsapps; parcels to last_date: Bhoomi Rashi whole-state Highway Register https://bhoomirashi.gov.in/auth/revamp/RepState.cshtml (land_acquisition_*.csv); disputes_per_100ha and delayed_per_uc are derived",0.0,1456.8,,2.0,7.0,0.0,,16666.0,1400.5,41.0,0.02,11.92,0.0,0.29,0.22,0.04,2018.0,2025-01-03,2026-09-27
ARUNACHAL PRADESH,"disputes_jan2026: LS USQ 163 of 29 Jan 2026 https://sansad.in/getFile/lsapps/loksabhaquestions/annex/187/AU163_5uqS9c.pdf?source=lsapps; br_ha_acquired, uc_projects_aug2026: LS USQ 3006 of 6 Aug 2026 https://sansad.in/getFile/lsapps/loksabhaquestions/annex/188/AU3006_jMQaRJ.pdf?source=lsapps; delayed_5fy_jul2026: LS USQ 843 of 23 Jul 2026 https://sansad.in/getFile/lsapps/loksabhaquestions/annex/188/AU843_Phz3XH.pdf?source=lsapps; delayed_since2014_aug2025: LS USQ 4702 of 21 Aug 2025 https://sansad.in/getFile/lsapps/loksabhaquestions/annex/185/AU4702_2S5DmR.pdf?source=lsapps; parcels to last_date: Bhoomi Rashi whole-state Highway Register https://bhoomirashi.gov.in/auth/revamp/RepState.cshtml (land_acquisition_*.csv); disputes_per_100ha and delayed_per_uc are derived",0.0,0.0,14.0,3.0,7.0,,0.21,,,,,,,,,,,,2026-09-27
GOA,"disputes_jan2026: LS USQ 163 of 29 Jan 2026 https://sansad.in/getFile/lsapps/loksabhaquestions/annex/187/AU163_5uqS9c.pdf?source=lsapps; br_ha_acquired, uc_projects_aug2026: LS USQ 3006 of 6 Aug 2026 https://sansad.in/getFile/lsapps/loksabhaquestions/annex/188/AU3006_jMQaRJ.pdf?source=lsapps; delayed_5fy_jul2026: LS USQ 843 of 23 Jul 2026 https://sansad.in/getFile/lsapps/loksabhaquestions/annex/188/AU843_Phz3XH.pdf?source=lsapps; delayed_since2014_aug2025: LS USQ 4702 of 21 Aug 2025 https://sansad.in/getFile/lsapps/loksabhaquestions/annex/185/AU4702_2S5DmR.pdf?source=lsapps; parcels to last_date: Bhoomi Rashi whole-state Highway Register https://bhoomirashi.gov.in/auth/revamp/RepState.cshtml (land_acquisition_*.csv); disputes_per_100ha and delayed_per_uc are derived",,268.4,15.0,6.0,4.0,,0.4,,,,,,,,,,,,2026-09-27
LADAKH,"disputes_jan2026: LS USQ 163 of 29 Jan 2026 https://sansad.in/getFile/lsapps/loksabhaquestions/annex/187/AU163_5uqS9c.pdf?source=lsapps; br_ha_acquired, uc_projects_aug2026: LS USQ 3006 of 6 Aug 2026 https://sansad.in/getFile/lsapps/loksabhaquestions/annex/188/AU3006_jMQaRJ.pdf?source=lsapps; delayed_5fy_jul2026: LS USQ 843 of 23 Jul 2026 https://sansad.in/getFile/lsapps/loksabhaquestions/annex/188/AU843_Phz3XH.pdf?source=lsapps; delayed_since2014_aug2025: LS USQ 4702 of 21 Aug 2025 https://sansad.in/getFile/lsapps/loksabhaquestions/annex/185/AU4702_2S5DmR.pdf?source=lsapps; parcels to last_date: Bhoomi Rashi whole-state Highway Register https://bhoomirashi.gov.in/auth/revamp/RepState.cshtml (land_acquisition_*.csv); disputes_per_100ha and delayed_per_uc are derived",,46.34,7.0,1.0,,,0.14,2886.0,46.3,1.0,0.0075,12.33,1227.0,1.0,1.0,0.27,2021.0,2024-12-27,2026-09-27
