checked_on,sample,project_key,la_match_method,state,nh,km_range,linked_stretches,la_complexity_max,judgement,reason,project_name
2026-09-28,"current links, seed 23: 25 nh_chainage, 25 nh_district, 50 nh_only",PRJ-005026,nh_chainage,Goa,66,508-513.15,1,4,correct,km 508-513 inside the North Goa stretch 502.5-522.8,Construction of Six lane Elevated Corridor from Km. 508.000 to Km. 513.150 including approaches on NH-66
2026-09-28,"current links, seed 23: 25 nh_chainage, 25 nh_district, 50 nh_only",PRJ-005582,nh_chainage,Manipur,37,33.395-67.496,1,1,correct,"km 33.4-67.5 overlaps Kangpokpi 33.0-49.3, at the Imphal end of the Imphal-Jiribam road",Widening to 2 -Lane with Paved shoulder of Imphal to Jiribam section of NH-37 from Design Chainage 33.000 km to 66.390 Km Existing Chainage from km 33.395 to km
2026-09-28,"current links, seed 23: 25 nh_chainage, 25 nh_district, 50 nh_only",PRJ-004285,nh_chainage,Karnataka,150C,26-97,1,4,correct,km 26-97 inside Kalaburagi 21.0-98.1; the name says Gulbarga,6L of MH/KN Border Nimbal Village to KN/TS Border Singnodi Village from Km. 26.000 to Km. 97.000 in Gulbarga of NH-150C Pkg-II
2026-09-28,"current links, seed 23: 25 nh_chainage, 25 nh_district, 50 nh_only",PRJ-005903,nh_chainage,Uttarakhand,7,0-50.987,1,1,wrong,Mana to Mana Pass (Chamoli) has its own km 0; the linked NH-7 Dehradun 0-20.6 is another section,Widening to 2-lane with Hard Shoulder configuration of Mana Ch. 0.00 to Mana Pass Ch. 50.987 road on NH-07 under Bharatmala Pariyojna in the state of Uttarakhan
2026-09-28,"current links, seed 23: 25 nh_chainage, 25 nh_district, 50 nh_only",PRJ-006172,nh_chainage,Karnataka,548B,80-140.2,4,2,correct,km 80-140 Murgundi-Chikkodi matches the Belagavi stretches; the extra Vijayapur stretch has the same complexity,Widening to 4LPS of NH-548B from Km 80.000 Near Murgundi to Km 140.200 Near Chikkodi excluding length from Km 118.450 to Km 128.450 in the State of Karnataka un
2026-09-28,"current links, seed 23: 25 nh_chainage, 25 nh_district, 50 nh_only",PRJ-005807,nh_chainage,Karnataka,209,287.5-458.42,2,5,correct,km 287.5-458.4 BRT reserve to Bangalore matches the Chamarajanagara and Bangalore/Mandya/Ramanagara stretches,BRT Tiger Reserve Boundary Km.287.500 to Bangalore Section Km.458.420 of NH- 209 in Karnataka
2026-09-28,"current links, seed 23: 25 nh_chainage, 25 nh_district, 50 nh_only",PRJ-004936,nh_chainage,Assam,137,96.87-116.55,1,2,correct,km 96.9-116.6 inside Dima Hasao 96.9-182.0,Wideinig & Upgradation to 2-lanes with paved shoulders road from Tamenglong to Mahur NH-137 in the State of Assam starting from km 96.870 near Jiri River to km 
2026-09-28,"current links, seed 23: 25 nh_chainage, 25 nh_district, 50 nh_only",PRJ-006022,nh_chainage,Karnataka,275,144.9-169,3,4,correct,km 144.9-169 Hunsur (Mysuru) inside the Mysuru stretch 99.5-223.9 that sets the max,4L PS from near Hemmige Village Periyapatna - Hassan Road Jn. to near Hunsur - KR Nagar Jn section from Km. 144.900 to Km. 169.000 of NH-275 Pkg. III
2026-09-28,"current links, seed 23: 25 nh_chainage, 25 nh_district, 50 nh_only",PRJ-005665,nh_chainage,Meghalaya,127B,0-36.635,2,2,correct,"design km 0-36.6 equals East Garo Hills 0-36.6 (Williamnagar); the West Garo Hills stretch is extra, same complexity",Improvement and Widening of National Highway No. 127B Darugiri - Songsak - Williamnagar Junction Section to two lane with paved shoulder from design Km 0000 to 
2026-09-28,"current links, seed 23: 25 nh_chainage, 25 nh_district, 50 nh_only",PRJ-005778,nh_chainage,Haryana,352A,0-40.601,3,4,correct,km 0-40.6 Jind-Gohana matches Jind 0-26.3 and Sonipat 26.3-82.7,4L of Jind-Gohana road Package-1 from km. 0.00 to km. 40.601 of NH-352 A under NHO
2026-09-28,"current links, seed 23: 25 nh_chainage, 25 nh_district, 50 nh_only",PRJ-005677,nh_chainage,Manipur,102B,118.85-130,1,1,correct,km 118.85-130 inside Churachandpur 118.85-141.0,Balance work of Widening to 2 Two lane with hard shoulder of Churachandpur to Tuivai section of NH-102B from Design Chainage km 118850 to km 130000 Package- 4A 
2026-09-28,"current links, seed 23: 25 nh_chainage, 25 nh_district, 50 nh_only",PRJ-004843,nh_chainage,Jammu & Kashmir,1,8.66-33.775,5,4,wrong,Sumbal-Wayul ring road; the max comes from Baramulla 17.4-101 (the Srinagar-Uri branch of NH-1),2L NH-1 from km 8.660 to km 33.775 Sumbal to Wayul to 4L dual carriageway NH standard as part of Srinagar Ring Road PhaseII [Design Ch. 41.907 to Ch. 66.609]
2026-09-28,"current links, seed 23: 25 nh_chainage, 25 nh_district, 50 nh_only",PRJ-004579,nh_chainage,Andhra Pradesh,67,585.82-630.96,2,3,correct,km 585.8-631 Mydukur-Badvel inside the Kadapa stretches,4L PS Mydukur - Badvel from Km 585.820 to Km 630.960 of NH-67
2026-09-28,"current links, seed 23: 25 nh_chainage, 25 nh_district, 50 nh_only",PRJ-004673,nh_chainage,Himachal Pradesh,505,76.34-134.94,1,2,correct,km 76.3-134.9 inside Lahul and Spiti 75-151,Improvement/construction of existing Class-5 Road to NH Intermediate lane specification with hard shoulder from existing Km 76/340 to 134/940 Design chainage fr
2026-09-28,"current links, seed 23: 25 nh_chainage, 25 nh_district, 50 nh_only",PRJ-004138,nh_chainage,Chhattisgarh,130CD,42.8-99.5,3,4,correct,km 42.8-99.5 Sargi (Dhamtari) to Basanwahi (Kanker) matches both districts,Development of 6L Sargi Basanwahi Section from km 42.800 to km 99.500 of NH- 130CD Pkg-CG-2
2026-09-28,"current links, seed 23: 25 nh_chainage, 25 nh_district, 50 nh_only",PRJ-004698,nh_chainage,Karnataka,367,133-158.04,1,0,correct,km 133-158 Shirur cross-Gaddankeri matches Bagalkot 133-155.2,Widening to 4 lane from Km. 133.00 to 158.04 design Chainage Km. 130.88 to 155.145 Shirur Cross to Gaddankeri of NH-367 in the State of Karnataka on EPC mode. J
2026-09-28,"current links, seed 23: 25 nh_chainage, 25 nh_district, 50 nh_only",PRJ-003074,nh_chainage,Mizoram,54,208-250,1,3,correct,km 208-250 equals Lunglei 208-250,Widening and Up-gradation to 2- Lane with Paved Shoulder Configuration and geometric improvement from Km. 208. 000 to Km 250.000 Package-5 on Aizawl Tuipang Sec
2026-09-28,"current links, seed 23: 25 nh_chainage, 25 nh_district, 50 nh_only",PRJ-004438,nh_chainage,Maharashtra,166,67.14-112.34,2,5,correct,km 67.1-112.3 Ratnagiri-Kolhapur inside Kolhapur/Ratnagiri 0-137.3,4L of Ratnagiri - Kolhapur section from km 67.140 to km 112.340 of NH-166 Pkg II
2026-09-28,"current links, seed 23: 25 nh_chainage, 25 nh_district, 50 nh_only",PRJ-005043,nh_chainage,Bihar,131A,0-23.945,1,4,correct,km 0-23.9 Amdabad-Manihari inside Katihar 6.0-42.5,Improvement to two lane with paved shoulders of BH WB Border Amdabad Manihari section from design Km 0.000 to Km 23.945 of NH 131 A Total length 23.945 Km under
2026-09-28,"current links, seed 23: 25 nh_chainage, 25 nh_district, 50 nh_only",PRJ-005920,nh_chainage,Jammu & Kashmir,244,0-16.99,6,3,wrong,Chenani-Sudhmahadev is in Udhampur; km restarts per district and the max 3 comes from Kishtwar/Doda stretches,Widening and Up-gradation to 2-Lane with Paved Shoulder of configuration and geometric improvement from Km 0.000 to Km 16.990 on Chenani Sudhmahadev section of 
2026-09-28,"current links, seed 23: 25 nh_chainage, 25 nh_district, 50 nh_only",PRJ-004378,nh_chainage,Uttar Pradesh,235,8.52-50,3,2,wrong,"the range mixes two roads (expressway km 50, NH-235 km 8.5); the Hapur and Bulandshahr stretches are far from the connector",Construction of 4L Connector from Delhi Meerut Expressway Km 50.000 of Pkg IV to Km 8.520 of NH-235 Pkg-5
2026-09-28,"current links, seed 23: 25 nh_chainage, 25 nh_district, 50 nh_only",PRJ-005020,nh_chainage,Maharashtra,543;753,0-15.781,2,0,correct,Gondia city to Birsi airport matches Gondia 0-38.2; the extra Nagpur NH-753 stretch has the same complexity (0),Construction of four-lane Concrete Road from Police Headquarter Gondia City to Rawanwadi Village Birsi Airport Junction from design km 0.000 to km 15.781 existi
2026-09-28,"current links, seed 23: 25 nh_chainage, 25 nh_district, 50 nh_only",PRJ-005913,nh_chainage,Himachal Pradesh,70,181-208.95,1,3,correct,km 181-209 Karnohal-Kalwahn inside Mandi 163-224,Rehabilitation and Upgradation to 2-lane configuration of Karnohal- Kalwahn Section km 181.00 to 208.950 of NH-70 in the State of Himachal Pradesh under Green N
2026-09-28,"current links, seed 23: 25 nh_chainage, 25 nh_district, 50 nh_only",PRJ-005030,nh_chainage,Jammu & Kashmir,1,47.02-56.72,1,4,correct,Baramulla bypass km 47-56.7 inside Baramulla 17.4-101,Construction of 2 lane with paved shoulders Baramulla Bypass Greenfield bypass from existing Ch. Km 47020 to Km 56720 and Design Ch. From 48500 to 62600 Total l
2026-09-28,"current links, seed 23: 25 nh_chainage, 25 nh_district, 50 nh_only",PRJ-004727,nh_chainage,Assam,137,136.5-156.489,1,2,correct,km 136.5-156.5 inside Dima Hasao 96.9-182.0,Widening & Upgradation to 2 lanes with paved shoulders road from Tamenglong to Mahur NH-137 in the State of Assam starting from km 136.500 near Hejaichak to km 
2026-09-28,"current links, seed 23: 25 nh_chainage, 25 nh_district, 50 nh_only",PRJ-005719,nh_district,Telangana,163G,,7,3,wrong,"package I (Hanamkonda to Warangal, design km 112-150): no Warangal/Khammam stretch covers it; the districts come from the road name",4L Access Controlled Greenfield Highway section on NH163G Warangal-Khammam from Oorugonda village in Hanamkonda District at Design Ch. 112.240 Km to Venkatpur v
2026-09-28,"current links, seed 23: 25 nh_chainage, 25 nh_district, 50 nh_only",PRJ-005593,nh_district,Rajasthan,68,,5,1,correct,Tanot-Ramgarh-Jaisalmer is in Jaisalmer district; linked Jaisalmer NH-68 stretches,Tanot -Ramgarh-Bhadasar-Jaisalmer NH-68 and BhadasarMokal-Sarkaritala up to Pakisthan Border NH-968 Pkg-BM/5
2026-09-28,"current links, seed 23: 25 nh_chainage, 25 nh_district, 50 nh_only",PRJ-006008,nh_district,Multi-State,163G,,3,3,wrong,"package III (km 280-310, towards Vijayawada): the Khammam stretches are packages I-II",4L Access Controlled Greenfield Highway section on NH-163G Khammam Vijayawada from Remidicherla village at Design Ch. 280.200 Km to Jakkampudi village on NH-16 
2026-09-28,"current links, seed 23: 25 nh_chainage, 25 nh_district, 50 nh_only",PRJ-004360,nh_district,Uttar Pradesh,709A,,2,4,correct,Meerut spur of NH-709A; the Meerut NH-709A stretches,4L Spur of Meerut-Garh-Mukteshwar section connecting NH-119 and NH-58 bypassing Meerut Town of NH 709 A
2026-09-28,"current links, seed 23: 25 nh_chainage, 25 nh_district, 50 nh_only",PRJ-005713,nh_district,Jharkhand,33,,4,0,correct,Ranchi bypass interchanges at km 113.7 and 139.2 = Ranchi 113.7-139.2; every stretch is complexity 0,Grade separated Interchanges at Km. 113.730 junction with Ranchi Hazaribagh Road & Km. 139.225 junction with Ranchi Jamshedpur road on 4L Ranchi Bypass of NH-33
2026-09-28,"current links, seed 23: 25 nh_chainage, 25 nh_district, 50 nh_only",PRJ-004992,nh_district,Tripura,208,,2,5,unclear,design km 0-36 near Rangamati (Khowai); the max 5 is a 106 km three-district stretch that may only partly cover it,Improvement and Widening to 2-lane with paved shoulder of road from existing Km 438.170 Khowai Chowmuhani to existing Km 439.410 South Pulinpur of NH-08 and fro
2026-09-28,"current links, seed 23: 25 nh_chainage, 25 nh_district, 50 nh_only",PRJ-006104,nh_district,Uttarakhand,7,,1,1,correct,Dehradun-Lal Tappar section of NH-7 = Dehradun 0-20.6,Road Safety Improvement of existing four lane section of Dehradun-Lal Tappar-Nepali Farm Section of NH-7 and Nepali Farm-Motichur NH-34 on EPC Mode in Uttarakha
2026-09-28,"current links, seed 23: 25 nh_chainage, 25 nh_district, 50 nh_only",PRJ-006039,nh_district,Bihar,83,,1,5,correct,Patna-Gaya-Dobhi NH-83 greenfield = the Gaya/Jehanabad/Patna NH-83 stretch,4L Greenfield starting from NH-30 near Saristabad Patna to Nathupur Project end point of Patna-Gaya-Dobhi Section of NH-83
2026-09-28,"current links, seed 23: 25 nh_chainage, 25 nh_district, 50 nh_only",PRJ-005868,nh_district,Jharkhand,143A,,2,2,correct,Lohardaga bypass = Lohardaga NH-143A stretches,Construction of byepass around Lohardaga town of NH-143A in the Sate of Jharkhand under EPC mode.
2026-09-28,"current links, seed 23: 25 nh_chainage, 25 nh_district, 50 nh_only",PRJ-005802,nh_district,Multi-State,163G,,3,3,correct,package II (km 250-280) = Khammam 254.3-280.3; the other Khammam stretches have the same complexity,4L Access Controlled Greenfield Highway section on NH-163G Khammam Vijayawada from BrahmanapalliK village at Design Ch. 250.400 Km to Remidicherla village at De
2026-09-28,"current links, seed 23: 25 nh_chainage, 25 nh_district, 50 nh_only",PRJ-004875,nh_district,Multi-State,734,,1,3,wrong,package III is the Kashipur bypass (Uttarakhand); the linked Moradabad stretch is package I,Improvement & Up-gradation of NH-734 Section of Moradabad-Thakurdwara Kashipur including Moradabad & Kashipur Bypasse Package-III Kashipur Bypass Length 14.490 
2026-09-28,"current links, seed 23: 25 nh_chainage, 25 nh_district, 50 nh_only",PRJ-006103,nh_district,Uttarakhand,7,,1,1,wrong,the Dehradun bypass is NH-307; NH-7 is only its start point (Jhajra),Construction of 4 Lane Access Controlled Bypass for Dehradun on NH307 from Design Chainage km 0050 Jhajra on NH-07 to Design Chainage km 12220 Asharori on EPC M
2026-09-28,"current links, seed 23: 25 nh_chainage, 25 nh_district, 50 nh_only",PRJ-004981,nh_district,Uttar Pradesh,730,,3,3,correct,Balrampur bypass km 223-328.3 equals the Balrampur stretch 223-328.3,Construction of Balrampur bypass with 2L flexible pavement configuration from km.223.000 of NH-330 to km.328.300 of NH-730 under EPC mode
2026-09-28,"current links, seed 23: 25 nh_chainage, 25 nh_district, 50 nh_only",PRJ-004839,nh_district,Jharkhand,114A,,6,3,correct,Basukinath-Deoghar section = Deoghar NH-114A stretches,4L of Basukinath- Deoghar Section of NH-114A
2026-09-28,"current links, seed 23: 25 nh_chainage, 25 nh_district, 50 nh_only",PRJ-006036,nh_district,Multi-State,503A,,2,3,correct,Hoshiarpur-Una = the Una (HP) and Hoshiarpur (Punjab) stretches,2L/4L of Hoshiarpur to Una section including Hoshiarpur Bypass of NH 503A
2026-09-28,"current links, seed 23: 25 nh_chainage, 25 nh_district, 50 nh_only",PRJ-005586,nh_district,Manipur,102B,,5,1,correct,"Churachandpur-Tuivai = Churachandpur stretches, all complexity 1",Widening to 2-lane with Hard shoulder of Churachandpur to Tuivai Section of NH- 102B from Design Chainage 69.875 Km to 121.769 Km in the State of Manipur on EPC
2026-09-28,"current links, seed 23: 25 nh_chainage, 25 nh_district, 50 nh_only",PRJ-004826,nh_district,Haryana,148B,,1,4,correct,Bhiwani-Hansi = the Bhiwani/Hisar stretch,4L Bhiwani-Hansi road section of NH-148B
2026-09-28,"current links, seed 23: 25 nh_chainage, 25 nh_district, 50 nh_only",PRJ-006007,nh_district,Telangana,163G,,7,3,wrong,"package II (design km 150-190, Warangal to Mahabubabad): no linked stretch covers it",4L Access Controlled Greenfield Highway section on NH-163G Warangal-Khammam from Venkatpur village in Warangal District at Design Ch. 150.240 Km to Thallasenkes
2026-09-28,"current links, seed 23: 25 nh_chainage, 25 nh_district, 50 nh_only",PRJ-004000,nh_district,Manipur,102A,,2,1,wrong,design km 81.9-105.8; the linked Ukhrul stretches are km 0-9.5,Construction of 2-laning with Hard shoulder road of Ukhrul - Tolloi - Tadubi section of NH-102A from Design Chainage 81.870 km to 105.825 km in the State of Man
2026-09-28,"current links, seed 23: 25 nh_chainage, 25 nh_district, 50 nh_only",PRJ-006131,nh_district,Andhra Pradesh,716,,3,3,correct,Kadapa-China Orampadu package I = Kadapa stretches,4L of Kadapa China Orampadu section of NH-716 Package I of Kadapa-Renigunta section
2026-09-28,"current links, seed 23: 25 nh_chainage, 25 nh_district, 50 nh_only",PRJ-004586,nh_district,Andhra Pradesh,16,,4,1,wrong,"a port connector ending at the NH-16 Rajanagaram junction; NH-16 is its end point, not its road",Development of 4L Road from Samarlakota to Achampeta Junction as part of Kakinada Port Connectivity to NH-16 Rajanagaram Junction in East Godavari District
2026-09-28,"current links, seed 23: 25 nh_chainage, 25 nh_district, 50 nh_only",PRJ-005976,nh_district,Madhya Pradesh,45,,4,3,wrong,Jabalpur outer ring road from Manegaon to NH-45; NH-45 is its end point,Outer Ring Road of Jabalpur Town from Manegaon to NH-45 Pkg-2
2026-09-28,"current links, seed 23: 25 nh_chainage, 25 nh_district, 50 nh_only",PRJ-005999,nh_district,Madhya Pradesh,39,,1,3,correct,Rewa bypass (13.1 km) = Rewa stretch 3.55-13.0,Balance works of 4 lane divided carriageway of Missing Link section of NH-39 Rewa Bypass from junction with NH 30 near Bela to Junction with MPRDC ring road nea
2026-09-28,"current links, seed 23: 25 nh_chainage, 25 nh_district, 50 nh_only",PRJ-005779,nh_district,Multi-State,152,,1,0,correct,Ismailabad-Ambala = Ambala 18.0-42.5,4L Ismailabad to Ambala Section of NH-152 Lot-4/Package-1
2026-09-28,"current links, seed 23: 25 nh_chainage, 25 nh_district, 50 nh_only",PRJ-004233,nh_district,Jammu & Kashmir,44,,2,3,correct,"Digdol-Khuni Nallah (Ramban) inside Ramban 151-189.4, which sets the max",4L twin tube tunnel including approaches from Digdol to Khuni Nallah North Bound connecting with existing major bridge on NB and South Bound connecting with Tun
2026-09-28,"current links, seed 23: 25 nh_chainage, 25 nh_district, 50 nh_only",PRJ-005535,nh_only,Karnataka,167,,5,4,correct,"bridge at km 180.9 (Raichur) is covered by Raichur 125.6-182.1, which sets the max",Construction of Major Bridge at Km.180.865 across river Krishna on NH 167 Hagari Jadcherla section
2026-09-28,"current links, seed 23: 25 nh_chainage, 25 nh_district, 50 nh_only",PRJ-005732,nh_only,Gujarat,56,,6,3,wrong,"Ch 179.8-208.9 = Bharuch 179.7-208.3 (complexity 2), but the max 3 comes from Chhotaudepur/Surat/Tapi",4L PS from Ch. 179.780 in Bitada/Movi Village to Ch. 208.900 in Nasarpore Village of NH-56 Pkg-V
2026-09-28,"current links, seed 23: 25 nh_chainage, 25 nh_district, 50 nh_only",PRJ-004935,nh_only,Assam,37;6,,14,4,wrong,Badarpur bypass (Karimganj); the max 4 comes from Golaghat/Sivasagar stretches of NH-37,Construction of 4-Lane Badarpur Bypass from Design Chainage km 27300 at crossing with NH-6 Old NH-44 Near Siddeswar Pt.-I Village to Design Chainage km 38600 on
2026-09-28,"current links, seed 23: 25 nh_chainage, 25 nh_district, 50 nh_only",PRJ-004225,nh_only,Madhya Pradesh,44,,1,0,wrong,Sagar link road; the linked NH-44 stretch is in Morena,Berkhedi to Godpehra on NH-44 Sagar link road
2026-09-28,"current links, seed 23: 25 nh_chainage, 25 nh_district, 50 nh_only",PRJ-005570,nh_only,Maharashtra,965DD,,4,2,correct,NH-965DD in Ratnagiri; Ratnagiri 0-49.5 sets the max,Balance work of Rehabilitation and Up-gradation to 2-lane road with paved shoulders configuration for NH- 965DD from Pacharal-Mandangad-Mhapral-Rajewadi Upto Ju
2026-09-28,"current links, seed 23: 25 nh_chainage, 25 nh_district, 50 nh_only",PRJ-006240,nh_only,Gujarat,56,,6,3,wrong,Vansda-Vapi (Valsad); the max 3 comes from Chhotaudepur/Surat/Tapi stretches,Upgradation of Existing Two Lane Carriageway to Two Lane Carriageway with Paved Shoulder from Ch. 665686 Existing Km. 665.686 in Khanpur Village in Vansda Taluk
2026-09-28,"current links, seed 23: 25 nh_chainage, 25 nh_district, 50 nh_only",PRJ-005878,nh_only,Odisha,320D,,1,1,correct,km 0-36 Jareikela-Dhabaleswar = Sundargarh 0-34.2,Widening to 2 lane with paved shoulded of Jareikela Jharkhand/Odisha Border - Dhabaleswar section from 0/0 to 36/0 of NH-320D in the State of Odisha under Annua
2026-09-28,"current links, seed 23: 25 nh_chainage, 25 nh_district, 50 nh_only",PRJ-004267,nh_only,Kerala,66,,19,4,wrong,Ramanattukara-Valanchery (Kozhikode/Malappuram); the max 4 comes from Kannur/north Kozhikode,6L of Ramanatukkara Junction to start of Valanchery bypass section of NH-66
2026-09-28,"current links, seed 23: 25 nh_chainage, 25 nh_district, 50 nh_only",PRJ-003655,nh_only,Manipur,129A,,3,2,correct,Maram-Peren package 1A design km 0-22.3 = Senapati 0-40,"Improvement of existing road to 2 laning with Hard Shoulders of Maram -Peren section Package-1A, length- 22.340Km from Design Chainage 0.000 km to 22.340 km on "
2026-09-28,"current links, seed 23: 25 nh_chainage, 25 nh_district, 50 nh_only",PRJ-004849,nh_only,Bihar,119D,,5,5,correct,"Amas-Shivrampur km 0-55 inside Gaya/Nalanda/Patna 0-109.3, which sets the max",4L Greenfield Alignment of Amas to Shivrampur from 0.000 Km. to 55.002 Km. of NH 119 D Pkg-I
2026-09-28,"current links, seed 23: 25 nh_chainage, 25 nh_district, 50 nh_only",PRJ-004754,nh_only,Uttar Pradesh,730,,12,3,wrong,Shohratgarh bypass (Siddharthnagar); the max 3 comes from Balrampur,Construction of Shohratgarh Bypass on NH-730 under EPC mode in the State of Uttar Pradesh
2026-09-28,"current links, seed 23: 25 nh_chainage, 25 nh_district, 50 nh_only",PRJ-005897,nh_only,Telangana,765D,,6,1,correct,km 106.8-158.5 Yellareddy-Rudrur = Kamareddy stretches; the max 1 is the same in the right section,Widening to Two lane with paved shoulders from 106/830 to 158/496 of Yellareddy- Rudrur Section of NH-765D in the state of Telangana on EPC mode under NHO under
2026-09-28,"current links, seed 23: 25 nh_chainage, 25 nh_district, 50 nh_only",PRJ-003510,nh_only,Sikkim,717B,,1,0,wrong,km 52-82 Chochenpheri-Menla; the linked East District stretch is km 20.3-27.2,Construction of 2-Laning with Paved Shoulder of New Greenfield Alignment From Chochenpheri at Km 52000 to Helipad near Menla at Km 82000 of Rhenock-Menla Spur N
2026-09-28,"current links, seed 23: 25 nh_chainage, 25 nh_district, 50 nh_only",PRJ-005039,nh_only,Bihar,139W,,7,3,wrong,Ganga bridge at Digha (Patna/Saran); the max 3 comes from Muzaffarpur/Vaishali/Champaran,Construction of 6-Lane Elevated / Extra Dose Cable Bridge on River Ganga parallel to & Western side of Digha-Sonepur Rail cum-Road Bridge of NH 139W in the Stat
2026-09-28,"current links, seed 23: 25 nh_chainage, 25 nh_district, 50 nh_only",PRJ-005716,nh_only,Bihar,139W,,7,3,correct,"Manikpur-Sahebganj (Muzaffarpur) = Muzaffarpur 0-42.8, which sets the max",4L PS under NH configuration of Manikpur-Sahebganj of NH-139W
2026-09-28,"current links, seed 23: 25 nh_chainage, 25 nh_district, 50 nh_only",PRJ-004216,nh_only,Tamil Nadu,383,,2,4,correct,"ends at km 12.9 of NH-383 near Karaikudi = Sivaganga 0-14.0, which sets the max",Melur - Pilayarpatti - Karaikudi from km 99.920 of NH 38 to km 12.9 of NH 383 Ext.
2026-09-28,"current links, seed 23: 25 nh_chainage, 25 nh_district, 50 nh_only",PRJ-005573,nh_only,Assam,37;6,,14,4,wrong,Panchgram bypass (Hailakandi/Cachar); the max 4 comes from Golaghat/Sivasagar,Construction of 4-Lane Panchgram Bypass from Design Chainage km 15500 on NH- 37 Old NH-53 at Kalinagar Pt.-I Village to Design Chainage km 27300 at crossing wit
2026-09-28,"current links, seed 23: 25 nh_chainage, 25 nh_district, 50 nh_only",PRJ-005934,nh_only,Maharashtra,48,,4,5,wrong,"Pune city service roads; the linked stretches are in Palghar, Kolhapur, Sangli and Satara",Upgradation & rehabilitation of Service Roads on both sides in urban areas of Pune City on PuneSatara section of NH48
2026-09-28,"current links, seed 23: 25 nh_chainage, 25 nh_district, 50 nh_only",PRJ-004756,nh_only,Jammu & Kashmir,1,,6,4,wrong,Pandrass-Pashkyun is in Kargil (Ladakh); linked Kashmir valley stretches,Construction of realignment between Pandrass- Pashkyun Total length 27.10 km on road Zozila-Kargil -Leh NH-1 to 2 lane specifications i.e. Drass alignment 9.30 
2026-09-28,"current links, seed 23: 25 nh_chainage, 25 nh_district, 50 nh_only",PRJ-005837,nh_only,Chhattisgarh,30,,3,0,wrong,Bemetara bypass; the linked NH-30 stretches are in Sukma,Bemetara Bypass NH 30
2026-09-28,"current links, seed 23: 25 nh_chainage, 25 nh_district, 50 nh_only",PRJ-005038,nh_only,Bihar,33,,1,0,wrong,ROB at Ekangarsarai (Nalanda); the linked stretch is in Jehanabad,Construction of 4 Lane ROB and its approaches at the level crossing LC No 29 B of Km 29 Ekangarsarai at NH 110 New NH 33 & Railway Km 32.63 at Fatwa FUT Islampu
2026-09-28,"current links, seed 23: 25 nh_chainage, 25 nh_district, 50 nh_only",PRJ-004746,nh_only,Karnataka,63,,5,5,wrong,"km 280-375 = Ballari 280.1-375.5 (complexity 1), but the max 5 comes from Dharwad/Gadag/Koppal 0-268.7",4L of Left-Over Works of Hospet-Bellary -Karnataka/AP border from Km.280.080 Dec.Ch. to Km.375450Des.Ch. of NH-63 New-67
2026-09-28,"current links, seed 23: 25 nh_chainage, 25 nh_district, 50 nh_only",PRJ-005853,nh_only,Andhra Pradesh,342,,2,3,correct,Puttaparthi-Koduru = Sri Satya Sai stretches,4-laning of Puttaparthi-Koduru Section of NH-342
2026-09-28,"current links, seed 23: 25 nh_chainage, 25 nh_district, 50 nh_only",PRJ-004938,nh_only,Tripura,108B,,1,3,unclear,Agartala western bypass connecting NH-8 to NH-108B; the NH-108B stretch may be only its start,"Construction of 4-Lane with paved shoulder Agartala bypass Western side, length 25.402 km connecting NH-8 near Amtali to NH-108B near Lembuchhera in the state o"
2026-09-28,"current links, seed 23: 25 nh_chainage, 25 nh_district, 50 nh_only",PRJ-006043,nh_only,Uttar Pradesh,119,,7,4,wrong,km 112.6-138.6 Najibabad-Kotdwar; the max 4 comes from Meerut/Muzaffarnagar/other Bijnor stretches,2L PS of Najibabad Kotdwar section from 112.575 to Km. 138.635 of NH 119
2026-09-28,"current links, seed 23: 25 nh_chainage, 25 nh_district, 50 nh_only",PRJ-005013,nh_only,Rajasthan,162E,,6,4,unclear,"design and existing km disagree; the max 4 is Rajsamand 0-47, which may or may not be the section",Up-gradation to 2 lane with paved shoulder from Neechli Oden Nathdwara at Design Km 88.800 existing km 55.95 to Bhatewar at Design Km 142.028 existing km 0.00 o
2026-09-28,"current links, seed 23: 25 nh_chainage, 25 nh_district, 50 nh_only",PRJ-005666,nh_only,Assam,37;8,,14,4,wrong,Silchar-Badarpur (Cachar/Karimganj); the max 4 comes from Golaghat/Sivasagar,Widening/lmprovement to 4-Laning and Greenfield alignment with Paved shoulder of Silchar-Badarpur Churaibari section of NH-37 & NH-8 from Design chainage 38.600
2026-09-28,"current links, seed 23: 25 nh_chainage, 25 nh_district, 50 nh_only",PRJ-005860,nh_only,Karnataka,367,,13,2,correct,"bypasses at Kuknoor, Yelburga, Gajendragada = Koppal/Gadag stretches","Construction of Bypass at Kuknoor, Yelburga, Gajendragada of Bhanapur Gaddanakeri section of NH-367 in the State of Karnataka under NHO on EPC mode under Annual"
2026-09-28,"current links, seed 23: 25 nh_chainage, 25 nh_district, 50 nh_only",PRJ-006040,nh_only,Andhra Pradesh,716,,6,3,wrong,TN/AP border to Puttur (Tirupati); the max 3 comes from Kadapa/Annamayya,Access Controlled Highway of 4 Lane with Paved Shoulders from TN/AP Border Design Chainage Km 6151 to Puttur Design Chainage Km 81540 of NH-716 & 6 Lane with Pa
2026-09-28,"current links, seed 23: 25 nh_chainage, 25 nh_district, 50 nh_only",PRJ-005867,nh_only,Odisha,130C,,1,2,correct,Dharmagarh bypass = Kalahandi 201.6-208.3,Construction of Dharmagarh Bypass on NH-130C including land acquisition in the state of Odisha on EPC Mode under Annual plan 2022-23.
2026-09-28,"current links, seed 23: 25 nh_chainage, 25 nh_district, 50 nh_only",PRJ-005893,nh_only,Madhya Pradesh,752C,,8,4,unclear,Jirapur-Pachore is in Rajgarh; the max 4 is a Shajapur stretch that may be the next section,"Work of Upgradation of Jirapur-Pachore Road including Pachore, Jirapur, Chhapiheda & Khujner Bypasses from 0000 to 58790 Design Length 58.79 Km section of NH-75"
2026-09-28,"current links, seed 23: 25 nh_chainage, 25 nh_district, 50 nh_only",PRJ-004722,nh_only,Madhya Pradesh,346,,16,4,correct,"Kurwai-Mungaoli-Chanderi; the max 4 is Ashoknagar 15.9-62.8, on this road","Rehabilitation & Upgradation of KurwaiMungaoliChanderi Road section of NH-346, from Design Chainge 0.000 to 81.300 Km Total length 83.1 km to Two lane with pave"
2026-09-28,"current links, seed 23: 25 nh_chainage, 25 nh_district, 50 nh_only",PRJ-005091,nh_only,Assam,37,,13,4,wrong,Silchar-Budha Nagar (Cachar); the max 4 comes from Golaghat/Sivasagar,lmprovement to 4-Lane with Paved Shoulder from existing km 260000 Design Ch.4560 km to existing km Ch.233000 D. Ch.24560 of Silchar near Nutan Dayapur village -
2026-09-28,"current links, seed 23: 25 nh_chainage, 25 nh_district, 50 nh_only",PRJ-006182,nh_only,Uttar Pradesh,730,,12,3,wrong,Gola flyover (Lakhimpur Kheri); the max 3 comes from Balrampur,"Construction of Four Lane Gola Flyover at Km 99.850 of NH 730 Major Junction with State Highways -93 of Engineering, Procurement and Construction EPC mode in th"
2026-09-28,"current links, seed 23: 25 nh_chainage, 25 nh_district, 50 nh_only",PRJ-006017,nh_only,Rajasthan,68,,10,2,wrong,Sanchore (Jalore) elevated structure; linked Jaisalmer/Bikaner/Barmer stretches,Construction of Four lane Elevated Structure at Raniwada Circle in Sanchore City on NH-68
2026-09-28,"current links, seed 23: 25 nh_chainage, 25 nh_district, 50 nh_only",PRJ-004595,nh_only,Odisha,26,,13,3,wrong,"ROB at km 176 Kesinga = Kalahandi 171.8-182.4 (complexity 2), but the max 3 comes from Nabarangpur",Construction of 4 lane ROB with approaches in lieu of LC No. RV-172 at km 176.00 of NH-201 present NH-26 at Kesinga including land acquisition in the state of O
2026-09-28,"current links, seed 23: 25 nh_chainage, 25 nh_district, 50 nh_only",PRJ-005133,nh_only,Assam,8,,1,2,correct,design km 62.8-87.7 inside Karimganj 36.9-110.3,Widening/lmprovement to 4-Lane with Paved Shoulder from existing road and Greenfield alignment form Design Ch. 62.800 start of proposed Nilambazar/Cheragi Bypas
2026-09-28,"current links, seed 23: 25 nh_chainage, 25 nh_district, 50 nh_only",PRJ-005542,nh_only,Telangana,202,,4,1,wrong,Amberpet flyover (Hyderabad); linked Yadadri/Jangaon/Warangal stretches,"Construction of 4-lane flyover at Amberpet-X road, Hyderabad on NH-202 in the State of Telangana"
2026-09-28,"current links, seed 23: 25 nh_chainage, 25 nh_district, 50 nh_only",PRJ-004306,nh_only,Bihar,119D,,5,5,wrong,"package III near Patna = Patna 109.3-122.3 (complexity 2), but the max 5 comes from packages I-II",4L Greenfield Alignment from Kalyanapur to Tal Dashraha of NH-119D Pkg-III
2026-09-28,"current links, seed 23: 25 nh_chainage, 25 nh_district, 50 nh_only",PRJ-005941,nh_only,Multi-State,44,,1,0,wrong,Lalitpur-Sagar-Lakhnadon; the linked NH-44 stretch is in Morena,"Construction of 26 VUPs, Major Bridge, Service Road etc. on Lalitpur-Sagar- Lakhnadon section of NH-44 NS"
2026-09-28,"current links, seed 23: 25 nh_chainage, 25 nh_district, 50 nh_only",PRJ-006050,nh_only,Bihar,527A,,5,3,unclear,several short NHs; the Madhubani stretches are plausible but the NH-527A section is not placed,Umagaon - Saharsa Package - I Combined Umagaon-Kaluahi0.000KM to 21.609Km of NH227LSaharghat-Rahika0.000 Km to 26.130KM of NH227JRahika-Rampatti 0.00 KM to 15.0
2026-09-28,"current links, seed 23: 25 nh_chainage, 25 nh_district, 50 nh_only",PRJ-005836,nh_only,Odisha,26,,13,3,correct,"Nabrangpur bypass = Nabarangpur 293.8-302.1, which sets the max",construction or By-pass road on NH-26 for Nabrangpur Town
2026-09-28,"current links, seed 23: 25 nh_chainage, 25 nh_district, 50 nh_only",PRJ-005801,nh_only,Uttarakhand,109D;9,,2,2,wrong,"Banbasa ICP link (Champawat); the max 2 comes from a Pithoragarh stretch of NH-9, its start road",Construction of 4-lane connectivity to Banbasa ICP at India Nepal border from NH-09 old NH-125 Sitarganj-Tanakpur at Km 40.00 near Jagbuda bridge under Bharatma
2026-09-28,"current links, seed 23: 25 nh_chainage, 25 nh_district, 50 nh_only",PRJ-004878,nh_only,Uttar Pradesh,28,,1,0,wrong,Gorakhpur bypass; the linked NH-28 stretch is in Barabanki,4L Green Field Northern East side Gorakhpur Bypass 26.616 Kms starting from NH- 29E Chainage 83.308 and end at NH-28 Chainage 285.100
2026-09-28,"current links, seed 23: 25 nh_chainage, 25 nh_district, 50 nh_only",PRJ-005957,nh_only,Madhya Pradesh,753L,,5,3,correct,Boregaon Buzurg-Shahpur (Burhanpur); the Burhanpur stretches set the same max 3,4L Boregaon Buzurg to Shahpur Pkg I of Boregaon Buzurg to Muktainagar of NH 753L
2026-09-28,"current links, seed 23: 25 nh_chainage, 25 nh_district, 50 nh_only",PRJ-005693,nh_only,Odisha,49,,13,4,wrong,elephant underpasses near Jharpokharia (Mayurbhanj); the max 4 comes from Jharsuguda/Sambalpur/Keonjhar,"Balance work of 8 nos. of Elephant Underpasses EUPs, 1 no. of Vehicular Underpass VUP, 1 nos. of Light Vehicular Underpass LVUP, 1 nos. of Pedestrian Underpass "
2026-09-28,"current links, seed 23: 25 nh_chainage, 25 nh_district, 50 nh_only",PRJ-005741,nh_only,Madhya Pradesh,146B,,7,4,correct,Sandalpur (Dewas) to Nasrullaganj (Sehore) = the Dewas and Sehore stretches,4 Laning of Sandalpur to Nasrullaganj Pkg-1 section of NH-146B Length 43.2 Km.
2026-09-28,"current links, seed 23: 25 nh_chainage, 25 nh_district, 50 nh_only",PRJ-003243,nh_only,Maharashtra,166E,,9,2,wrong,Guhagar-Rampur (Ratnagiri); the max 2 comes from Sangli,Guhagar - Rampur - 2L-PS - km 0/00 Guhagar to 26/230 Rampur and 40/00 Mirjoli to 53/600 Sati on NH-166E
2026-09-28,"current links, seed 23: 25 nh_chainage, 25 nh_district, 50 nh_only",PRJ-005559,nh_only,Maharashtra,548C,,11,2,wrong,Mhaswad-Tembhurni (Satara/Solapur); the max 2 comes from Jalna/Akola stretches of another branch,Mhaswad to Tembhurni section of NH-548C - 2L PS
2026-09-28,"current links, seed 23: 25 nh_chainage, 25 nh_district, 50 nh_only",PRJ-006208,nh_only,Chhattisgarh,30,,3,0,wrong,Keshkal bypass (Kondagaon); the linked NH-30 stretches are in Sukma,Balance Works of Rehabilitation and Up gradation of NH-43 New NH-30 from Krn 162120 to Krn 173500 Length 11.380 Km. Keshkal Bypass 4-Lane with Paved shoulder in
