target,horizon,feature,group,mean_abs_shap
y_any,2,months_to_anticipated_completion,state,1.1017886942075685
y_any,2,state,context,0.23048094041088124
y_any,2,sector,context,0.1861326467494531
y_any,2,elapsed_ratio,state,0.18492604459285922
y_any,2,months_to_scheduled_completion,state,0.10568365202261457
y_any,2,physical_progress_pct,state,0.08705233010828545
y_any,2,log_cost,state,0.07959631489997152
y_any,2,spend_velocity_2q,dynamics,0.07101684963787128
y_any,2,agency_n,context,0.06984390661314112
y_any,2,agency_cost_optimism,context,0.05646343618789873
y_any,2,months_since_last_revision,state,0.055160337138868976
y_any,2,expected_progress_scurve,context,0.05377162312886647
y_any,2,sector_trend_4q,context,0.05257870072255302
y_any,2,slip_to_date_months,state,0.05195190373996424
y_any,2,agency_slip_rate,context,0.04945056738237062
y_any,2,expenditure_ratio,state,0.04546226584638232
y_any,2,sector_actual_target_ratio,context,0.04019063406275439
y_any,2,scurve_deviation,context,0.03735645588233887
y_any,2,spi,state,0.02726548869309147
y_any,2,burn_gap,state,0.025489473349596482
y_any,2,sector_yoy_growth,context,0.024145605034531448
y_any,2,cost_variation_pct,state,0.022412780034836606
y_any,2,revisions_so_far,state,0.018783814969877344
y_any,2,progress_velocity_4q,dynamics,0.01729584907311466
y_any,2,ext_remark_quarters,external,0.017254994010552138
y_any,2,dq_score,freshness,0.014047810241001383
y_any,2,progress_velocity_2q,dynamics,0.011357653634265072
y_any,2,velocity_vs_sector_median,dynamics,0.010999200255914545
y_any,2,ext_months_since_first_forest_env,external,0.0077816070508250745
y_any,2,acceleration,dynamics,0.007194725364782462
y_any,2,ext_months_since_first_land,external,0.007164669656652905
y_any,2,months_since_last_obs,freshness,0.006111678689246354
y_any,2,obs_count_in_quarter,freshness,0.004835060675307648
y_any,2,period_type,freshness,0.004564486061232524
y_any,2,stagnation_quarters,dynamics,0.003166206839740056
y_any,2,ext_ever_inter_agency,external,0.0028844458110258474
y_any,2,cost_band,state,0.0022367124781404986
y_any,2,la_notif_span_by_t,external,0.001994440515320154
y_any,2,ext_open_total,external,0.0015941852757476779
y_any,2,ext_open_land,external,0.0015082047795112084
y_any,2,la_complexity_max_by_t,external,0.0011910500413660134
y_any,2,la_parcels_by_t,external,0.0010958791621283926
y_any,2,fc_expected_complexity,external,0.0008099506646591317
y_any,2,ext_open_inter_agency,external,0.0007747327138826435
y_any,2,ext_open_contractor,external,0.0006936156221160315
y_any,2,ext_ever_contractor,external,0.0006702307162701953
y_any,2,ext_ever_land,external,0.0006112405652337883
y_any,2,ext_open_forest_env,external,0.00046181982666279137
y_any,2,ext_ever_utility_shifting,external,0.00041546673835337683
y_any,2,ext_open_litigation,external,0.00032134169327021006
y_any,2,ext_ever_law_order,external,0.0002536571860559474
y_any,2,ext_ever_litigation,external,0.0001440471573391241
y_any,2,ext_ever_weather,external,0.0001143128300987992
y_any,2,ext_open_funding,external,5.5459730161630904e-05
y_any,2,ext_ever_funding,external,3.605598958471265e-05
y_any,2,ext_ever_forest_env,external,2.7946762364571503e-05
y_any,2,ext_open_law_order,external,1.1295201547730948e-05
y_any,2,ministry,context,0.0
y_any,2,ext_open_weather,external,0.0
y_any,2,ext_open_utility_shifting,external,0.0
y_any,2,fc_worst_complexity,external,0.0
y_any,2,fc_max_authority_level,external,0.0
y_any,2,la_linked,external,0.0
y_date_push,2,months_to_anticipated_completion,state,1.1104080360503694
y_date_push,2,state,context,0.2057374764908018
y_date_push,2,elapsed_ratio,state,0.15581663015532915
y_date_push,2,sector,context,0.13406518877661416
y_date_push,2,months_to_scheduled_completion,state,0.10555032146870728
y_date_push,2,physical_progress_pct,state,0.09710125542312155
y_date_push,2,log_cost,state,0.09466293448885087
y_date_push,2,expenditure_ratio,state,0.07710483917316054
y_date_push,2,spend_velocity_2q,dynamics,0.07640678222669571
y_date_push,2,agency_n,context,0.07491471728395355
y_date_push,2,agency_cost_optimism,context,0.07341008673587499
y_date_push,2,agency_slip_rate,context,0.06834511395107276
y_date_push,2,months_since_last_revision,state,0.06704989589844838
y_date_push,2,expected_progress_scurve,context,0.06680755843573191
y_date_push,2,slip_to_date_months,state,0.06215670686885663
y_date_push,2,scurve_deviation,context,0.056532512332569104
y_date_push,2,sector_trend_4q,context,0.04347034998349044
y_date_push,2,sector_actual_target_ratio,context,0.03501294946435825
y_date_push,2,sector_yoy_growth,context,0.02742021242165562
y_date_push,2,cost_variation_pct,state,0.023127885066012592
y_date_push,2,spi,state,0.01967727101113077
y_date_push,2,ext_remark_quarters,external,0.017603748559488604
y_date_push,2,revisions_so_far,state,0.015885622800970747
y_date_push,2,burn_gap,state,0.015597370590586655
y_date_push,2,progress_velocity_4q,dynamics,0.015526619427704296
y_date_push,2,progress_velocity_2q,dynamics,0.014039576889476242
y_date_push,2,velocity_vs_sector_median,dynamics,0.010214633045333038
y_date_push,2,ext_months_since_first_forest_env,external,0.008761453257058793
y_date_push,2,dq_score,freshness,0.007184613778451659
y_date_push,2,ext_months_since_first_land,external,0.006697571138821688
y_date_push,2,acceleration,dynamics,0.0061854697063354605
y_date_push,2,period_type,freshness,0.00455830158193284
y_date_push,2,months_since_last_obs,freshness,0.0036537746820202565
y_date_push,2,obs_count_in_quarter,freshness,0.003444125496327887
y_date_push,2,cost_band,state,0.0034413160408286168
y_date_push,2,ext_open_total,external,0.0024488190291850863
y_date_push,2,ext_ever_inter_agency,external,0.0020577818578598195
y_date_push,2,la_complexity_max_by_t,external,0.0016098595201818379
y_date_push,2,stagnation_quarters,dynamics,0.0015793030682478128
y_date_push,2,fc_expected_complexity,external,0.0013170856406675528
y_date_push,2,la_parcels_by_t,external,0.0012138632615167181
y_date_push,2,ext_open_inter_agency,external,0.000889911729442208
y_date_push,2,ext_open_land,external,0.0008591182837005541
y_date_push,2,ext_ever_land,external,0.0005466968110307323
y_date_push,2,la_notif_span_by_t,external,0.0005450785129904038
y_date_push,2,ext_ever_law_order,external,0.0005373560023825822
y_date_push,2,ext_ever_contractor,external,0.0003129103508123832
y_date_push,2,ext_open_forest_env,external,0.00029037019238645624
y_date_push,2,ext_ever_weather,external,0.0001301375528343375
y_date_push,2,ext_open_weather,external,0.0001240156756884756
y_date_push,2,ext_ever_litigation,external,9.671386747127719e-05
y_date_push,2,ext_ever_utility_shifting,external,6.098368922725069e-05
y_date_push,2,ext_ever_funding,external,5.8870988153310686e-05
y_date_push,2,ext_ever_forest_env,external,4.307225667462416e-05
y_date_push,2,ext_open_law_order,external,3.655293925955879e-05
y_date_push,2,ext_open_litigation,external,2.807779219044459e-05
y_date_push,2,ministry,context,0.0
y_date_push,2,ext_open_contractor,external,0.0
y_date_push,2,ext_open_funding,external,0.0
y_date_push,2,ext_open_utility_shifting,external,0.0
y_date_push,2,fc_worst_complexity,external,0.0
y_date_push,2,fc_max_authority_level,external,0.0
y_date_push,2,la_linked,external,0.0
y_cost_rev,2,sector,context,0.57006957438867
y_cost_rev,2,state,context,0.2776996078434735
y_cost_rev,2,expenditure_ratio,state,0.19057545438715817
y_cost_rev,2,burn_gap,state,0.18790687576039786
y_cost_rev,2,agency_n,context,0.1389367237548321
y_cost_rev,2,elapsed_ratio,state,0.1293408324977962
y_cost_rev,2,sector_actual_target_ratio,context,0.10440593562604293
y_cost_rev,2,sector_trend_4q,context,0.09468723569240009
y_cost_rev,2,agency_slip_rate,context,0.08166555140607498
y_cost_rev,2,physical_progress_pct,state,0.07941728808185773
y_cost_rev,2,spend_velocity_2q,dynamics,0.07602673401399412
y_cost_rev,2,ext_remark_quarters,external,0.06462688371031883
y_cost_rev,2,cost_variation_pct,state,0.0643488095408372
y_cost_rev,2,months_to_anticipated_completion,state,0.0628987179347205
y_cost_rev,2,log_cost,state,0.06219016625441219
y_cost_rev,2,slip_to_date_months,state,0.06146642921283614
y_cost_rev,2,agency_cost_optimism,context,0.05756006939870418
y_cost_rev,2,scurve_deviation,context,0.04948997166205757
y_cost_rev,2,months_to_scheduled_completion,state,0.045972963286719265
y_cost_rev,2,expected_progress_scurve,context,0.044680868008569206
y_cost_rev,2,spi,state,0.0442242783315439
y_cost_rev,2,progress_velocity_4q,dynamics,0.038719415626146475
y_cost_rev,2,months_since_last_revision,state,0.02346109440340175
y_cost_rev,2,sector_yoy_growth,context,0.021641809317847368
y_cost_rev,2,acceleration,dynamics,0.021618082524707777
y_cost_rev,2,velocity_vs_sector_median,dynamics,0.02049167837464658
y_cost_rev,2,revisions_so_far,state,0.01790589002150364
y_cost_rev,2,ext_months_since_first_land,external,0.017304355602279387
y_cost_rev,2,progress_velocity_2q,dynamics,0.013330082124889201
y_cost_rev,2,obs_count_in_quarter,freshness,0.011714996459715478
y_cost_rev,2,months_since_last_obs,freshness,0.00832127820247829
y_cost_rev,2,stagnation_quarters,dynamics,0.008021609370021948
y_cost_rev,2,period_type,freshness,0.005794321923201737
y_cost_rev,2,ext_months_since_first_forest_env,external,0.005635941847173489
y_cost_rev,2,ext_ever_utility_shifting,external,0.005635844882558545
y_cost_rev,2,ext_open_total,external,0.004973498989816242
y_cost_rev,2,cost_band,state,0.0043435387825972145
y_cost_rev,2,ext_ever_litigation,external,0.002824067930620515
y_cost_rev,2,ext_ever_law_order,external,0.002528089116967054
y_cost_rev,2,fc_expected_complexity,external,0.0024265284091582635
y_cost_rev,2,ext_open_forest_env,external,0.0021667907085065946
y_cost_rev,2,dq_score,freshness,0.0016588963693220699
y_cost_rev,2,ext_open_funding,external,0.0014937473952551467
y_cost_rev,2,ext_ever_inter_agency,external,0.0010058163779008507
y_cost_rev,2,ext_ever_land,external,0.0009011637601823898
y_cost_rev,2,ext_open_land,external,0.0005323806728120801
y_cost_rev,2,ext_ever_weather,external,0.0005081586710655156
y_cost_rev,2,ext_ever_contractor,external,0.00043694308613279477
y_cost_rev,2,ext_open_law_order,external,0.00023981638827593347
y_cost_rev,2,ext_open_litigation,external,0.00015482787793445662
y_cost_rev,2,ext_ever_funding,external,0.00012927864444167123
y_cost_rev,2,ext_ever_forest_env,external,0.00011616921791305687
y_cost_rev,2,ext_open_inter_agency,external,9.870098547880158e-05
y_cost_rev,2,ext_open_weather,external,6.318231805495575e-05
y_cost_rev,2,ext_open_contractor,external,6.264081122589878e-05
y_cost_rev,2,ministry,context,0.0
y_cost_rev,2,ext_open_utility_shifting,external,0.0
y_cost_rev,2,fc_worst_complexity,external,0.0
y_cost_rev,2,fc_max_authority_level,external,0.0
y_cost_rev,2,la_linked,external,0.0
y_cost_rev,2,la_complexity_max_by_t,external,0.0
y_cost_rev,2,la_parcels_by_t,external,0.0
y_cost_rev,2,la_notif_span_by_t,external,0.0
y_any,4,months_to_anticipated_completion,state,1.4537036119099047
y_any,4,state,context,0.393650337109565
y_any,4,sector,context,0.18824609895143501
y_any,4,elapsed_ratio,state,0.16300562162233725
y_any,4,months_to_scheduled_completion,state,0.1418049755261431
y_any,4,agency_n,context,0.10370609056422939
y_any,4,log_cost,state,0.09637285433812283
y_any,4,sector_trend_4q,context,0.08044281267794302
y_any,4,spend_velocity_2q,dynamics,0.07861798585990133
y_any,4,scurve_deviation,context,0.06675575070105708
y_any,4,physical_progress_pct,state,0.06404302208025653
y_any,4,slip_to_date_months,state,0.052412408102730866
y_any,4,expenditure_ratio,state,0.052380577963935956
y_any,4,sector_actual_target_ratio,context,0.05223148815357828
y_any,4,agency_slip_rate,context,0.050778059370981496
y_any,4,cost_variation_pct,state,0.04450691390591146
y_any,4,revisions_so_far,state,0.039340383129964435
y_any,4,agency_cost_optimism,context,0.039205536014486106
y_any,4,months_since_last_revision,state,0.03174811191180615
y_any,4,burn_gap,state,0.03130842246609409
y_any,4,spi,state,0.030619956261249602
y_any,4,progress_velocity_4q,dynamics,0.030545923653007415
y_any,4,expected_progress_scurve,context,0.029962566190499633
y_any,4,sector_yoy_growth,context,0.024004341907812816
y_any,4,acceleration,dynamics,0.020314261174157456
y_any,4,ext_remark_quarters,external,0.01809464305874381
y_any,4,progress_velocity_2q,dynamics,0.015362035616779061
y_any,4,velocity_vs_sector_median,dynamics,0.013276580480565412
y_any,4,ext_months_since_first_forest_env,external,0.012040379721548103
y_any,4,obs_count_in_quarter,freshness,0.011517667271876851
y_any,4,ext_months_since_first_land,external,0.010535916056009465
y_any,4,ext_ever_inter_agency,external,0.00781630920497348
y_any,4,period_type,freshness,0.007806461945264666
y_any,4,la_parcels_by_t,external,0.005352334833898628
y_any,4,dq_score,freshness,0.0041335819876945805
y_any,4,ext_open_total,external,0.004111344042471169
y_any,4,stagnation_quarters,dynamics,0.003866740042079884
y_any,4,months_since_last_obs,freshness,0.003418381023196344
y_any,4,cost_band,state,0.0030118614189057866
y_any,4,la_notif_span_by_t,external,0.0019454836085708875
y_any,4,fc_expected_complexity,external,0.0018206462845225871
y_any,4,ext_ever_contractor,external,0.0015373471990678634
y_any,4,ext_open_land,external,0.001432867364546798
y_any,4,la_linked,external,0.0010687084578252526
y_any,4,ext_ever_litigation,external,0.0007378351477548892
y_any,4,la_complexity_max_by_t,external,0.0006162004452138469
y_any,4,ext_open_forest_env,external,0.0005972980022008183
y_any,4,ext_ever_law_order,external,0.0005298598655611496
y_any,4,ext_open_inter_agency,external,0.00048797737191376975
y_any,4,ext_ever_funding,external,0.0004255100798698722
y_any,4,ext_open_funding,external,0.0003560260258833792
y_any,4,ext_ever_forest_env,external,0.000343024942866278
y_any,4,ext_ever_weather,external,0.00033593286162769725
y_any,4,ext_open_contractor,external,0.00027471779623762526
y_any,4,ext_ever_land,external,0.00024741465081457286
y_any,4,ext_open_litigation,external,0.00022434340101538288
y_any,4,ext_ever_utility_shifting,external,0.00021416770398244875
y_any,4,ext_open_law_order,external,7.14569153696906e-05
y_any,4,ministry,context,0.0
y_any,4,ext_open_utility_shifting,external,0.0
y_any,4,ext_open_weather,external,0.0
y_any,4,fc_max_authority_level,external,0.0
y_any,4,fc_worst_complexity,external,0.0
