target,horizon,split,model,n_folds,n,n_pos,base_rate,pr_auc,roc_auc,brier,ece,hits_50,recall_50,hits_100,recall_100,precision_50,pr_auc_fold_mean,lead_time_q,nyd_n,nyd_base_rate,nyd_pr_auc,nyd_precision_50,calibration,pr_auc_vs_naive,recall_100_vs_naive,brier_vs_naive,pr_auc_vs_rule,recall_100_vs_rule,brier_vs_rule,pr_auc_vs_logreg,recall_100_vs_logreg,brier_vs_logreg
y_any,2,val,naive,6,9349,3428,0.36667023211038613,0.42809521843443593,0.5745772271508742,0.22644540600514437,0.035956267948525446,167.84133625659672,0.04896188338873883,335.68267251319344,0.09792376677747766,0.5594711208553224,0.4250540770814992,3.1716867469879517,5749,0.24543398851974257,0.29398233040293265,0.39025223486633165,none,0.0,0.0,0.0,-0.015817553389834704,0.01711863258844616,-0.002557361575521444,-0.06131190272212411,0.006616882296730867,0.008658321052131157
y_any,2,val,rule,6,9349,3428,0.36667023211038613,0.44391277182427064,0.5947767986383139,0.22900276758066582,0.026432350386890135,137.0,0.03996499416569428,277.0,0.0808051341890315,0.45666666666666667,0.4381856876349759,3.808664259927798,5749,0.24543398851974257,0.318117600177451,0.38333333333333336,none,0.015817553389834704,-0.01711863258844616,0.002557361575521444,0.0,0.0,0.0,-0.04549434933228941,-0.010501750291715295,0.011215682627652601
y_any,2,val,logreg,6,9349,3428,0.36667023211038613,0.48940712115656004,0.7009822247298493,0.21778708495301322,0.08035711386730174,126.0,0.0367561260210035,313.0,0.0913068844807468,0.42,0.5365994108640559,3.060702875399361,5749,0.24543398851974257,0.4290914653345905,0.5866666666666667,none,0.06131190272212411,-0.006616882296730867,-0.008658321052131157,0.04549434933228941,0.010501750291715295,-0.011215682627652601,0.0,0.0,0.0
y_any,2,val,lightgbm,6,9349,3428,0.36667023211038613,0.7015198329424236,0.8119050776885941,0.17540842557614703,0.08154796890209444,248.0,0.07234539089848308,491.0,0.14323220536756126,0.8266666666666667,0.6969914487876275,2.7820773930753564,5749,0.24543398851974257,0.509735122982486,0.67,none,0.27342461450798766,0.0453084385900836,-0.05103698042899735,0.25760706111815296,0.06242707117852976,-0.05359434200451879,0.21211271178586355,0.051925320886814466,-0.04237865937686619
y_any,2,test,naive,1,1318,678,0.5144157814871017,0.5710765416277925,0.5925377949852508,0.2544659618605688,0.11301709400238848,31.523809523809526,0.04649529428290491,63.04761904761905,0.09299058856580981,0.6304761904761905,0.5710765416277925,2.0,646,0.29721362229102166,0.34881320949432404,0.42105263157894735,none,0.0,0.0,0.0,0.09182320608730754,0.028093833403567928,-0.024599429054542987,-0.09277977109251123,-0.00877932293861497,0.023681883221062183
y_any,2,test,rule,1,1318,678,0.5144157814871017,0.479253335540485,0.4531768528761062,0.2790653909151118,0.16113812513535947,11.0,0.016224188790560472,44.0,0.06489675516224189,0.22,0.479253335540485,2.0,646,0.29721362229102166,0.3031381942216568,0.34,none,-0.09182320608730754,-0.028093833403567928,0.024599429054542987,0.0,0.0,0.0,-0.18460297717981877,-0.0368731563421829,0.04828131227560517
y_any,2,test,logreg,1,1318,678,0.5144157814871017,0.6638563127203038,0.6941002949852507,0.23078407863950662,0.09299529163423872,33.0,0.048672566371681415,69.0,0.10176991150442478,0.66,0.6638563127203038,2.0,646,0.29721362229102166,0.43781264824776694,0.62,none,0.09277977109251123,0.00877932293861497,-0.023681883221062183,0.18460297717981877,0.0368731563421829,-0.04828131227560517,0.0,0.0,0.0
y_any,2,test,lightgbm,1,1318,678,0.5144157814871017,0.7776658260179532,0.781190081120944,0.19583559229626327,0.0644543983888593,45.0,0.06637168141592921,89.0,0.13126843657817108,0.9,0.7776658260179532,2.0,646,0.29721362229102166,0.4855942404877024,0.54,none,0.20658928439016067,0.03827784801236127,-0.058630369564305534,0.2984124904774682,0.0663716814159292,-0.08322979861884852,0.11380951329764943,0.0294985250737463,-0.03494848634324335
y_any,2,flash,naive,3,2564,1293,0.5042901716068643,0.5459244979132628,0.563353602250939,0.25581372526663126,0.1058849775688741,84.13550026752274,0.06506999247294876,168.2710005350455,0.1301399849458975,0.5609033351168183,0.5217625803482041,2.268965517241379,1283,0.2634450506625097,0.3053118807408922,0.3477174506118843,none,0.0,0.0,0.0,0.09970931077526601,0.04042614117172891,-0.021409156923967665,-0.15442008911658156,-0.048514307397489964,0.03792216618945404
y_any,2,flash,rule,3,2564,1293,0.5042901716068643,0.4462151871379968,0.42666527930154685,0.27722288219059893,0.15780282295753237,37.0,0.028615622583139984,116.0,0.0897138437741686,0.24666666666666667,0.43774787596336634,2.5948275862068964,1283,0.2634450506625097,0.23965074862897146,0.24666666666666667,none,-0.09970931077526601,-0.04042614117172891,0.021409156923967665,0.0,0.0,0.0,-0.2541293998918476,-0.08894044856921887,0.05933132311342171
y_any,2,flash,logreg,3,2564,1293,0.5042901716068643,0.7003445870298444,0.7352548340242777,0.21789155907717722,0.09729474445776026,112.0,0.08662026295436968,231.0,0.17865429234338748,0.7466666666666667,0.7015590420451693,2.25974025974026,1283,0.2634450506625097,0.41110253333167135,0.49333333333333335,none,0.15442008911658156,0.048514307397489964,-0.03792216618945404,0.2541293998918476,0.08894044856921887,-0.05933132311342171,0.0,0.0,0.0
y_any,2,flash,lightgbm,3,2564,1293,0.5042901716068643,0.7753095549958454,0.783418309446922,0.1936615212130573,0.05967877530452662,137.0,0.10595514307811292,261.0,0.20185614849187936,0.9133333333333333,0.7794121344224451,2.1494252873563218,1283,0.2634450506625097,0.49969200072923026,0.5733333333333334,none,0.2293850570825826,0.07171616354598184,-0.06215220405357397,0.3290943678578486,0.11214230471771075,-0.08356136097754163,0.07496496796600105,0.02320185614849188,-0.024230037864119924
y_date_push,2,val,naive,6,10063,3490,0.3468150650899334,0.3941889246249755,0.5377158968899862,0.2222114971414203,0.022996021035525057,153.28346205443654,0.043920762766314195,306.5669241088731,0.08784152553262839,0.5109448735147885,0.3924011808726556,3.1993464052287583,5761,0.2233987155007811,0.25956709135465456,0.34731469192914055,none,0.0,0.0,0.0,-0.005802617497181306,0.01678135361285761,-0.0028351139553124127,-0.06830748285602095,0.006752700317728677,0.006010622477890221
y_date_push,2,val,rule,6,10063,3490,0.3468150650899334,0.3999915421221568,0.571493393351372,0.2250466110967327,0.006074594584665179,119.0,0.034097421203438394,248.0,0.07106017191977078,0.39666666666666667,0.3960734105115707,3.7580645161290325,5761,0.2233987155007811,0.2796003865113583,0.3233333333333333,none,0.005802617497181306,-0.01678135361285761,0.0028351139553124127,0.0,0.0,0.0,-0.06250486535883965,-0.010028653295128934,0.008845736433202633
y_date_push,2,val,logreg,6,10063,3490,0.3468150650899334,0.46249640748099646,0.6875139114298008,0.21620087466353008,0.06599631279940542,105.0,0.03008595988538682,283.0,0.08108882521489971,0.35,0.4906149704743383,3.067137809187279,5761,0.2233987155007811,0.3969465101005191,0.5466666666666666,none,0.06830748285602095,-0.006752700317728677,-0.006010622477890221,0.06250486535883965,0.010028653295128934,-0.008845736433202633,0.0,0.0,0.0
y_date_push,2,val,lightgbm,6,10063,3490,0.3468150650899334,0.6287328617861272,0.7915824788129959,0.17746633007134197,0.05117753907848657,223.0,0.06389684813753582,440.0,0.12607449856733524,0.7433333333333333,0.634960353335504,2.743181818181818,5761,0.2233987155007811,0.5019244509181717,0.65,none,0.23454393716115168,0.03823297303470685,-0.044745167070078334,0.22874131966397038,0.05501432664756446,-0.04758028102539075,0.16623645430513073,0.04498567335243553,-0.038734544592188114
y_date_push,2,test,naive,1,1330,629,0.47293233082706765,0.5365785301275047,0.6006930821061894,0.25160890300147926,0.10440957531405821,29.98102466793169,0.04766458611753845,59.96204933586338,0.0953291722350769,0.5996204933586338,0.5365785301275047,2.0,646,0.25077399380804954,0.2957382563161717,0.35789473684210527,none,0.0,0.0,0.0,0.10929072972772558,0.04445476841949662,-0.020350670419278627,-0.11344647002662478,-0.020728061469215617,0.029919207335680348
y_date_push,2,test,rule,1,1330,629,0.47293233082706765,0.4272878003997791,0.4408884423569327,0.2719595734207579,0.14834288600855827,10.0,0.01589825119236884,32.0,0.05087440381558029,0.2,0.4272878003997791,2.0,646,0.25077399380804954,0.23824433892629168,0.16,none,-0.10929072972772558,-0.04445476841949662,0.020350670419278627,0.0,0.0,0.0,-0.22273719975435036,-0.06518282988871224,0.050269877754958975
y_date_push,2,test,logreg,1,1330,629,0.47293233082706765,0.6500250001541295,0.7022445790592137,0.2216896956657989,0.0662029462805995,34.0,0.05405405405405406,73.0,0.11605723370429252,0.68,0.6500250001541295,2.0,646,0.25077399380804954,0.3949681249117638,0.58,none,0.11344647002662478,0.020728061469215617,-0.029919207335680348,0.22273719975435036,0.06518282988871224,-0.050269877754958975,0.0,0.0,0.0
y_date_push,2,test,lightgbm,1,1330,629,0.47293233082706765,0.7643454315870168,0.7935427245656331,0.18929854549000039,0.05990583098766716,45.0,0.07154213036565978,85.0,0.13513513513513514,0.9,0.7643454315870168,2.0,646,0.25077399380804954,0.4381919416216297,0.5,none,0.22776690145951217,0.03980596290005824,-0.06231035751147887,0.33705763118723775,0.08426073131955486,-0.0826610279307575,0.11432043143288739,0.01907790143084262,-0.03239115017579852
y_date_push,2,flash,naive,3,2613,1250,0.47837734404898585,0.5209830553202354,0.5586761555392517,0.25675052147250205,0.11246656508828877,80.69787054606789,0.06455829643685432,161.39574109213578,0.12911659287370864,0.5379858036404526,0.49917064792988447,2.1791044776119404,1284,0.23052959501557632,0.269548498796872,0.3121291380499958,none,0.0,0.0,0.0,0.10681791080265485,0.05151659287370863,-0.017796057213004812,-0.16802914334189467,-0.057283407126291375,0.043657651843879375
y_date_push,2,flash,rule,3,2613,1250,0.47837734404898585,0.4141651445175805,0.4168654438738078,0.27454657868550686,0.15458644408393304,32.0,0.0256,97.0,0.0776,0.21333333333333335,0.4049381511030583,2.5051546391752577,1284,0.23052959501557632,0.19704928614888656,0.14,none,-0.10681791080265485,-0.05151659287370863,0.017796057213004812,0.0,0.0,0.0,-0.2748470541445495,-0.10880000000000001,0.06145370905688419
y_date_push,2,flash,logreg,3,2613,1250,0.47837734404898585,0.68901219866213,0.7435779897285401,0.21309286962862267,0.08739206056955982,116.0,0.0928,233.0,0.1864,0.7733333333333333,0.7042798638344919,2.218884120171674,1284,0.23052959501557632,0.3842448775819089,0.49333333333333335,none,0.16802914334189467,0.057283407126291375,-0.043657651843879375,0.2748470541445495,0.10880000000000001,-0.06145370905688419,0.0,0.0,0.0
y_date_push,2,flash,lightgbm,3,2613,1250,0.47837734404898585,0.7712214071370769,0.7969121056493031,0.1880249929766111,0.06169227600860239,138.0,0.1104,258.0,0.2064,0.92,0.7779875797520432,2.1782945736434107,1284,0.23052959501557632,0.473294761861372,0.5933333333333334,none,0.2502383518168415,0.07728340712629136,-0.06872552849589095,0.35705626261949636,0.1288,-0.08652158570889576,0.08220920847494684,0.01999999999999999,-0.025067876652011573
y_cost_rev,2,val,naive,6,8410,303,0.03602853745541022,0.04417812278813084,0.5655775211171049,0.034789831513988144,0.009274415544656502,15.581925623798272,0.05142549710824512,31.163851247596543,0.10285099421649024,0.05193975207932757,0.040702333328971406,2.6363636363636362,4447,0.039577243085226,0.0484462211625682,0.062273882231697164,platt_k4,0.0,0.0,0.0,-0.021055332043624878,-0.05886517740067146,0.00039029251146024263,-0.039214875622235676,-0.12817210809374077,0.0002675028851689826
y_cost_rev,2,val,rule,6,8410,303,0.03602853745541022,0.06523345483175572,0.637525489319624,0.0343995390025279,0.0034197781680270177,30.0,0.09900990099009901,49.0,0.1617161716171617,0.1,0.06837364150019735,3.6530612244897958,4447,0.039577243085226,0.06655921407033348,0.10333333333333333,platt_k4,0.021055332043624878,0.05886517740067146,-0.00039029251146024263,0.0,0.0,0.0,-0.0181595435786108,-0.06930693069306931,-0.00012278962629126006
y_cost_rev,2,val,logreg,6,8410,303,0.03602853745541022,0.08339299841036651,0.7175362040953078,0.03452232862881916,0.017779848986172526,49.0,0.1617161716171617,70.0,0.23102310231023102,0.16333333333333333,0.11781393323909867,3.3857142857142857,4447,0.039577243085226,0.08485847456299209,0.12333333333333334,platt_k4,0.039214875622235676,0.12817210809374077,-0.0002675028851689826,0.0181595435786108,0.06930693069306931,0.00012278962629126006,0.0,0.0,0.0
y_cost_rev,2,val,lightgbm,6,8410,303,0.03602853745541022,0.10845925227429934,0.7292850044841661,0.03380554021383129,0.0071632381633767,49.0,0.1617161716171617,72.0,0.2376237623762376,0.16333333333333333,0.12921910690747435,3.2083333333333335,4447,0.039577243085226,0.11055463677455801,0.12666666666666668,platt_k4,0.0642811294861685,0.13477276815974737,-0.000984291300156856,0.04322579744254362,0.07590759075907591,-0.0005939987886966133,0.025066253863932825,0.006600660066006597,-0.0007167884149878734
y_cost_rev,2,test,naive,1,1641,72,0.043875685557586835,0.042170175418424875,0.47636498831527513,0.042044095026223575,0.005594585413171552,1.8867924528301887,0.02620545073375262,3.7735849056603774,0.05241090146750524,0.03773584905660377,0.042170175418424875,2.0,681,0.055800293685756244,0.0670314234198057,0.0824742268041237,platt_k4,0.0,0.0,0.0,-0.021736341319617054,-0.11425576519916142,1.9085875755761594e-05,-0.12371170378035706,-0.23925576519916145,0.000844092034933866
y_cost_rev,2,test,rule,1,1641,72,0.043875685557586835,0.06390651673804193,0.5686433326251682,0.042025009150467814,0.015015236274896763,1.0,0.013888888888888888,12.0,0.16666666666666666,0.02,0.06390651673804193,2.0,681,0.055800293685756244,0.08941570091597703,0.2,platt_k4,0.021736341319617054,0.11425576519916142,-1.9085875755761594e-05,0.0,0.0,0.0,-0.10197536246074002,-0.12500000000000003,0.0008250061591781044
y_cost_rev,2,test,logreg,1,1641,72,0.043875685557586835,0.16588187919878195,0.8495591671977906,0.04120000299128971,0.025654388271393488,10.0,0.1388888888888889,21.0,0.2916666666666667,0.2,0.16588187919878195,2.0,681,0.055800293685756244,0.19962663914235684,0.22,platt_k4,0.12371170378035706,0.23925576519916145,-0.000844092034933866,0.10197536246074002,0.12500000000000003,-0.0008250061591781044,0.0,0.0,0.0
y_cost_rev,2,test,lightgbm,1,1641,72,0.043875685557586835,0.18392162737617418,0.7931803696622053,0.039711621759224325,0.01022589836929106,15.0,0.20833333333333334,22.0,0.3055555555555556,0.3,0.18392162737617418,2.0,681,0.055800293685756244,0.27160283167291815,0.24,platt_k4,0.1417514519577493,0.2531446540880503,-0.0023324732669992507,0.12001511063813225,0.13888888888888892,-0.002313387391243489,0.018039748177392234,0.013888888888888895,-0.0014883812320653847
y_cost_rev,2,flash,naive,3,3617,119,0.03290019353055018,0.03610459107443502,0.556979738722247,0.03190187643892278,0.004708124924525506,5.464148492662776,0.045917214224056944,10.928296985325552,0.09183442844811389,0.03642765661775184,0.034026533909051804,2.9,1321,0.04617713853141559,0.059074884219493466,0.06344665000760571,platt_k4,0.0,0.0,0.0,-0.008282234743744905,-0.08463615978718024,-6.986424065359709e-06,-0.02721577978673763,-0.185476495921634,-0.001113674395482274
y_cost_rev,2,flash,rule,3,3617,119,0.03290019353055018,0.044386825818179924,0.5648834147724271,0.03190886286298814,0.004168125791688879,6.0,0.05042016806722689,21.0,0.17647058823529413,0.04,0.05248203459898326,3.0,1321,0.04617713853141559,0.062251156667046684,0.12666666666666668,platt_k4,0.008282234743744905,0.08463615978718024,6.986424065359709e-06,0.0,0.0,0.0,-0.018933545042992724,-0.10084033613445378,-0.0011066879714169142
y_cost_rev,2,flash,logreg,3,3617,119,0.03290019353055018,0.06332037086117265,0.6745583310511168,0.03301555083440506,0.013189583805950766,17.0,0.14285714285714285,33.0,0.2773109243697479,0.11333333333333333,0.11391501625857982,3.0606060606060606,1321,0.04617713853141559,0.06643149682986142,0.11333333333333333,platt_k4,0.02721577978673763,0.185476495921634,0.001113674395482274,0.018933545042992724,0.10084033613445378,0.0011066879714169142,0.0,0.0,0.0
y_cost_rev,2,flash,lightgbm,3,3617,119,0.03290019353055018,0.09947443540667818,0.7423353560978423,0.030869149377966004,0.004612562712452704,22.0,0.18487394957983194,34.0,0.2857142857142857,0.14666666666666667,0.1291624307655763,2.8823529411764706,1321,0.04617713853141559,0.13115100784600114,0.12,platt_k4,0.06336984433224316,0.1938798572661718,-0.0010327270609567785,0.05508760958849825,0.10924369747899157,-0.0010397134850221382,0.03615406454550553,0.008403361344537785,-0.0021464014564390524
y_any,4,val,naive,6,7163,4347,0.6068686304620969,0.6699636953003258,0.5642806330646005,0.2318572527832168,0.02357410764728871,234.66402385779907,0.05398298225392203,469.32804771559813,0.10796596450784406,0.7822134128593302,0.6589922705106511,5.332603938730854,3350,0.34686567164179105,0.39794656277463825,0.537995066054529,none,0.0,0.0,0.0,0.032979896934075104,0.017558787144144952,-0.007826225048231689,-0.13641927593100367,-0.00843615189427234,0.04360824152211154
y_any,4,val,rule,6,7163,4347,0.6068686304620969,0.6369837983662507,0.5341118221553004,0.2396834778314485,0.03489968384314419,191.0,0.04393834828617437,393.0,0.0904071773636991,0.6366666666666667,0.6520319049265583,6.038167938931298,3350,0.34686567164179105,0.4300592026954871,0.5166666666666667,none,-0.032979896934075104,-0.017558787144144952,0.007826225048231689,0.0,0.0,0.0,-0.16939917286507877,-0.025994939038417292,0.05143446657034323
y_any,4,val,logreg,6,7163,4347,0.6068686304620969,0.8063829712313295,0.7791994576980991,0.18824901126110527,0.06647549829278387,235.0,0.0540602714515758,506.0,0.1164021164021164,0.7833333333333333,0.8229295233220292,5.221343873517786,3350,0.34686567164179105,0.5202727089436815,0.63,none,0.13641927593100367,0.00843615189427234,-0.04360824152211154,0.16939917286507877,0.025994939038417292,-0.05143446657034323,0.0,0.0,0.0
y_any,4,val,lightgbm,6,7163,4347,0.6068686304620969,0.8689811846524222,0.8354196157355125,0.16907442204484266,0.09536379628612958,281.0,0.06464228203358638,563.0,0.12951460777547735,0.9366666666666666,0.8842535392268847,4.646536412078153,3350,0.34686567164179105,0.5824216902283265,0.73,none,0.1990174893520964,0.021548643267633297,-0.06278283073837415,0.2319973862861715,0.03910743041177825,-0.07060905578660584,0.06259821342109273,0.013112491373360957,-0.01917458921626261
y_any,4,test,naive,1,1476,754,0.510840108401084,0.5793157245339886,0.6036521745519741,0.24808631143665633,0.09723203224701141,33.763440860215056,0.04477909928410485,67.52688172043011,0.0895581985682097,0.6752688172043011,0.5793157245339886,4.0,596,0.2953020134228188,0.33178689982523446,0.423728813559322,none,0.0,0.0,0.0,0.0386486891962482,0.015287641539031976,-0.00497033501997729,-0.03028056524212619,0.021918941273779982,-0.0003694581213402326
y_any,4,test,rule,1,1476,754,0.510840108401084,0.5406670353377404,0.5277568572415262,0.2530566464566336,0.06301737167968768,26.0,0.034482758620689655,56.0,0.07427055702917772,0.52,0.5406670353377404,4.0,596,0.2953020134228188,0.37618477953840324,0.42,none,-0.0386486891962482,-0.015287641539031976,0.00497033501997729,0.0,0.0,0.0,-0.06892925443837439,0.006631299734748006,0.004600876898637057
y_any,4,test,logreg,1,1476,754,0.510840108401084,0.6095962897761148,0.6847487453801333,0.24845576955799656,0.16128959455850342,17.0,0.022546419098143235,51.0,0.06763925729442971,0.34,0.6095962897761148,4.0,596,0.2953020134228188,0.4991066630943986,0.54,none,0.03028056524212619,-0.021918941273779982,0.0003694581213402326,0.06892925443837439,-0.006631299734748006,-0.004600876898637057,0.0,0.0,0.0
y_any,4,test,lightgbm,1,1476,754,0.510840108401084,0.7531482149343538,0.7807721698494456,0.21253626367404407,0.1440358002824274,40.0,0.05305039787798409,82.0,0.10875331564986737,0.8,0.7531482149343538,4.0,596,0.2953020134228188,0.5638289791258879,0.72,none,0.1738324904003652,0.01919511708165768,-0.03555004776261225,0.2124811795966134,0.034482758620689655,-0.04052038278258954,0.143551925158239,0.04111405835543766,-0.035919505883952485
y_any,4,flash,naive,1,335,210,0.6268656716417911,0.606556229839812,0.45219047619047625,0.24885790652306716,0.12916323574381267,28.46153846153846,0.13553113553113552,56.92307692307692,0.27106227106227104,0.5692307692307692,0.606556229839812,4.0,123,0.3170731707317073,0.28817406040065363,0.24193548387096775,none,0.0,0.0,0.0,0.02815888232672048,-0.014652014652014655,0.006078708407546096,-0.194818802054611,-0.11941391941391943,0.046136317365244234
y_any,4,flash,rule,1,335,210,0.6268656716417911,0.5783973475130915,0.4307238095238095,0.24277919811552107,0.08211147152390622,25.0,0.11904761904761904,60.0,0.2857142857142857,0.5,0.5783973475130915,4.0,123,0.3170731707317073,0.406264777804885,0.36,none,-0.02815888232672048,0.014652014652014655,-0.006078708407546096,0.0,0.0,0.0,-0.22297768438133148,-0.10476190476190478,0.04005760895769814
y_any,4,flash,logreg,1,335,210,0.6268656716417911,0.8013750318944229,0.7279238095238094,0.20272158915782293,0.07858070270979814,46.0,0.21904761904761905,82.0,0.3904761904761905,0.92,0.8013750318944229,4.0,123,0.3170731707317073,0.34235989730243177,0.3,none,0.194818802054611,0.11941391941391943,-0.046136317365244234,0.22297768438133148,0.10476190476190478,-0.04005760895769814,0.0,0.0,0.0
y_any,4,flash,lightgbm,1,335,210,0.6268656716417911,0.871906670375684,0.808,0.1737767752152923,0.07824621578133889,47.0,0.22380952380952382,88.0,0.41904761904761906,0.94,0.871906670375684,4.0,123,0.3170731707317073,0.4320894314583308,0.38,none,0.2653504405358721,0.14798534798534801,-0.07508113130777486,0.29350932286259257,0.13333333333333336,-0.06900242290022876,0.0705316384812611,0.02857142857142858,-0.028944813942530623
