report_type,report_period,fiscal_year,quarter,n_projects,cost_original_cr,cost_latest_cr,cost_overrun_cr,n_cost_overrun,n_with_doc,n_delayed,avg_delay_months_delayed,expenditure_cum_cr,financial_progress_pct,avg_physical_progress_pct,n_completed,n_newly_added,n_dropped,stated_total_projects,n_projects_diff,printed_sector_table_total,source_files,report_flags
monthly_flash,2005-05,2005-06,,312,203356.95,242880.05,39523.1,125,212,139,28.0,100856.8,43.99,,7,2,0,312,0,312,Project Monitoring/monthly/2005-06/MonthlyFR_may_2005.pdf,
monthly_flash,2005-06,2005-06,,313,202335.64,241662.06,39326.42,123,211,137,28.44,100742.84,43.71,,8,9,0,313,0,313,Project Monitoring/monthly/2005-06/MonthlyFR_june_2005.pdf,
monthly_flash,2005-07,2005-06,,346,210260.93,252399.7,42138.77,124,236,149,24.77,101676.1,43.13,,6,39,0,346,0,346,Project Monitoring/monthly/2005-06/MonthlyFR_july_2005.pdf,
monthly_flash,2005-08,2005-06,,341,216951.82,258182.97,41231.15,121,233,147,26.02,101162.01,41.54,,7,2,0,341,0,341,Project Monitoring/monthly/2005-06/MonthlyFR_aug_2005.pdf,
monthly_flash,2005-09,2005-06,,349,224907.59,266852.53,41944.94,120,228,136,29.86,101047.95,40.58,,5,14,1,349,0,349,Project Monitoring/monthly/2005-06/MonthlyFR_sep_2005.pdf,
monthly_flash,2005-10,2005-06,,356,232837.85,276302.56,43464.71,118,239,137,29.58,101901.79,39.94,,4,11,0,356,0,356,Project Monitoring/monthly/2005-06/MonthlyFR_oct_2005.pdf,
monthly_flash,2005-11,2005-06,,392,254904.75,299736.85,44832.1,117,274,137,30.55,100923.37,39.83,,6,42,0,392,0,392,Project Monitoring/monthly/2005-06/MonthlyFR_nov_2005.pdf,
monthly_flash,2005-12,2005-06,,389,256201.28,301949.36,45748.08,119,278,139,30.5,101196.68,36.44,,7,4,0,389,0,389,Project Monitoring/monthly/2005-06/MonthlyFR_dec_2005.pdf,
monthly_flash,2006-01,2005-06,,383,254620.0,300631.28,46011.28,120,271,137,30.57,103571.02,36.17,,4,0,2,383,0,383,Project Monitoring/monthly/2005-06/MonthlyFR_jan_2006.pdf,
monthly_flash,2006-02,2005-06,,389,258587.25,304989.13,46401.88,121,275,139,30.03,106278.55,36.1,,1,7,0,389,0,389,Project Monitoring/monthly/2005-06/MonthlyFR_feb_2006.pdf,
monthly_flash,2006-03,2005-06,,396,260464.71,308055.46,47590.75,123,274,138,29.78,113283.33,38.51,,6,13,0,396,0,396,Project Monitoring/monthly/2005-06/MonthlyFR_mar_2006.pdf,
monthly_flash,2006-04,2006-07,,396,260464.71,308055.46,47590.75,123,274,138,29.78,113283.33,38.51,,2,4,1,397,-1,397,Project Monitoring/monthly/2006-07/MonthlyFR_apr_2006.pdf,report_partial;stale_repeat_of:2006-03
monthly_flash,2006-05,2006-07,,426,289144.64,336954.96,47810.32,127,311,146,28.87,119835.93,38.32,,1,30,0,426,0,426,Project Monitoring/monthly/2006-07/MonthlyFR_may_2006.pdf,
monthly_flash,2006-06,2006-07,,451,298839.06,347263.14,48424.08,129,336,140,28.64,121824.38,37.03,,6,32,1,451,0,451,Project Monitoring/monthly/2006-07/MonthlyFR_june_2006.pdf,
monthly_flash,2006-07,2006-07,,464,300018.99,349747.0,49728.01,136,350,148,29.86,123577.04,37.18,,1,14,0,464,0,464,Project Monitoring/monthly/2006-07/MonthlyFR_july_2006.pdf,
monthly_flash,2006-08,2006-07,,471,299351.12,343655.19,44304.07,140,356,159,27.88,114392.24,35.22,,7,14,0,471,0,471,Project Monitoring/monthly/2006-07/MonthlyFR_aug_2006.pdf,
monthly_flash,2006-09,2006-07,,475,299855.71,344525.29,44669.58,143,359,162,27.84,119014.7,35.75,,1,5,0,475,0,475,Project Monitoring/monthly/2006-07/MonthlyFR_sep_2006.pdf,
monthly_flash,2006-10,2006-07,,475,299604.74,345467.74,45863.0,145,362,163,28.76,120732.39,36.11,,3,3,0,475,0,475,Project Monitoring/monthly/2006-07/MonthlyFR_oct_2006.pdf,
monthly_flash,2006-11,2006-07,,480,298473.08,339892.69,41419.61,147,371,165,28.79,113658.87,34.65,,1,7,1,480,0,480,Project Monitoring/monthly/2006-07/MonthlyFR_nov_2006.pdf,
monthly_flash,2006-12,2006-07,,483,299659.26,343901.16,44241.9,148,376,177,28.36,116728.43,35.22,,2,5,0,483,0,483,Project Monitoring/monthly/2006-07/MonthlyFR_dec_2006.pdf,
monthly_flash,2007-01,2006-07,,480,298731.78,344045.71,45313.93,156,369,170,28.67,121130.35,36.28,,3,0,0,480,0,480,Project Monitoring/monthly/2006-07/MonthlyFR_jan_2007.pdf,
monthly_flash,2007-02,2006-07,,488,321584.13,364902.68,43318.55,167,377,171,28.89,125193.03,35.81,,2,10,0,488,0,488,Project Monitoring/monthly/2006-07/MonthlyFR_feb_2007.pdf,
monthly_flash,2007-03,2006-07,,490,319623.48,359367.57,39744.09,165,372,167,26.19,118430.94,34.42,,6,8,0,490,0,490,Project Monitoring/monthly/2006-07/MonthlyFR_mar_2007.pdf,
monthly_flash,2007-04,2007-08,,503,327301.49,366272.4,38970.91,165,385,172,26.81,120180.21,34.3,,2,15,0,503,0,503,Project Monitoring/monthly/2007-08/MonthlyFR_april_2007.pdf,
monthly_flash,2007-05,2007-08,,497,329089.0,367962.16,38873.16,162,384,173,26.96,122918.86,34.56,,12,6,0,497,0,497,Project Monitoring/monthly/2007-08/FR_MAY_2007.pdf,
monthly_flash,2007-06,2007-08,,492,327381.88,365467.58,38085.7,162,380,176,27.08,125122.68,34.98,,4,0,1,492,0,492,Project Monitoring/monthly/2007-08/MonthlyFR_june_2007.pdf,
monthly_flash,2007-07,2007-08,,496,323774.08,363523.64,39749.56,160,381,213,22.69,121380.94,34.05,,5,9,0,496,0,496,Project Monitoring/monthly/2007-08/MonthlyFR_july_2007.pdf,
monthly_flash,2007-08,2007-08,,495,325498.84,362969.01,37470.17,159,377,211,22.26,123868.67,35.01,,2,1,0,495,0,495,Project Monitoring/monthly/2007-08/MonthlyFR_aug_2007.pdf,
monthly_flash,2007-09,2007-08,,0,,,,0,0,0,,,,,2,10,0,503,-503,392,Project Monitoring/monthly/2007-08/MonthlyFR_sep_2007.pdf,report_partial;report_truncated
monthly_flash,2007-10,2007-08,,514,339665.14,376602.59,36937.45,159,401,219,22.84,129518.32,36.27,,5,16,0,514,0,514,Project Monitoring/monthly/2007-08/FR_OCT_2007.pdf,
monthly_flash,2007-11,2007-08,,519,339727.14,379260.18,39533.04,170,390,204,23.61,132746.9,36.47,,7,12,0,519,0,519,Project Monitoring/monthly/2007-08/MonthlyFR_nov_2007.pdf,
monthly_flash,2007-12,2007-08,,513,343031.45,383049.97,40018.52,167,403,218,22.93,134676.91,36.69,,10,4,0,513,0,513,Project Monitoring/monthly/2007-08/MonthlyFR_dec_2007.pdf,
monthly_flash,2008-01,2007-08,,513,348832.58,388856.92,40024.34,167,396,219,23.68,138819.75,37.72,,1,3,2,513,0,513,Project Monitoring/monthly/2007-08/MonthlyFR_jan_2008.pdf,
monthly_flash,2008-02,2007-08,,515,350324.09,390639.85,40315.76,167,393,236,23.44,142678.97,38.58,,0,3,0,515,0,515,Project Monitoring/monthly/2007-08/MonthlyFR_feb_2008.pdf,
monthly_flash,2008-03,2007-08,,515,343163.92,384069.53,40905.61,178,399,246,24.31,143272.01,39.43,,11,11,0,515,0,515,Project Monitoring/monthly/2007-08/MonthlyFR_mar_2008.pdf,
monthly_flash,2008-04,2008-09,,519,344119.61,390230.67,46111.06,178,408,249,24.27,148087.43,40.06,,6,10,0,519,0,519,Project Monitoring/monthly/2008-09/MonthlyFR_april_2008.pdf,
monthly_flash,2008-05,2008-09,,512,342443.86,387149.5,44705.64,174,401,240,23.99,147994.61,40.16,,9,3,1,512,0,512,Project Monitoring/monthly/2008-09/MonthlyFR_may_2008.pdf,
monthly_flash,2008-06,2008-09,,524,346246.68,393284.99,47038.31,179,410,242,24.17,154820.22,41.31,,0,12,0,524,0,524,Project Monitoring/monthly/2008-09/MonthlyFR_june_2008.pdf,
monthly_flash,2008-07,2008-09,,524,346246.68,393284.99,47038.31,179,410,242,24.17,154820.22,41.31,,4,3,0,522,2,522,Project Monitoring/monthly/2008-09/MonthlyFR_july_2008.pdf,report_partial;stale_repeat_of:2008-06
monthly_flash,2008-08,2008-09,,528,366630.38,414562.82,47932.44,181,402,233,23.19,160243.25,39.68,,3,9,0,528,0,528,Project Monitoring/monthly/2008-09/MonthlyFR_aug_2008.pdf,
monthly_flash,2008-09,2008-09,,521,365094.48,415700.3,50605.82,180,397,232,23.92,164214.55,40.53,,6,0,0,521,0,521,Project Monitoring/monthly/2008-09/MonthlyFR_sep_2008.pdf,
monthly_flash,2008-10,2008-09,,529,388954.2,439792.64,50838.44,177,403,227,24.09,167812.92,39.06,,5,14,0,529,0,529,Project Monitoring/monthly/2008-09/MonthlyFR_oct_2008.pdf,
monthly_flash,2008-11,2008-09,,531,395476.44,446295.35,50818.91,179,396,222,23.97,173458.36,39.8,,2,4,0,531,0,531,Project Monitoring/monthly/2008-09/MonthlyFR_nov_2008.pdf,
monthly_flash,2008-12,2008-09,,535,408462.27,461492.64,53030.37,179,405,229,24.59,181503.7,41.04,,10,14,0,535,0,535,Project Monitoring/monthly/2008-09/MonthlyFR_dec_2008.pdf,
monthly_flash,2009-02,2008-09,,553,431019.55,488491.1,57471.55,189,440,274,24.4,191535.24,40.21,,5,4,0,553,0,553,Project Monitoring/monthly/2008-09/FLR_FEB_2009.pdf,
monthly_flash,2009-03,2008-09,,552,460087.53,523152.51,63064.98,191,440,284,26.06,203451.5,39.84,,10,9,0,552,0,552,Project Monitoring/monthly/2008-09/FR_MAR_2009.pdf,
monthly_flash,2009-04,2009-10,,583,496084.7,559384.52,63299.82,192,464,294,24.96,214556.1,39.44,,1,32,0,583,0,583,Project Monitoring/monthly/2009-10/FLR_APR_2009.pdf,
monthly_flash,2009-05,2009-10,,591,509690.65,574429.67,64739.02,195,485,318,25.47,223058.19,40.52,,11,19,0,591,0,591,Project Monitoring/monthly/2009-10/FLR_MAY_2009.pdf,
monthly_flash,2009-06,2009-10,,591,517222.24,580070.2,62847.96,191,486,325,27.09,227430.87,41.06,,8,8,0,591,0,591,Project Monitoring/monthly/2009-10/FR_JUNE_2009.pdf,
monthly_flash,2009-07,2009-10,,602,535992.09,600414.1,64422.01,193,495,336,26.78,227016.24,41.4,,5,16,0,602,0,602,Project Monitoring/monthly/2009-10/FR_JULY_2009.pdf,
monthly_flash,2009-08,2009-10,,598,535039.58,598366.05,63326.47,195,490,334,27.04,231494.27,42.28,,6,2,0,598,0,598,Project Monitoring/monthly/2009-10/FR_AUG_2009.pdf,
monthly_flash,2009-09,2009-10,,591,530883.81,596043.28,65159.47,197,481,327,27.79,237717.02,41.74,,9,2,0,591,0,591,Project Monitoring/monthly/2009-10/FR_SEP_2009.pdf,
monthly_flash,2009-10,2009-10,,591,530249.67,596302.41,66052.74,194,485,333,28.09,240955.15,42.32,,4,4,0,591,0,591,Project Monitoring/monthly/2009-10/FR_OCT_2009.pdf,
monthly_flash,2009-11,2009-10,,589,541010.75,606801.65,65790.9,194,484,338,28.28,233342.75,39.8,,4,2,0,589,0,589,Project Monitoring/monthly/2009-10/FR_NOV_2009.pdf,
monthly_flash,2009-12,2009-10,,597,547579.61,621811.96,74232.35,202,492,347,28.27,239577.46,41.17,,2,10,0,597,0,597,Project Monitoring/monthly/2009-10/FR_DEC_2009.pdf,
monthly_flash,2010-01,2009-10,,620,568148.56,650395.25,82246.69,205,506,355,28.17,253091.44,42.88,,2,25,0,620,0,620,Project Monitoring/monthly/2009-10/FR_JAN_2010.pdf,
monthly_flash,2010-02,2009-10,,618,566811.15,652941.56,85852.25,208,504,359,28.42,265596.2,43.76,,2,0,0,618,0,618,Project Monitoring/monthly/2009-10/FR_FEB_2010.pdf,
monthly_flash,2010-03,2009-10,,631,570113.1,651207.44,80816.18,205,507,370,29.54,273582.18,44.65,,12,27,0,631,0,631,Project Monitoring/monthly/2009-10/FR_MARCH_2010.pdf,
monthly_flash,2010-04,2010-11,,578,589880.37,671320.22,81161.69,189,466,323,29.59,266362.34,43.93,,0,22,0,578,0,578,Project Monitoring/monthly/2010-11/fr_Apr_2010.pdf,
monthly_flash,2010-05,2010-11,,578,590206.96,683427.4,92942.28,195,451,327,30.0,300335.32,46.99,,1,1,0,578,0,578,Project Monitoring/monthly/2010-11/FR_May_2010.pdf,
monthly_flash,2010-06,2010-11,,594,592397.87,696818.59,104420.72,201,462,339,29.5,290436.56,44.59,,6,21,0,594,0,594,Project Monitoring/monthly/2010-11/FR_june_2010.pdf,
monthly_flash,2010-07,2010-11,,597,609603.35,731525.23,121921.88,207,441,323,29.73,292193.35,44.56,,7,7,0,597,0,597,Project Monitoring/monthly/2010-11/FR_JULY_2010.pdf,
monthly_flash,2010-08,2010-11,,606,617518.65,742152.22,124633.57,206,444,325,29.17,312096.23,44.91,,7,9,0,606,0,606,Project Monitoring/monthly/2010-11/fr_Aug_2010.pdf,
monthly_flash,2010-09,2010-11,,553,569479.67,691003.22,121523.55,190,430,305,29.73,285920.13,44.52,,49,5,2,553,0,553,Project Monitoring/monthly/2010-11/fr_sept_2010.pdf,
monthly_flash,2010-10,2010-11,,559,578217.92,698067.04,119849.12,190,442,308,30.85,300519.72,45.11,,58,12,1,559,0,559,Project Monitoring/monthly/2010-11/FR_OCT_2010.pdf,
monthly_flash,2010-11,2010-11,,572,592196.97,714501.64,122304.67,196,451,307,31.39,304331.57,45.44,,70,20,2,572,0,572,Project Monitoring/monthly/2010-11/FR_NOV_2010.pdf,
monthly_flash,2010-12,2010-11,,567,592535.3,716353.74,123818.44,197,447,312,31.84,310965.82,46.12,,78,2,2,567,0,567,Project Monitoring/monthly/2010-11/FR_Dec_2010.pdf,
monthly_flash,2011-01,2010-11,,563,588252.31,709713.17,121460.86,196,447,313,31.63,309117.75,46.55,,96,7,2,563,0,563,Project Monitoring/monthly/2010-11/FR_JAN_2011.pdf,
monthly_flash,2011-02,2010-11,,565,604245.71,726336.99,122091.28,195,448,311,31.99,313088.62,46.7,,102,5,2,565,0,565,Project Monitoring/monthly/2010-11/FR_FEB_2011.pdf,
monthly_flash,2011-03,2010-11,,562,613026.37,733653.52,120627.15,184,464,303,32.39,321943.8,46.62,,119,16,0,562,0,562,Project Monitoring/monthly/2010-11/FR_MARCH_2011.pdf,
monthly_flash,2011-04,2011-12,,560,603783.35,728399.46,124616.11,186,455,306,32.08,321667.26,48.09,,7,0,0,560,0,560,Project Monitoring/monthly/2011-12/FR_APR_2011.pdf,
monthly_flash,2011-05,2011-12,,567,632243.96,758171.9,125927.94,184,452,299,32.86,332247.24,46.67,,15,15,1,567,0,567,Project Monitoring/monthly/2011-12/FR_MAY_2011.pdf,
monthly_flash,2011-06,2011-12,,563,626925.56,752140.93,125215.37,184,450,301,33.1,336176.4,48.34,,23,1,1,563,0,563,Project Monitoring/monthly/2011-12/FR_JUNE_2011.pdf,
monthly_flash,2011-07,2011-12,,558,630041.22,755975.99,125934.77,184,431,283,33.87,332554.55,48.32,,30,3,1,558,0,558,Project Monitoring/monthly/2011-12/FR_JULY_2011.pdf,
monthly_flash,2011-08,2011-12,,553,614127.75,733611.82,119484.07,183,426,285,33.77,319374.21,47.59,,36,0,2,553,0,553,Project Monitoring/monthly/2011-12/FR_AUG_2011.pdf,
monthly_flash,2011-09,2011-12,,566,667074.68,787393.95,120319.27,187,437,280,34.0,327255.18,47.19,,40,17,2,566,0,566,Project Monitoring/monthly/2011-12/FR_SEP_2011.pdf,
monthly_flash,2011-10,2011-12,,583,712811.99,821664.74,108852.75,185,460,282,34.14,344360.76,46.64,,40,16,1,583,0,583,Project Monitoring/monthly/2011-12/FR_OCT_2011.pdf,
monthly_flash,2011-11,2011-12,,582,712007.92,821529.93,109522.01,184,462,283,34.36,348301.14,47.01,,43,3,1,582,0,582,Project Monitoring/monthly/2011-12/FR_NOV_2011.pdf,
monthly_flash,2011-12,2011-12,,561,716175.48,836734.26,120558.78,191,451,272,37.26,350107.85,45.28,,69,6,1,561,0,561,Project Monitoring/monthly/2011-12/FR_DEC_2011.pdf,
monthly_flash,2012-01,2011-12,,555,713744.45,834456.4,120711.95,190,430,265,37.55,363343.03,47.47,,78,3,2,555,0,555,Project Monitoring/monthly/2011-12/FR_JAN_2012.pdf,
monthly_flash,2012-02,2011-12,,566,726749.77,845950.57,119200.8,187,441,277,36.43,372525.94,47.21,,82,12,2,566,0,566,Project Monitoring/monthly/2011-12/FR_FEB_2012.pdf,
monthly_flash,2012-03,2011-12,,554,724460.43,844195.74,119735.31,186,489,290,35.63,377551.83,48.26,,95,4,4,554,0,554,Project Monitoring/monthly/2011-12/FR_MARCH_2012.pdf,
monthly_flash,2012-04,2012-13,,571,733514.85,876715.9,143201.05,195,489,291,35.78,392606.54,47.35,,8,25,0,571,0,571,Project Monitoring/monthly/2012-13/FR_APR_2012.pdf,
monthly_flash,2012-05,2012-13,,564,732115.53,875158.5,143042.97,192,434,284,36.61,396282.7,47.56,,18,3,0,564,0,564,Project Monitoring/monthly/2012-13/FR_MAY_2012.pdf,
monthly_flash,2012-06,2012-13,,555,723971.96,867266.9,143294.94,191,479,302,35.41,391541.42,48.45,,26,1,0,555,0,555,Project Monitoring/monthly/2012-13/FR_JUNE_2012.pdf,
monthly_flash,2012-07,2012-13,,558,756601.56,900402.69,143801.13,190,479,294,36.04,407443.78,47.24,,28,6,0,558,0,558,Project Monitoring/monthly/2012-13/FR_JULY_2012.pdf,
monthly_flash,2012-08,2012-13,,560,765702.99,883467.92,117764.93,186,484,299,35.9,412178.56,48.57,,33,9,0,560,0,560,Project Monitoring/monthly/2012-13/FR_AUGUST_2012.pdf,
monthly_flash,2012-09,2012-13,,566,790572.38,923296.84,132724.46,184,487,299,35.3,420233.37,47.76,,36,7,0,566,0,566,Project Monitoring/monthly/2012-13/FR_SEPTEMBER_2012.pdf,
monthly_flash,2012-10,2012-13,,563,790096.46,923916.38,133819.92,185,485,301,35.33,425125.55,48.13,,38,0,0,563,0,563,Project Monitoring/monthly/2012-13/FR_OCTOBER_2012.pdf,
monthly_flash,2012-11,2012-13,,566,793285.1,933569.56,140284.46,188,486,299,35.62,433732.24,48.26,,39,5,0,566,0,566,Project Monitoring/monthly/2012-13/FR_NOV_2012.pdf,
monthly_flash,2012-12,2012-13,,566,785633.54,927454.45,141820.91,186,483,302,36.72,434009.6,48.59,,48,11,0,566,0,566,Project Monitoring/monthly/2012-13/FR_DEC_2012.pdf,
monthly_flash,2013-01,2012-13,,571,798960.65,940983.81,142023.16,187,486,314,37.5,440674.08,48.66,,52,6,0,571,0,571,Project Monitoring/monthly/2012-13/FR_JAn_2013_new.pdf,
monthly_flash,2013-02,2012-13,,564,790030.49,933387.35,143356.86,185,475,314,37.56,440593.12,50.77,,61,2,0,564,0,564,Project Monitoring/monthly/2012-13/FR_FEB_2013.pdf,
monthly_flash,2013-03,2012-13,,558,789713.63,929738.1,140024.47,183,484,318,37.54,447761.07,49.71,,73,9,2,558,0,558,Project Monitoring/monthly/2012-13/FR_MAR_2013.pdf,
monthly_flash,2013-04,2013-14,,566,798047.83,943167.88,145120.05,187,480,318,37.43,456277.05,50.05,,3,11,0,566,0,566,Project Monitoring/monthly/2013-14/FR_APR_2013.pdf,
monthly_flash,2013-05,2013-14,,569,797194.85,946877.84,149682.99,196,484,323,37.47,447272.38,48.94,,4,5,0,569,0,569,Project Monitoring/monthly/2013-14/FR_MAY_2013.pdf,
monthly_flash,2013-06,2013-14,,573,798677.21,957383.14,158705.93,198,489,331,37.16,472210.5,50.83,,2,2,0,573,0,573,Project Monitoring/monthly/2013-14/FR_JUN_2013.pdf,
monthly_flash,2013-07,2013-14,,694,883001.1,1050646.51,167645.41,223,506,339,36.86,490011.19,49.34,,3,125,0,694,0,694,Project Monitoring/monthly/2013-14/FR_July_2013.pdf,
monthly_flash,2013-08,2013-14,,741,912567.98,1087065.02,174497.04,228,510,348,36.6,503192.4,49.17,,4,51,0,741,0,741,Project Monitoring/monthly/2013-14/FR_Aug_2013.pdf,
monthly_flash,2013-09,2013-14,,738,904955.28,1078958.46,174003.18,232,508,347,37.48,505233.32,49.5,,3,1,0,738,0,738,Project Monitoring/monthly/2013-14/FR_Sep_2013.pdf,
monthly_flash,2013-10,2013-14,,739,908391.61,1087044.2,178652.59,232,508,346,38.02,511194.29,49.91,,5,9,0,739,0,739,Project Monitoring/monthly/2013-14/FR_Oct_2013.pdf,
monthly_flash,2013-11,2013-14,,739,908630.65,1086548.43,177917.78,238,435,275,40.46,520290.58,50.71,,1,1,0,739,0,739,Project Monitoring/monthly/2013-14/FR_Nov_2013.pdf,
monthly_flash,2013-12,2013-14,,741,912557.61,1092632.33,180074.72,242,430,276,40.66,516627.39,50.62,,5,6,0,741,0,741,Project Monitoring/monthly/2013-14/FR_Dec_2013.pdf,
monthly_flash,2014-01,2013-14,,722,900150.2,1080739.25,180589.05,239,432,278,38.72,513988.97,51.39,,23,5,0,722,0,722,Project Monitoring/monthly/2013-14/FR_jan_2014.pdf,
monthly_flash,2014-02,2013-14,,721,925244.26,1112769.16,187524.9,238,425,268,40.4,513323.99,51.29,,2,2,0,721,0,721,Project Monitoring/monthly/2013-14/FR_feb_2014.pdf,
monthly_flash,2014-03,2013-14,,710,924307.04,1103914.08,179607.04,232,414,258,39.95,501798.71,52.1,,14,2,0,710,0,710,Project Monitoring/monthly/2013-14/FR_mar_2014.pdf,
monthly_flash,2014-04,2014-15,,727,945396.6,1134330.13,188933.53,235,492,330,37.04,564250.65,53.32,,0,17,0,727,0,727,Project Monitoring/monthly/2014-15/FR_APR_2014.pdf,
monthly_flash,2014-05,2014-15,,735,957390.48,1140912.47,183521.99,232,486,332,38.19,570976.01,54.19,,2,13,0,735,0,735,Project Monitoring/monthly/2014-15/FR_may_2014.pdf,
monthly_flash,2014-06,2014-15,,729,935003.47,1108382.7,173379.23,214,481,335,38.01,546208.61,53.68,,9,4,0,729,0,729,Project Monitoring/monthly/2014-15/FR_june_2014.pdf,
monthly_flash,2014-07,2014-15,,720,931126.2,1103410.24,172284.04,208,479,335,37.71,543237.95,53.72,,12,7,0,720,0,720,Project Monitoring/monthly/2014-15/FR_jul_2014.pdf,
monthly_flash,2014-08,2014-15,,720,927317.65,1104729.32,177411.67,212,463,323,38.57,546379.88,53.71,,3,2,0,720,0,720,Project Monitoring/monthly/2014-15/FR_aug_2014.pdf,
monthly_flash,2014-09,2014-15,,750,947912.88,1125673.75,177760.87,215,488,343,38.5,523833.51,53.96,,2,32,0,750,0,750,Project Monitoring/monthly/2014-15/FR_sep_2014.pdf,
monthly_flash,2014-10,2014-15,,747,948878.66,1135772.72,186894.06,212,489,348,38.28,561879.82,53.58,,5,3,0,748,-1,747,Project Monitoring/monthly/2014-15/FR_oct_2014.pdf,
monthly_flash,2014-11,2014-15,,731,939753.89,1149063.01,209309.12,227,477,342,38.98,557015.12,52.3,,14,2,1,731,0,731,Project Monitoring/monthly/2014-15/FR_nov_2014.pdf,
monthly_flash,2014-12,2014-15,,738,977589.16,1184766.43,207177.27,224,481,331,40.07,514200.53,47.72,,12,17,1,738,0,738,Project Monitoring/monthly/2014-15/FR_dec_2014.pdf,
monthly_flash,2015-01,2014-15,,745,1030625.7,1234992.39,204366.69,229,484,336,40.01,535408.6,49.24,,3,12,0,745,0,745,Project Monitoring/monthly/2014-15/FR_jan_2015.pdf,
monthly_flash,2015-02,2014-15,,750,1035120.22,1247719.56,212599.34,227,488,342,40.22,548001.3,49.18,,3,9,0,750,0,750,Project Monitoring/monthly/2014-15/FR_feb_2015.pdf,
monthly_flash,2015-03,2014-15,,751,1028235.95,1234208.57,205972.62,226,488,347,40.34,544538.11,50.39,,7,5,0,751,0,751,Project Monitoring/monthly/2014-15/FR_march_2015.pdf,
monthly_flash,2015-04,2015-16,,758,1069127.84,1278256.35,209128.51,231,491,351,42.26,546232.97,50.07,,2,0,0,758,0,758,Project Monitoring/monthly/2015-16/FR_APRil_2015.pdf,
monthly_flash,2015-05,2015-16,,766,1068206.97,1273650.02,205443.05,229,412,268,43.3,485680.02,47.54,,6,22,6,766,0,766,Project Monitoring/monthly/2015-16/FR_may_2015.pdf,source_railways_data_as_of:2015-01
monthly_flash,2015-06,2015-16,,770,1067193.26,1275501.5,208308.24,229,489,342,41.53,557866.01,50.0,,6,7,2,770,0,770,Project Monitoring/monthly/2015-16/FR_jun_2015.pdf,source_railways_data_as_of:2015-01
monthly_flash,2015-07,2015-16,,767,1055580.91,1262000.07,206419.16,224,417,268,43.15,499450.58,48.62,,3,2,0,767,0,767,Project Monitoring/monthly/2015-16/FR_july_2015.pdf,source_railways_data_as_of:2015-01
monthly_flash,2015-08,2015-16,,789,1058599.45,1262592.29,203992.84,228,426,263,43.58,518326.58,48.34,,11,32,2,789,0,789,Project Monitoring/monthly/2015-16/FR_aug_2015.pdf,source_railways_data_as_of:2015-01;source_nhai_data_incomplete
monthly_flash,2015-09,2015-16,,783,1035753.11,1246017.43,210264.32,228,423,255,44.42,508002.18,47.71,,6,6,0,783,0,783,Project Monitoring/monthly/2015-16/FR_sep_2015.pdf,source_railways_data_as_of:2015-01;source_nhai_data_incomplete
monthly_flash,2015-10,2015-16,,782,1020779.25,1222545.86,201766.61,224,416,250,44.3,487951.31,47.0,,7,6,0,782,0,782,Project Monitoring/monthly/2015-16/FR_oct_2015.pdf,source_railways_data_as_of:2015-01;source_nhai_data_incomplete
monthly_flash,2015-11,2015-16,,787,1020904.25,1232092.39,211188.14,228,398,230,45.03,485200.1,47.26,,1,4,0,787,0,787,Project Monitoring/monthly/2015-16/FR_nov_2015.pdf,source_railways_data_as_of:2015-01;source_nhai_data_incomplete
monthly_flash,2015-12,2015-16,,1058,1168413.82,1379878.25,211464.43,236,672,360,42.68,589925.05,49.77,,9,270,6,1058,0,1058,Project Monitoring/monthly/2015-16/FR_dec_2015.pdf,source_railways_data_as_of:2015-01
monthly_flash,2016-01,2015-16,,1063,1178671.5,1395087.12,216415.62,240,654,373,41.91,552163.36,48.4,,6,10,0,1063,0,1063,Project Monitoring/monthly/2015-16/FR_jan_2016.pdf,
monthly_flash,2016-02,2015-16,,1071,1266248.36,1426985.93,160737.57,238,649,374,41.95,566058.05,50.01,,2,10,0,1071,0,1071,Project Monitoring/monthly/2015-16/FR_feb_2016.pdf,
monthly_flash,2016-03,2015-16,,1076,1238517.07,1393627.86,155110.79,241,650,373,42.07,575677.42,49.91,,2,9,0,1076,0,1076,Project Monitoring/monthly/2015-16/FR_mar_2016.pdf,source_railways_data_as_of:2015-01
paimana_flash,2025-04,2025-26,,1670,2793673.76,3104364.43,310690.67,394,1662,990,31.08,1681479.95,54.17,65.41,34,26,0,1670,0,1670,Project Monitoring/Flash Reports monthly/2025-26/FRApril2025.pdf,
paimana_flash,2025-05,2025-26,,1637,2719583.76,3012166.88,292583.12,388,1629,976,31.11,1623159.43,53.89,65.82,40,15,8,1637,0,1637,Project Monitoring/Flash Reports monthly/2025-26/FR_May2025.pdf,
paimana_flash,2025-06,2025-26,,1595,2685568.07,2975429.26,289861.19,376,1588,947,30.82,1630750.12,54.81,65.78,42,5,5,1595,0,1595,Project Monitoring/Flash Reports monthly/2025-26/FR_JUNE_2025.pdf,
paimana_flash,2025-07,2025-26,,791,2386335.28,2899508.83,513173.55,189,528,370,34.35,1510700.4,52.1,46.88,0,0,0,791,0,791,Project Monitoring/Flash Reports monthly/2025-26/FlashReport_July_2025.pdf,scope_excludes:MoRTH
paimana_flash,2025-08,2025-26,,800,2375332.37,2907547.78,532215.41,190,550,396,34.18,1537609.41,52.88,49.17,0,0,0,800,0,800,Project Monitoring/Flash Reports monthly/2025-26/FlashReport_August_2025.pdf,scope_excludes:MoRTH
paimana_flash,2025-11,2025-26,,823,2418198.3,2954786.67,536588.37,201,572,433,31.68,1574941.92,53.3,50.84,13,21,0,823,0,823,Project Monitoring/Flash Reports monthly/2025-26/FlashReport_November_2025.pdf,scope_excludes:MoRTH
paimana_flash,2025-12,2025-26,,1392,2968247.55,3510919.7,542672.15,369,867,718,26.87,1901162.6,54.15,55.66,17,20,0,1392,0,1392,Project Monitoring/Flash Reports monthly/2025-26/FlashReport_December_2025.pdf,
paimana_flash,2026-01,2025-26,,1702,3371816.32,3924534.36,552718.04,459,934,782,26.94,2001892.91,51.01,57.34,3,203,0,1702,0,1702,Project Monitoring/Flash Reports monthly/2025-26/FlashReport_January_2026.pdf,
paimana_flash,2026-02,2025-26,,1948,3632088.32,4198684.29,566595.97,537,985,833,26.78,1971455.82,46.95,58.04,9,268,0,1948,0,1948,Project Monitoring/Flash Reports monthly/2025-26/FlashReport_February_2026.pdf,
paimana_flash,2026-03,2025-26,,1941,3588861.17,4150159.05,561297.88,533,1594,1196,30.38,1992963.63,48.02,60.3,25,12,0,1941,0,1941,Project Monitoring/Flash Reports monthly/2025-26/FlashReport_March_2026.pdf,
paimana_flash,2026-04,2026-27,,1981,3712662.01,4278402.37,565740.36,542,1627,1245,30.88,2036107.49,47.59,60.21,9,55,0,1981,0,1981,Project Monitoring/Flash Reports monthly/2025-26/FlashReport_April2026.pdf,
paimana_flash,2026-05,2026-27,,1987,3709724.65,4249554.14,539829.49,534,1635,1266,30.63,2181683.19,51.34,60.23,16,35,0,1987,0,1987,Project Monitoring/Flash Reports monthly/2025-26/FlashReport_May2026.pdf,
paimana_flash,2026-06,2026-27,,1847,3561721.07,4054473.3,492752.23,474,1539,1179,30.1,2196663.55,54.18,58.85,130,17,0,1847,0,1847,Project Monitoring/Flash Reports monthly/2025-26/FlashReport_June_2026.pdf,
paimana_flash,2026-07,2026-27,,1775,3370138.22,3710641.55,340503.33,482,1427,1110,30.24,1926099.57,51.91,59.0,25,36,0,1775,0,1775,Project Monitoring/Flash Reports monthly/2025-26/FlashReport_July_2026.pdf,
quarterly_qpisr,2014-06,2014-15,Q1,738,968840.75,1146582.97,177742.22,220,487,340,38.0,566202.27,50.17,45.24,11,0,0,738,0,738,Project Monitoring/Quaterly Reports/2014-15/april-june-2014.pdf,
quarterly_qpisr,2014-09,2014-15,Q2,767,971023.65,1150851.29,179827.64,225,498,353,38.31,545063.08,49.98,44.43,28,0,0,767,0,767,Project Monitoring/Quaterly Reports/2014-15/JULY-SEP-2014.pdf,
quarterly_qpisr,2014-12,2014-15,Q3,773,1049348.82,1259473.38,210124.56,237,511,363,39.3,581241.39,46.86,44.47,59,0,0,773,0,773,Project Monitoring/Quaterly Reports/2014-15/OCT-DEC-2014.pdf,
quarterly_qpisr,2015-03,2014-15,Q4,763,1043175.39,1251228.06,208052.67,233,496,356,39.56,558738.0,45.19,41.56,72,0,0,763,0,763,Project Monitoring/Quaterly Reports/2014-15/Jan-Mar-2015.pdf,
quarterly_qpisr,2015-06,2015-16,Q1,789,1097060.66,1315061.81,218001.15,237,503,353,41.14,586519.2,45.72,41.67,14,0,0,789,0,789,Project Monitoring/Quaterly Reports/2015-16/Apr-June-2015.pdf,
quarterly_qpisr,2015-09,2015-16,Q2,809,1097271.63,1317064.18,219792.55,235,441,272,43.84,553563.75,43.84,40.06,19,0,0,809,0,809,Project Monitoring/Quaterly Reports/2015-16/July-Sep-2015.pdf,
quarterly_qpisr,2015-12,2015-16,Q3,1084,1201355.84,1428435.92,227080.08,244,668,377,42.11,616829.79,43.68,47.94,51,0,0,1085,-1,1085,Project Monitoring/Quaterly Reports/2015-16/oct-dec_2015.pdf,
quarterly_qpisr,2016-03,2015-16,Q4,1088,1279706.93,1440851.94,161145.01,245,651,379,42.05,617932.24,44.27,29.7,61,0,0,1088,0,1088,Project Monitoring/Quaterly Reports/2015-16/jan-mar_2016.pdf,
quarterly_qpisr,2016-06,2016-17,Q1,1173,1368754.31,1543063.01,174308.7,269,666,390,42.49,650474.98,44.24,35.29,38,0,0,1173,0,1173,Project Monitoring/Quaterly Reports/2016-17/April-Jun_2016.pdf,
quarterly_qpisr,2016-09,2016-17,Q2,1222,1481983.5,1659834.95,177851.45,282,711,400,41.84,665701.41,42.98,32.69,67,0,0,1222,0,1222,Project Monitoring/Quaterly Reports/2016-17/july-sep_2016.pdf,
quarterly_qpisr,2016-12,2016-17,Q3,1210,1472116.07,1640928.91,168812.84,293,737,388,42.22,704942.05,43.98,34.22,85,0,0,1210,0,1210,Project Monitoring/Quaterly Reports/2016-17/Oct-Dec_2016.pdf,
quarterly_qpisr,2017-03,2016-17,Q4,1250,1569677.13,1740001.93,170324.8,322,777,390,43.08,753312.42,44.25,36.05,96,0,0,1250,0,1250,Project Monitoring/Quaterly Reports/2016-17/Jan-March_2017.pdf,
quarterly_qpisr,2017-06,2017-18,Q1,1265,1584393.23,1757681.42,173288.19,335,762,373,43.27,697084.95,43.57,28.94,13,0,0,1265,0,1265,Project Monitoring/Quaterly Reports/2017-18/Apr-June_2017.pdf,
quarterly_qpisr,2017-09,2017-18,Q2,1290,1618402.88,1823659.58,205256.7,358,748,364,43.42,744697.18,43.66,30.8,27,0,0,1290,0,1290,Project Monitoring/Quaterly Reports/2017-18/july-sep_2017.pdf,
quarterly_qpisr,2017-12,2017-18,Q3,1324,1637086.42,1864110.07,227023.65,366,764,368,43.62,680772.86,39.69,31.95,47,0,0,1324,0,1324,Project Monitoring/Quaterly Reports/2017-18/Oct-Dec_2017.pdf,
quarterly_qpisr,2018-03,2017-18,Q4,1361,1586508.01,1889170.75,302662.74,372,802,337,45.89,704138.76,40.38,32.48,90,0,0,1361,0,1361,Project Monitoring/Quaterly Reports/2017-18/Jan-March_2018.pdf,
quarterly_qpisr,2021-06,2021-22,Q1,1779,2286638.23,2732649.5,446011.27,478,874,615,44.77,1334150.5,48.9,35.97,9,0,0,1779,0,1779,Project Monitoring/Quaterly Reports/2021-22/QPSIR1stqtr2021-22.pdf,
quarterly_qpisr,2021-09,2021-22,Q2,1873,2343254.83,2798204.53,454949.7,507,1017,704,45.54,1419573.95,50.73,48.62,160,0,0,1873,0,1873,Project Monitoring/Quaterly Reports/2021-22/QPSIR_2nd_qtr_2021-22.pdf,
quarterly_qpisr,2021-12,2021-22,Q3,1703,2242574.43,2684961.59,442387.16,454,993,700,44.25,1323377.9,49.29,50.43,0,0,0,1703,0,1703,Project Monitoring/Quaterly Reports/2021-22/QPSIR_3qtr_21-22.pdf,
quarterly_qpisr,2022-03,2021-22,Q4,1759,2359192.42,2862054.68,502862.26,503,1168,844,43.8,1484115.08,51.85,55.1,272,0,0,1759,0,1759,Project Monitoring/Quaterly Reports/2021-22/QPSIR_4th_QTR_2021-22.pdf,
quarterly_qpisr,2022-06,2022-23,Q1,1684,2281697.78,2797876.8,516179.02,462,1285,972,41.87,1444626.33,51.63,57.48,87,0,0,1684,0,1684,Project Monitoring/Quaterly Reports/2022-23/QPSIR_1st_QTR_2022-23.pdf,
quarterly_qpisr,2022-09,2022-23,Q2,1566,2151059.46,2607451.19,456391.73,393,1265,943,40.57,1399410.6,53.67,59.72,116,0,0,1566,0,1566,Project Monitoring/Quaterly Reports/2022-23/QPSIR_2nd_QTR_2022-23.pdf,
quarterly_qpisr,2022-12,2022-23,Q3,1575,2158829.15,2620737.79,461908.64,394,1375,1067,40.64,1454044.83,55.66,62.55,229,0,0,1575,0,1575,Project Monitoring/Quaterly Reports/2022-23/QPSIR_3rd_QTR_2022-23.pdf,
quarterly_qpisr,2023-03,2022-23,Q4,1566,2162319.31,2629193.77,466874.46,384,1417,1080,37.8,1471873.93,55.98,60.69,329,0,0,1566,0,1566,Project Monitoring/Quaterly Reports/2022-23/QPSIR_4th_QTR_2022-23.pdf,period_mismatch_cover
quarterly_qpisr,2023-06,2023-24,Q1,1753,2479664.21,2971948.69,492284.48,448,1685,1107,36.72,1584594.23,53.32,57.96,83,0,0,1753,0,1753,Project Monitoring/Quaterly Reports/2023-24/QPSR_1st_QTR_2023-24.pdf,
quarterly_qpisr,2023-09,2023-24,Q2,1812,2516068.25,2950803.92,434735.67,404,1792,1089,36.96,1329849.22,52.28,,0,0,0,1844,-32,1844,Project Monitoring/Quaterly Reports/2023-24/QPSR_2nd_QTR_2023-24.pdf,report_partial
quarterly_qpisr,2023-12,2023-24,Q3,1897,2643763.84,3131126.02,487362.18,426,1846,1072,35.84,1418277.44,51.45,,0,0,0,1897,0,1897,Project Monitoring/Quaterly Reports/2023-24/QPSR_3rd_QTR_2023-24.pdf,
quarterly_qpisr,2024-03,2023-24,Q4,1952,2755676.4,3225496.3,469819.9,454,1910,1099,36.16,1454483.71,51.95,,65,128,0,1952,0,1872,Project Monitoring/Quaterly Reports/2023-24/QPSR-4th_QTR_2023-2024 Part_II.pdf,
quarterly_qpisr,2024-06,2024-25,Q1,1933,2857036.69,3440458.14,583421.45,497,1898,1194,35.57,1795109.52,52.18,57.08,105,58,18,1933,0,1933,Project Monitoring/Quaterly Reports/2024-25/QPISR_1st_QTR_2024-25 PART2.pdf,
quarterly_qpisr,2024-09,2024-25,Q2,1862,2813559.79,3416455.89,602896.1,476,1825,1160,34.99,1809017.42,52.95,57.07,50,45,20,1862,0,1862,Project Monitoring/Quaterly Reports/2024-25/QPISR_2nd_QTR_2024-25 PART2.pdf,
quarterly_qpisr,2024-12,2024-25,Q3,1856,2801563.54,3398635.89,597072.35,472,1814,1156,35.17,1864602.02,54.86,58.58,96,57,36,1856,0,1856,Project Monitoring/Quaterly Reports/2024-25/QPISR_3rd_QTR_2024-25.pdf,
quarterly_qpisr,2025-03,2024-25,Q4,1773,2672909.7,3211901.18,538991.48,478,1741,1089,34.59,1778240.05,56.92,60.96,77,39,8,1773,0,1773,Project Monitoring/Quaterly Reports/2024-25/QPISR_4th_QTR_2024-25.pdf,
quarterly_qpisr,2025-06,2025-26,Q1,1734,2842540.23,3158147.58,315607.35,410,1718,1048,31.23,1774657.72,57.33,61.21,116,46,13,1734,0,1734,Project Monitoring/Quaterly Reports/2025-26/QPISR_QR_1st_2025-26.pdf,
